date,log_return,vol_20,vol_60,vol_change,max_drawdown_60
2014-06-18,,0.035353388452878526,0.030915775458443616,0.05249755588740916,-0.12598425196850394
2014-06-19,0.0,0.035353388452878526,0.030915775458443616,0.05249755588740916,-0.12598425196850394
2014-06-20,0.0,0.035353388452878526,0.030915775458443616,0.05249755588740916,-0.12598425196850394
2014-06-23,0.0,0.035353388452878526,0.030915775458443616,0.05249755588740916,-0.12598425196850394
2014-06-24,0.026597312519266225,0.035353388452878526,0.030915775458443616,0.05249755588740916,-0.12598425196850394
2014-06-25,-0.05115516330092973,0.035353388452878526,0.030915775458443616,0.05249755588740916,-0.12598425196850394
2014-06-26,-0.053913764659832,0.035353388452878526,0.030915775458443616,0.05249755588740916,-0.12598425196850394
2014-06-27,-0.05698693137360955,0.035353388452878526,0.030915775458443616,0.05249755588740916,-0.12598425196850394
2014-06-30,0.0,0.035353388452878526,0.030915775458443616,0.05249755588740916,-0.12598425196850394
2014-07-01,0.05698693137360955,0.035353388452878526,0.030915775458443616,0.05249755588740916,-0.12598425196850394
2014-07-02,0.025900728432157294,0.035353388452878526,0.030915775458443616,0.05249755588740916,-0.12598425196850394
2014-07-03,-0.025900728432157294,0.035353388452878526,0.030915775458443616,0.05249755588740916,-0.12598425196850394
2014-07-04,0.0,0.035353388452878526,0.030915775458443616,0.05249755588740916,-0.12598425196850394
2014-07-07,0.053913764659832,0.035353388452878526,0.030915775458443616,0.05249755588740916,-0.12598425196850394
2014-07-08,0.05115516330092973,0.035353388452878526,0.030915775458443616,0.05249755588740916,-0.12598425196850394
2014-07-09,-0.05115516330092973,0.035353388452878526,0.030915775458443616,0.05249755588740916,-0.12598425196850394
2014-07-10,0.0,0.035353388452878526,0.030915775458443616,0.05249755588740916,-0.12598425196850394
2014-07-11,0.0,0.035353388452878526,0.030915775458443616,0.05249755588740916,-0.12598425196850394
2014-07-14,-0.028013036227674704,0.035353388452878526,0.030915775458443616,0.05249755588740916,-0.12598425196850394
2014-07-15,0.028013036227674704,0.035353388452878526,0.030915775458443616,0.05249755588740916,-0.12598425196850394
2014-07-16,0.0,0.035353388452878526,0.030915775458443616,0.05249755588740916,-0.12598425196850394
2014-07-17,-0.053913764659832,0.0372589361425014,0.030915775458443616,0.05249755588740916,-0.12598425196850394
2014-07-18,0.0,0.0372589361425014,0.030915775458443616,0.0,-0.12598425196850394
2014-07-21,0.025900728432157294,0.03784795807168033,0.030915775458443616,0.01568521384521695,-0.12598425196850394
2014-07-22,-0.055488685617653744,0.038946676734268,0.030915775458443616,0.028616409374626024,-0.12598425196850394
2014-07-23,0.02958795718549645,0.03827869722056402,0.030915775458443616,-0.01729990976293387,-0.12598425196850394
2014-07-24,0.0,0.03633075776685408,0.030915775458443616,-0.052228815200423793,-0.12598425196850394
2014-07-25,0.053913764659832,0.03563173533134909,0.030915775458443616,-0.019428015846326648,-0.12598425196850394
2014-07-28,-0.053913764659832,0.03803188234073086,0.030915775458443616,0.06518811655884284,-0.12598425196850394
2014-07-29,0.0,0.035833623274937915,0.030915775458443616,-0.059538150531004315,-0.12598425196850394
2014-07-30,-0.05698693137360955,0.037437714582359165,0.030915775458443616,0.043791945390728365,-0.12598425196850394
2014-07-31,0.0,0.0370918929619909,0.030915775458443616,-0.00928017792801858,-0.12598425196850394
2014-08-01,0.0,0.0370918929619909,0.030915775458443616,0.0,-0.12598425196850394
2014-08-04,0.0,0.0346266517562398,0.030915775458443616,-0.06877474047479772,-0.12598425196850394
2014-08-05,0.0273989741881131,0.03294594668983277,0.030915775458443616,-0.04975541337238667,-0.12598425196850394
2014-08-06,0.0,0.0312581937792316,0.030915775458443616,-0.052586680278254375,-0.12598425196850394
2014-08-07,0.0,0.0312581937792316,0.030915775458443616,0.0,-0.12598425196850394
2014-08-08,0.0,0.0312581937792316,0.030915775458443616,0.0,-0.12598425196850394
2014-08-11,0.055488685617653744,0.033409193344677166,0.030915775458443616,0.06654954860253577,-0.12598425196850394
2014-08-12,-0.025900728432157294,0.03320438511982856,0.030915775458443616,-0.006149160979829932,-0.12598425196850394
2014-08-13,0.0,0.03320438511982856,0.030915775458443616,0.0,-0.12598425196850394
2014-08-14,0.0,0.03093859224651479,0.030915775458443616,-0.07067758242352036,-0.12598425196850394
2014-08-15,-0.05698693137360955,0.03346000609033311,0.030915775458443616,0.07834650857678564,-0.12598425196850394
2014-08-18,0.0,0.03278308109888575,0.030915775458443616,-0.02043830925266249,-0.12598425196850394
2014-08-19,0.0,0.03047593227008664,0.030915775458443616,-0.07297527285419128,-0.12598425196850394
2014-08-20,0.0273989741881131,0.030362620641215442,0.030915775458443616,-0.0037249972992841837,-0.12598425196850394
2014-08-21,0.0,0.030362620641215442,0.030915775458443616,0.0,-0.12598425196850394
2014-08-22,0.0,0.02743829189003547,0.030915775458443616,-0.10127268056622825,-0.12598425196850394
2014-08-25,0.02958795718549645,0.02577403573486993,0.030915775458443616,-0.06257191014662015,-0.12598425196850394
2014-08-26,0.025900728432157294,0.02641672395904099,0.030915775458443616,0.024629665109220784,-0.12598425196850394
2014-08-27,0.0,0.022596619008530248,0.030915775458443616,-0.1561969351930838,-0.12598425196850394
2014-08-28,-0.025900728432157294,0.02356796113043466,0.030915775458443616,0.042087898533559195,-0.12598425196850394
2014-08-29,-0.05698693137360955,0.027109342834856002,0.030915775458443616,0.13999015662989744,-0.12598425196850394
2014-09-03,0.0,0.027109342834856002,0.030915775458443616,0.0,-0.12598425196850394
2014-09-04,0.0273989741881131,0.027109342834856002,0.030915775458443616,0.0,-0.12598425196850394
2014-09-05,-0.0273989741881131,0.027793014558802415,0.030915775458443616,0.024906282659316957,-0.12598425196850394
2014-09-08,0.0,0.027793014558802415,0.030915775458443616,0.0,-0.12598425196850394
2014-09-09,0.0273989741881131,0.0285295972659043,0.030915775458443616,0.02615732541598799,-0.12598425196850394
2014-09-10,0.0,0.02537287874440327,0.030915775458443616,-0.11726116776766099,-0.12598425196850394
2014-09-11,0.0,0.02478455180734402,0.030915775458443616,-0.02346028014531171,-0.12598425196850394
2014-09-12,0.0,0.02478455180734402,0.030915775458443616,0.0,-0.12598425196850394
2014-09-15,0.02958795718549645,0.025742066461501435,0.03117983838562473,0.03790591796014205,-0.09973753280839892
2014-09-16,0.0,0.02198149923495387,0.03117983838562473,-0.15792525889543313,-0.09973753280839892
2014-09-17,0.0,0.02198149923495387,0.03117983838562473,0.0,-0.09973753280839892
2014-09-18,-0.02958795718549645,0.023148067331126582,0.03117126260269079,0.05171011380321105,-0.12598425196850394
2014-09-19,-0.0273989741881131,0.023148067331126582,0.03068657504245431,0.0,-0.14960629921259838
2014-09-22,0.0,0.023148067331126582,0.029915828509664844,0.0,-0.14960629921259838
2014-09-23,0.0,0.023148067331126582,0.028997096802323753,0.0,-0.14960629921259838
2014-09-24,0.0,0.02198149923495387,0.028997096802323753,-0.05171011380321099,-0.14960629921259838
2014-09-25,0.0,0.020936683294812217,0.028015561727338316,-0.04869833098883235,-0.14960629921259838
2014-09-26,0.05698693137360955,0.025011613732399768,0.02879708001498136,0.17783738646874186,-0.09973753280839892
2014-09-29,0.0,0.0243318399393254,0.02860229049978281,-0.027554476884286125,-0.09973753280839892
2014-09-30,0.025900728432157294,0.020936683294812217,0.02879708001498136,-0.15028290958445573,-0.07611548556430447
2014-10-01,0.0,0.020936683294812217,0.027928008286767572,0.0,-0.07611548556430447
2014-10-02,0.05257088700933821,0.02305738660081937,0.027972923090211075,0.09648333207212867,0.0
2014-10-03,0.04994467651625634,0.023742157915071126,0.027911324767823716,0.02926609238475618,0.0
2014-10-06,0.05001042057466165,0.025297068612267066,0.028611554599641088,0.06343621509854593,0.0
2014-10-07,0.06606175067809339,0.02789777204761788,0.02977767237440637,0.09785826997070558,0.0
2014-10-08,0.06411034729245024,0.029854863280130896,0.03050829973675405,0.06780089631302115,0.0
2014-10-09,0.05822850489979281,0.03093861853974871,0.031142240282002014,0.03565743223690902,0.0
2014-10-10,0.05693392175235168,0.03163044376988201,0.03184020192495553,0.022114865685162695,0.0
2014-10-13,0.052056361956054786,0.032281481833097043,0.031387056766078725,0.02037367433213867,0.0
2014-10-14,0.06657449062266885,0.03312068089025083,0.03226639001701787,0.025664131778989123,0.0
2014-10-15,0.01680711831638071,0.03260558638948074,0.03220715229965079,-0.015674247484065183,0.0
2014-10-16,-0.06542780532245374,0.03666681293464208,0.03256742155374339,0.11738839694078985,-0.06333333333333335
2014-10-17,-0.0700101655726506,0.04093298672676734,0.03399295701834702,0.11006416475457836,-0.1266666666666667
2014-10-20,-0.05693392175235168,0.044515617826992544,0.03497393857242966,0.08390381092018026,-0.17500000000000004
2014-10-21,0.0,0.044515617826992544,0.03441311884632317,0.0,-0.17500000000000004
2014-10-22,-0.05822850489979281,0.04776036796675787,0.034543036617025916,0.07035606828601354,-0.22166666666666668
2014-10-23,-0.041536025253911646,0.04946954374210382,0.03506019383545341,0.035161021490885506,-0.2533333333333333
2014-10-24,0.060624621816435464,0.04963380264268555,0.03485420444485067,0.0033149035595491307,-0.20666666666666667
2014-10-27,-0.060624621816435464,0.052457974646021456,0.03590608403714802,0.05534024875557266,-0.2533333333333333
2014-10-28,0.041536025253911646,0.05277038290097294,0.03619939948130942,0.005937736190703733,-0.22166666666666668
2014-10-29,0.0,0.05277038290097294,0.03619939948130942,0.0,-0.22166666666666668
2014-10-30,0.05822850489979281,0.05300192317068137,0.03672197750496776,0.004378094878861792,-0.17500000000000004
2014-10-31,0.05693392175235168,0.05327085345178069,0.03727971351191146,0.00506114196113794,-0.1266666666666667
2014-11-03,-0.03693325504568179,0.05378847130388655,0.03770903283545145,0.009669812319774611,-0.15833333333333333
2014-11-04,0.017664836179806187,0.05221925918634048,0.03772288489366751,-0.029607773812949916,-0.1433333333333333
2014-11-05,-0.017664836179806187,0.050776164577295245,0.03731685055747334,-0.028024328089879282,-0.15833333333333333
2014-11-06,0.0,0.0491408228529535,0.03709051113855083,-0.03273692465956805,-0.15833333333333333
2014-11-07,0.05396299489048495,0.04896702598664892,0.03758252234534761,-0.003542978767387668,-0.11166666666666669
2014-11-10,0.05298042572784745,0.049018292710350256,0.03802675540300655,0.0010464163120954585,-0.06333333333333335
2014-11-11,0.03324890695821914,0.047200968304566784,0.03717870007222245,-0.03777913390028587,-0.03166666666666662
2014-11-12,0.015371780047853889,0.047173922203073704,0.0371634504711026,-0.0005731629749479955,-0.01666666666666672
2014-11-13,-0.06657449062266885,0.04725717538658806,0.03843872654223746,0.0017632578584142588,-0.07999999999999996
2014-11-14,-0.01643872634316068,0.04457581742321847,0.038497340706208125,-0.058412987979838876,-0.09499999999999997
2014-11-17,0.0,0.042393356166234575,0.038497340706208125,-0.050199834418504945,-0.09499999999999997
2014-11-18,0.05027988972207531,0.043578756309911836,0.038862446578783245,0.02757812883243853,-0.04833333333333334
2014-11-19,0.04954044556013493,0.04169233309778555,0.039126181186568146,-0.04425252729931567,0.0
2014-11-20,0.031175617468450767,0.03985957856725215,0.03916997056686479,-0.04495450040075597,0.0
2014-11-21,-0.014646315517239827,0.03898475963173967,0.03927509034283549,-0.022191945192987804,-0.014539579967689842
2014-11-24,-0.01652930195121094,0.035750102098407906,0.03915172166258707,-0.0866176428379815,-0.030694668820678506
2014-11-25,0.0,0.035307104787327064,0.038195463130900636,-0.012468909075611184,-0.030694668820678506
2014-11-26,0.0,0.035307104787327064,0.038195463130900636,0.0,-0.030694668820678506
2014-11-27,-0.04954044556013493,0.03617859583330506,0.03889575413162697,0.024383449363668857,-0.07754442649434568
2014-11-28,0.0,0.034242613923327773,0.0386211921708487,-0.05499676343083807,-0.07754442649434568
2014-12-01,0.0,0.032870607124521126,0.0386211921708487,-0.04089201940821655,-0.07754442649434568
2014-12-02,0.03273332724375422,0.03331827639310822,0.03866933462820979,0.013527224993967238,-0.04684975767366717
2014-12-03,0.0,0.03286399223857304,0.03866933462820979,-0.01372848533545869,-0.04684975767366717
2014-12-04,-0.03273332724375422,0.03406488235885685,0.03903528076731037,0.03588940248318806,-0.07754442649434568
2014-12-05,0.06606974751134587,0.03505265051230202,0.03970362598260219,0.028584212454039973,-0.014539579967689842
2014-12-08,-0.01652930195121094,0.03364500210687869,0.039766082739972966,-0.04098670031758556,-0.030694668820678506
2014-12-09,0.0,0.03289897867973068,0.039766082739972966,-0.02242289840110174,-0.030694668820678506
2014-12-10,0.01652930195121094,0.032925472138689474,0.03975767643456249,0.0008049729852743273,-0.014539579967689842
2014-12-11,0.0,0.0287657884647313,0.0394457014218371,-0.1350597629324586,-0.014539579967689842
2014-12-12,0.0,0.02835299762458898,0.03916193840400284,-0.014454014536296599,-0.014539579967689842
2014-12-15,0.0,0.02835299762458898,0.03916193840400284,0.0,-0.014539579967689842
2014-12-16,0.0,0.02636234458529393,0.03916193840400284,-0.07279608377578085,-0.014539579967689842
2014-12-17,0.0,0.024011877508308244,0.03916193840400284,-0.0933880092544871,-0.014539579967689842
2014-12-18,0.0,0.022925337633632633,0.03916193840400284,-0.04630583858620755,-0.014539579967689842
2014-12-19,0.0,0.022690204443867972,0.03870488865647432,-0.01030943220402845,-0.014539579967689842
2014-12-22,0.0,0.022355010579571087,0.03870488865647432,-0.014882819511217222,-0.014539579967689842
2014-12-23,-0.03333642026759165,0.023626520901581117,0.0390360195060636,0.05531934108154609,-0.04684975767366717
2014-12-24,-0.03273332724375422,0.024675706351305213,0.039385534757365864,0.043449345012046385,-0.07754442649434568
2014-12-25,0.0,0.022049437557928996,0.03896107583302636,-0.11253206884252508,-0.07754442649434568
2014-12-26,0.0,0.022049437557928996,0.038563565230880885,0.0,-0.07754442649434568
2014-12-29,-0.03384116337891463,0.02331177628502233,0.038473930297661586,0.05567153429887674,-0.10823909531502418
2014-12-30,0.0,0.021872262802712487,0.03763165290232014,-0.06373932922020326,-0.10823909531502418
2014-12-31,0.01795380361659582,0.02237864391527526,0.03684252880910039,0.022887801708853957,-0.09208400646203552
2015-01-05,0.0,0.02121243156368528,0.03612532012435099,-0.05351967855344082,-0.09208400646203552
2015-01-06,0.0,0.014255079069361321,0.035401499699809644,-0.39747390511667763,-0.09208400646203552
2015-01-07,0.0,0.013972772337985948,0.03476535337669008,-0.02000265198595495,-0.09208400646203552
2015-01-08,0.0,0.013972772337985948,0.03365905019077216,0.0,-0.09208400646203552
2015-01-09,0.0,0.013207857829043943,0.03357979153952599,-0.05629861896695303,-0.09208400646203552
2015-01-12,-0.01795380361659582,0.013521095779331117,0.0325826347781738,0.023439156001072225,-0.10823909531502418
2015-01-13,0.0,0.013521095779331117,0.03127105172323143,0.0,-0.10823909531502418
2015-01-14,0.0,0.013521095779331117,0.030337243843895724,0.0,-0.10823909531502418
2015-01-15,0.03384116337891463,0.016058534143919095,0.030616198625567,0.1719891976635984,-0.07754442649434568
2015-01-16,0.01736154719590033,0.016702841417783002,0.029618904636346432,0.039338395081512476,-0.06138933764135701
2015-01-19,0.015371780047853889,0.017167998890300372,0.02905349736839831,0.02746825530205912,-0.04684975767366717
2015-01-20,0.01680711831638071,0.017658228606417792,0.028158002496724132,0.028154747311029696,-0.030694668820678506
2015-01-21,0.04720160148429464,0.0206716947192013,0.027403539063323094,0.15756339236321565,0.0
2015-01-22,-0.06400871980067535,0.024226887065613125,0.028429616135671913,0.1586976215489625,-0.062003179650238494
2015-01-23,0.01680711831638071,0.02321546082752064,0.0284733395588825,-0.04264456250969327,-0.04610492845786962
2015-01-26,-0.01680711831638071,0.023610672525522812,0.027696298719698077,0.016880356560217108,-0.062003179650238494
2015-01-27,0.047982735784831476,0.025774299329411186,0.027423215656637755,0.08767897439758972,-0.015898251192368873
2015-01-28,0.0,0.02422084520789784,0.02692677248295058,-0.06216418591179699,-0.015898251192368873
2015-01-29,0.016025984015843875,0.02428638218889417,0.026912876984232007,0.002702153776630071,0.0
2015-01-30,0.0,0.02417341879737651,0.026775190148674896,-0.004662154908125325,0.0
2015-02-02,0.014207026644349696,0.024207941365701164,0.026805081319455925,0.0014271016687575986,0.0
2015-02-03,-0.014207026644349696,0.02460895062120401,0.02608195651027063,0.01642948148245881,-0.014106583072100332
2015-02-04,0.02975943965183525,0.02514439646201746,0.02548969155464585,0.021524835223977242,0.0
2015-02-05,-0.015552413007485555,0.0256122970906752,0.02526539085734589,0.018437516961025385,-0.015432098765432056
2015-02-06,-0.06140862812864434,0.029757935030814538,0.026469699856866962,0.1500231745030032,-0.07407407407407407
2015-02-09,0.06140862812864434,0.031986567115590996,0.02614568599360178,0.0722201934650203,-0.015432098765432056
2015-02-10,-0.06140862812864434,0.03547517638519169,0.027313726597182775,0.10351712735755018,-0.07407407407407407
2015-02-11,0.0,0.03547517638519169,0.027313726597182775,0.0,-0.07407407407407407
2015-02-12,0.0,0.03478578215378321,0.026557719911280423,-0.01962444504744433,-0.07407407407407407
2015-02-13,0.06140862812864434,0.0370954245867313,0.026967731666909706,0.06428487310789928,-0.015432098765432056
2015-02-24,0.057854792698174506,0.03891177407462153,0.027683758443826957,0.04780323217932336,0.0
2015-02-25,0.0,0.03886582130512947,0.027603716041929627,-0.0011816452488192944,0.0
2015-02-26,0.0,0.03764378815957674,0.02750086829373589,-0.03194727485006809,0.0
2015-02-27,0.0,0.03415199034944956,0.02750086829373589,-0.09734705747243065,0.0
2015-03-02,-0.013403030127340898,0.03435374101089272,0.027571631790148658,0.005890052753524096,-0.013313609467455634
2015-03-03,-0.058658789215183305,0.0369475093804448,0.02788258847933241,0.07278729820516887,-0.06952662721893488
2015-03-04,-0.06400871980067535,0.038266216019055735,0.029141422487541677,0.035069169323047426,-0.1272189349112426
2015-03-05,-0.03273332724375422,0.03885370415010817,0.02945650523211881,0.015235994593846756,-0.1553254437869822
2015-03-06,-0.05027988972207531,0.039867420409005594,0.029840025358511844,0.02575603551801642,-0.19674556213017746
2015-03-09,0.0,0.039867420409005594,0.029840025358511844,0.0,-0.19674556213017746
2015-03-10,0.0,0.03958867923484402,0.029555018432820438,-0.007016258002439434,-0.19674556213017746
2015-03-11,0.0,0.039600062319962256,0.028220604938776487,0.00028749244143074935,-0.19674556213017746
2015-03-12,0.0,0.038680676035615355,0.02815636861847882,-0.023490537908159664,-0.19674556213017746
2015-03-13,0.0,0.03869493747848142,0.02815636861847882,0.0003686287886731169,-0.19674556213017746
2015-03-16,0.0,0.03661979612715986,0.02805603182903892,-0.05511979034774439,-0.19674556213017746
2015-03-17,0.05027988972207531,0.03562889699497702,0.028854470856800287,-0.027431942443270914,-0.1553254437869822
2015-03-18,-0.05027988972207531,0.034787532024793136,0.02954383385677844,-0.023897967715737496,-0.19674556213017746
2015-03-19,0.0,0.034787532024793136,0.02954383385677844,0.0,-0.19674556213017746
2015-03-20,0.0,0.034787532024793136,0.02954383385677844,0.0,-0.19674556213017746
2015-03-23,0.05027988972207531,0.03374286912904617,0.030303096960390373,-0.03048992860592626,-0.1553254437869822
2015-03-24,0.0,0.03032856363254279,0.030303096960390373,-0.10667911396457573,-0.1553254437869822
2015-03-25,0.06606974751134587,0.03459452916192141,0.03151979429186159,0.1316055495937464,-0.09763313609467461
2015-03-26,0.06043173918491895,0.0375773469024836,0.03247097191672132,0.08270581703677578,-0.041420118343195256
2015-03-27,-0.06043173918491895,0.0397643305598542,0.03313825681944071,0.05656888588606676,-0.09763313609467461
2015-03-30,-0.01652930195121094,0.03980465997719276,0.03292772378694079,0.0010136966771319839,-0.1124260355029586
2015-03-31,-0.06542780532245374,0.04030789675230205,0.03402077127284855,0.012563405518632895,-0.16863905325443784
2015-04-01,-0.05298042572784745,0.03953528965202225,0.034694659853251895,-0.01935371213067461,-0.21153846153846156
2015-04-02,-0.05396299489048495,0.04058781694938118,0.03511078996083383,0.026274257911681413,-0.2529585798816568
2015-04-03,0.05396299489048495,0.041308262747868064,0.03583314195372296,0.017594595755911418,-0.21153846153846156
2015-04-06,0.05298042572784745,0.0430337306818719,0.03642076699875381,0.04092168645064705,-0.16863905325443784
2015-04-07,0.04862068700607303,0.044286561673789665,0.03695770269997704,0.028697033588746017,-0.1272189349112426
2015-04-08,0.01680711831638071,0.04436305084289718,0.037015106320790976,0.0017256515547172519,-0.1124260355029586
2015-04-09,0.0,0.04436305084289718,0.037015106320790976,0.0,-0.1124260355029586
2015-04-10,-0.06542780532245374,0.04707965573139904,0.03799846384009861,0.059434022187024184,-0.16863905325443784
2015-04-13,0.01588735976231881,0.04718303265085415,0.03805377849234209,0.002193379814224955,-0.1553254437869822
2015-04-14,0.0,0.04582395884914753,0.03797860549867823,-0.029227270623775326,-0.1553254437869822
2015-04-15,0.0,0.04427331274776791,0.03797860549867823,-0.034424991195866964,-0.1553254437869822
2015-04-16,-0.06886778549016626,0.047068985185777665,0.03902226771395925,0.06123220760424975,-0.21153846153846156
2015-04-17,0.05298042572784745,0.04859031561506815,0.03938498539097507,0.031809941719805,-0.16863905325443784
2015-04-20,-0.0700101655726506,0.04969535385242173,0.040326201029481194,0.022487196431292635,-0.2248520710059172
2015-04-21,0.052056361956054786,0.05127041752056196,0.04086425605745708,0.03120247826733867,-0.18343195266272194
2015-04-22,0.0,0.048740666430072875,0.04079690775089661,-0.05060019793510551,-0.18343195266272194
2015-04-23,-0.01643872634316068,0.046278426310132105,0.040336871966294645,-0.051837812275986946,-0.19674556213017746
2015-04-24,0.01643872634316068,0.044940821885211354,0.03958604333598318,-0.0293293365550368,-0.18343195266272194
2015-04-27,0.0,0.0448694826603468,0.03951651662158607,-0.0015886645601090297,-0.18343195266272194
2015-05-04,0.0,0.04249015302822107,0.039464911757304995,-0.05448552206484356,-0.18343195266272194
2015-05-05,0.0,0.04068537640619152,0.03893586211332455,-0.04340361936684304,-0.18343195266272194
2015-05-06,-0.07132478082193039,0.042097416876414155,0.0399521235662596,0.034117647881944276,-0.23964497041420119
2015-05-07,-0.05601464155467184,0.04198170814949285,0.04044709880643825,-0.002752378129735375,-0.28106508875739644
2015-05-08,0.05601464155467184,0.04220568463501923,0.04118767049300958,0.00532091452999202,-0.23964497041420119
2015-05-11,-0.05601464155467184,0.041761949665550836,0.04167469521541213,-0.01056928656523792,-0.28106508875739644
2015-05-12,0.0,0.041367818513142154,0.041659170198180884,-0.009482379643891786,-0.28106508875739644
2015-05-13,-0.020790769669073228,0.04135034513812466,0.04146943798606104,-0.00042247966543999013,-0.29585798816568043
2015-05-14,0.0,0.0394081631454622,0.04145186112464611,-0.048107774989787334,-0.29585798816568043
2015-05-15,-0.01908859656252382,0.039052575164164494,0.04082909173939179,-0.009064159549759157,-0.30917159763313606
2015-05-18,0.01908859656252382,0.03954139731825923,0.04003470114942219,0.01243933389510401,-0.29585798816568043
2015-05-19,0.020790769669073228,0.04006303959333756,0.03947002310528382,0.013106043608595014,-0.28106508875739644
2015-05-20,-0.020790769669073228,0.037588294718765874,0.039529885168815546,-0.06376149568749902,-0.29585798816568043
2015-05-21,-0.060624621816435464,0.03683742259981749,0.04019873145909653,-0.02017843889782868,-0.3372781065088757
2015-05-22,0.060624621816435464,0.03746238160831973,0.0401769440168898,0.016823020900544283,-0.29585798816568043
2015-05-25,-0.01908859656252382,0.03508117148049338,0.03936019513647776,-0.06567269276003919,-0.30917159763313606
2015-05-26,0.01908859656252382,0.03557677853568318,0.03948780410166785,0.014028571243665211,-0.29585798816568043
2015-05-27,0.03913990833726899,0.036977215673742014,0.03990708649076986,0.0386087830172111,-0.2677514792899408
2015-05-28,-0.03913990833726899,0.03739676150508285,0.04013996244980419,0.011282176499613519,-0.2863568215892054
2015-05-29,0.0,0.03739676150508285,0.04013448965555958,0.0,-0.26543209876543206
2015-06-01,0.05914057504393888,0.04024308725201288,0.04037663261510966,0.07335411501200544,-0.220679012345679
2015-06-02,0.0,0.04024308725201288,0.03959309124611821,0.0,-0.220679012345679
2015-06-03,0.0,0.0370374961324301,0.03939576866379647,-0.0830074138396936,-0.220679012345679
2015-06-04,0.017664836179806187,0.03486581266470426,0.03895995261298233,-0.06042402236072266,-0.20679012345679015
2015-06-05,-0.017664836179806187,0.03277720566503958,0.03901962213313627,-0.06177342645812117,-0.220679012345679
2015-06-08,0.017664836179806187,0.030301715862617096,0.03909546972395466,-0.07852895959887667,-0.20679012345679015
2015-06-09,0.0,0.030301715862617096,0.03909546972395466,0.0,-0.20679012345679015
2015-06-10,0.019268418865875603,0.029982516417981137,0.039182153013655824,-0.010589910818787455,-0.191358024691358
2015-06-11,0.0,0.029982516417981137,0.039182153013655824,0.0,-0.191358024691358
2015-06-12,0.035617635612894105,0.030182858201333058,0.03946012476430229,0.006659726079465665,-0.1620370370370371
2015-06-15,0.01643872634316068,0.030135269185658894,0.038968057905672565,-0.0015779339256912254,-0.14814814814814814
2015-06-16,0.03384116337891463,0.030578364722468762,0.03866110302182045,0.014596499315695101,-0.11882716049382713
2015-06-17,0.0,0.029891660200186725,0.03866110302182045,-0.022713197745070347,-0.11882716049382713
2015-06-18,0.0,0.025146318315470116,0.03866110302182045,-0.17286795850574224,-0.11882716049382713
2015-06-19,0.0,0.022508508449933084,0.038112287148496,-0.11081805912023752,-0.11882716049382713
2015-06-22,0.0,0.02163826420286498,0.038112287148496,-0.03943013486678479,-0.11882716049382713
2015-06-23,0.0,0.021639725971997693,0.0371123521873643,6.755251118805588e-05,-0.11882716049382713
2015-06-24,0.0,0.020520826691527282,0.036223487650629285,-0.05309045906731324,-0.06393442622950818
2015-06-25,-0.06886778549016626,0.024700566715102505,0.0364692442157497,0.18538579823871332,-0.11166666666666669
2015-06-26,-0.03629815871067876,0.026412183759151074,0.03668908464554051,0.06699919618171372,-0.1433333333333333
2015-06-29,0.0,0.022983070644656097,0.0357497199173833,-0.13906746725308658,-0.1433333333333333
2015-06-30,0.05488605447876971,0.025956551652642455,0.03582848629270269,0.12166611408920823,-0.09499999999999997
2015-07-01,0.05027988972207531,0.027945424036499314,0.03567924661111597,0.07382938924474496,-0.04833333333333334
2015-07-02,0.01736154719590033,0.02793892339959322,0.0350845129535743,-0.0002326459879088124,-0.03166666666666662
2015-07-03,0.0,0.027421652804817776,0.0344258068662719,-0.018687864087132505,-0.03166666666666662
2015-07-06,-0.01736154719590033,0.02782092296396566,0.03391441212227088,0.014455407322976236,-0.04833333333333334
2015-07-07,0.0,0.02782092296396566,0.03383798086270514,0.0,-0.04833333333333334
2015-07-08,0.0,0.02764328596434991,0.03383798086270514,-0.006405483693596606,-0.01721170395869187
2015-07-09,0.0,0.02764328596434991,0.03275782420001121,0.0,-0.01721170395869187
2015-07-10,-0.03384116337891463,0.02786328460268995,0.0329841676459458,0.007926979052247964,-0.04991394148020656
2015-07-13,0.0,0.02761975819338816,0.0329841676459458,-0.00877846178277863,-0.04991394148020656
2015-07-14,0.03384116337891463,0.02761975819338816,0.03328196819616148,0.0,-0.01721170395869187
2015-07-15,0.0,0.02761975819338816,0.032030667756131274,0.0,-0.01721170395869187
2015-07-16,0.0,0.02761975819338816,0.03129947495678316,0.0,-0.01721170395869187
2015-07-17,0.04954044556013493,0.029758424521067427,0.030546182324576,0.07458084988520881,0.0
2015-07-20,0.0,0.029758424521067427,0.029838852612665938,0.0,0.0
2015-07-21,0.031175617468450767,0.03043075879837922,0.03008466633388232,0.02234162295552121,0.0
2015-07-22,0.03023301066019357,0.03096593609568488,0.030205348412720292,0.017433859556990453,0.0
2015-07-23,0.0,0.02562369646944845,0.030153008769225942,-0.18937013069162015,0.0
2015-07-24,0.015552413007485555,0.023319789466307854,0.030198725233512674,-0.0942151947130273,0.0
2015-07-27,0.0,0.023319789466307854,0.030198725233512674,0.0,0.0
2015-07-28,0.0,0.021077385277471248,0.030198725233512674,-0.101101609879171,0.0
2015-07-29,-0.06043173918491895,0.02396172078723389,0.029776110832312075,0.12825685481605853,-0.058641975308642014
2015-07-30,0.0,0.023739075066780413,0.028759886200652854,-0.009335158459667018,-0.058641975308642014
2015-07-31,0.0,0.023739075066780413,0.027933064565314924,0.0,-0.058641975308642014
2015-08-03,0.0,0.023290240283218286,0.02684716696387949,-0.019088018487895996,-0.058641975308642014
2015-08-04,0.0,0.023290240283218286,0.02684716696387949,0.0,-0.058641975308642014
2015-08-05,0.0,0.023290240283218286,0.02665806755561053,0.0,-0.058641975308642014
2015-08-06,0.0,0.023290240283218286,0.02665806755561053,0.0,-0.058641975308642014
2015-08-07,0.0,0.021618945503249554,0.02648959781020406,-0.07446433077377218,-0.058641975308642014
2015-08-10,0.0,0.021618945503249554,0.026425383387920533,0.0,-0.058641975308642014
2015-08-11,0.0,0.02053984815050984,0.026339437088074166,-0.05120320098155503,-0.058641975308642014
2015-08-12,0.0,0.02053984815050984,0.026146665904655787,0.0,-0.058641975308642014
2015-08-13,0.0,0.02053984815050984,0.024734999912386098,0.0,-0.058641975308642014
2015-08-14,0.0,0.017420746582343296,0.023644453464005594,-0.16470489616093115,-0.058641975308642014
2015-08-17,-0.06606974751134587,0.02296716816662447,0.025156136952311326,0.2764037582060439,-0.11882716049382713
2015-08-18,0.0,0.02157894317142974,0.025074305395074745,-0.06234771105770757,-0.11882716049382713
2015-08-19,0.04954044556013493,0.023535850541301355,0.02536244403509565,0.08680678905413662,-0.07407407407407407
2015-08-20,-0.06542780532245374,0.0273281844107414,0.026315516020147443,0.14939369305111969,-0.13271604938271608
2015-08-21,0.04862068700607303,0.02962627559885204,0.026969310149626457,0.08074306269852033,-0.08950617283950613
2015-08-24,0.0,0.02962627559885204,0.02596628689226361,0.0,-0.08950617283950613
2015-08-25,0.0,0.02962627559885204,0.02596628689226361,0.0,-0.08950617283950613
2015-08-26,0.0,0.02656538146075414,0.02596628689226361,-0.10905269850211062,-0.08950617283950613
2015-08-27,0.0,0.02656538146075414,0.02589253819436428,0.0,-0.08950617283950613
2015-08-28,0.0,0.02656538146075414,0.02576179748465767,0.0,-0.08950617283950613
2015-08-31,0.0,0.02656538146075414,0.025687461704414983,0.0,-0.08950617283950613
2015-09-01,0.0,0.02656538146075414,0.025687461704414983,0.0,-0.08950617283950613
2015-09-03,0.0,0.02656538146075414,0.025591976311187484,0.0,-0.08950617283950613
2015-09-04,0.0,0.02656538146075414,0.025591976311187484,0.0,-0.08950617283950613
2015-09-07,0.0,0.02656538146075414,0.025208651759751163,0.0,-0.08950617283950613
2015-09-08,0.0,0.02656538146075414,0.025131465665010243,0.0,-0.08950617283950613
2015-09-09,-0.06657449062266885,0.030259656564550926,0.02623413618866728,0.13020639352921903,-0.14814814814814814
2015-09-10,0.05120271057481496,0.032766712995245244,0.02707220261551426,0.0795977682826038,-0.10339506172839508
2015-09-11,0.0,0.032766712995245244,0.02707220261551426,0.0,-0.10339506172839508
2015-09-14,0.015371780047853889,0.03300625327089582,0.02714206273824455,0.007283881979952899,-0.08950617283950613
2015-09-15,-0.06657449062266885,0.0330582406630557,0.02849196621413068,0.001573837444494496,-0.14814814814814814
2015-09-16,0.0,0.0330582406630557,0.02849196621413068,0.0,-0.14814814814814814
2015-09-17,0.03384116337891463,0.031945360639331837,0.0288361965325112,-0.03424390058194851,-0.11882716049382713
2015-09-18,0.0,0.02830185964612808,0.02738248528448385,-0.12109940870659143,-0.11882716049382713
2015-09-21,0.0,0.025969603282744495,0.026938532709991286,-0.086000733059832,-0.11882716049382713
2015-09-22,0.01736154719590033,0.026315062600968938,0.027012528881659142,0.013214743080167523,-0.10339506172839508
2015-09-23,-0.06764143691797564,0.030261828252102326,0.027575482762726252,0.1397455773759294,-0.1620370370370371
2015-09-24,-0.035617635612894105,0.031042668810815004,0.027147307917054348,0.02547553838858388,-0.191358024691358
2015-09-25,0.052056361956054786,0.03363990353751669,0.027913098373788758,0.08035027138700916,-0.14814814814814814
2015-09-28,0.0,0.03363990353751669,0.027913098373788758,0.0,-0.14814814814814814
2015-09-29,0.0,0.03363990353751669,0.02782892882344176,0.0,-0.14814814814814814
2015-09-30,0.0,0.03363990353751669,0.02782892882344176,0.0,-0.14814814814814814
2015-10-01,0.0,0.03363990353751669,0.02782892882344176,0.0,-0.14814814814814814
2015-10-02,0.0,0.03363990353751669,0.02782892882344176,0.0,-0.14814814814814814
2015-10-05,0.0,0.03363990353751669,0.02748385357161936,0.0,-0.14814814814814814
2015-10-06,0.0,0.03363990353751669,0.02748385357161936,0.0,-0.14814814814814814
2015-10-07,0.0,0.030166785873374655,0.02712246514297267,-0.1089714197491554,-0.14814814814814814
2015-10-08,-0.07132478082193039,0.031627371482009774,0.028619075947851232,0.04728140286757142,-0.20679012345679015
2015-10-09,-0.05601464155467184,0.03348208210867979,0.02946213426078809,0.05698748398932087,-0.25
2015-10-12,0.05601464155467184,0.03616071529310315,0.029667791562502648,0.07696286122652585,-0.20679012345679015
2015-10-13,0.05488605447876971,0.0358079411372639,0.030580764222852205,-0.009803625654688676,-0.1620370370370371
2015-10-14,-0.05488605447876971,0.037789997051417196,0.03102939142055693,0.053874736403552226,-0.20679012345679015
2015-10-15,0.0,0.03677079558700151,0.03072291977701486,-0.027340500071413948,-0.20679012345679015
2015-10-16,0.05488605447876971,0.03915475783123196,0.03163553869228071,0.06281799482110854,-0.1620370370370371
2015-10-19,-0.05488605447876971,0.04085577631415487,0.0322482379723582,0.04252626040636584,-0.20679012345679015
2015-10-20,0.0,0.04053303777164942,0.0322482379723582,-0.007930823380426152,-0.20679012345679015
2015-10-21,0.05488605447876971,0.040002223730476065,0.03312613208505406,-0.013182339915145657,-0.10983606557377046
2015-10-22,-0.05488605447876971,0.04112156533447487,0.032970389235035,0.027597635259713205,-0.1573770491803279
2015-10-23,0.019268418865875603,0.0395189209036286,0.033092272865154156,-0.03975311059630937,-0.14098360655737707
2015-10-26,0.01702973984480316,0.03976067823849552,0.033187259353937654,0.006098870979810976,-0.1262295081967213
2015-10-27,0.0,0.03976067823849552,0.033187259353937654,0.0,-0.1262295081967213
2015-10-28,0.0,0.03976067823849552,0.033187259353937654,0.0,-0.1262295081967213
2015-10-29,0.0,0.03976067823849552,0.033187259353937654,0.0,-0.1262295081967213
2015-10-30,0.0,0.03976067823849552,0.033187259353937654,0.0,-0.1262295081967213
2015-11-02,0.0,0.03976067823849552,0.033187259353937654,0.0,-0.1262295081967213
2015-11-03,-0.03629815871067876,0.04049812046734572,0.033475158445171564,0.018377120287046255,-0.1573770491803279
2015-11-04,-0.05601464155467184,0.042142048215571895,0.03416813122185337,0.0397904377612876,-0.2032786885245902
2015-11-05,-0.039879366231597047,0.040129537099183564,0.034479662741936555,-0.048933351134496456,-0.2344262295081967
2015-11-06,0.0,0.03827864595273085,0.034479662741936555,-0.04722044335805842,-0.2344262295081967
2015-11-09,0.0,0.03577851095067476,0.034479662741936555,-0.06754471510992957,-0.22166666666666668
2015-11-10,-0.02164586677469238,0.03304800943881309,0.033599835219869645,-0.07938610161205556,-0.23833333333333329
2015-11-11,-0.04246448051775786,0.03223961777145363,0.03396556798111129,-0.024765266272338556,-0.27
2015-11-12,0.0,0.03223961777145363,0.03322569971900562,0.0,-0.25762711864406784
2015-11-13,-0.06606175067809339,0.031147785186534167,0.03324525717891218,-0.03445290982152722,-0.30508474576271183
2015-11-16,0.0,0.029746683628251197,0.032493841344569355,-0.04602547493068954,-0.30508474576271183
2015-11-17,-0.024692612590371255,0.029765275719492387,0.03257198588983467,0.0006248184667967848,-0.3220338983050848
2015-11-18,0.0,0.025437273254449243,0.03257198588983467,-0.15712686327901124,-0.3220338983050848
2015-11-19,-0.04866517198128051,0.024961091388029672,0.033010906948035254,-0.018897273806218355,-0.3542372881355932
2015-11-20,-0.026597312519266225,0.023726176762809834,0.0330898583291165,-0.050739303790984125,-0.37118644067796613
2015-11-23,0.04994467651625634,0.027127870146818917,0.03390580826146253,0.13398262189205892,-0.3389830508474576
2015-11-24,0.0,0.027127870146818917,0.03390580826146253,0.0,-0.3389830508474576
2015-11-25,-0.02334736399699011,0.026921950859129056,0.033959214277296174,-0.00761964439284463,-0.3542372881355932
2015-11-26,0.04866517198128051,0.030482711635471463,0.03470913197444621,0.12421767697553984,-0.3220338983050848
2015-11-27,0.024692612590371255,0.03157511991121562,0.03493290642011086,0.03520976326309641,-0.30508474576271183
2015-11-30,-0.07335778457165176,0.034128569573038205,0.03598489665837324,0.0777653613195913,-0.3542372881355932
2015-12-01,-0.05115516330092973,0.03473198240652767,0.03641274217238922,0.017526089650798257,-0.3864406779661017
2015-12-02,0.05115516330092973,0.03669360522407068,0.03638262047942892,0.05494153426151951,-0.3542372881355932
2015-12-03,0.04866517198128051,0.038472941226658224,0.03631620167551532,0.0473526610081104,-0.3220338983050848
2015-12-04,-0.04866517198128051,0.03948311375526283,0.03671613889639879,0.02591790507142463,-0.3542372881355932
2015-12-07,0.0,0.03948311375526283,0.036610636099785335,0.0,-0.3442340791738382
2015-12-08,0.04866517198128051,0.04148748842301385,0.03647025275255806,0.049518805125984486,-0.3115318416523236
2015-12-09,0.046406372814155716,0.04220399541673996,0.037073121507303165,0.01712299259146195,-0.27882960413080893
2015-12-10,-0.07172418079844611,0.04496280640162867,0.03771748204927063,0.06332071438202376,-0.3287435456110155
2015-12-11,-0.04994467651625634,0.043959208014272236,0.038123815639144486,-0.022573505205595538,-0.3614457831325302
2015-12-14,0.0,0.043959208014272236,0.038123815639144486,0.0,-0.3614457831325302
2015-12-15,0.026597312519266225,0.044244925641748235,0.03824306974932249,0.006478575327259661,-0.3097826086956522
2015-12-16,0.0,0.044244925641748235,0.037414120990063575,0.0,-0.3097826086956522
2015-12-17,0.02334736399699011,0.043202470613679586,0.03739484744167232,-0.023843000915666327,-0.2934782608695652
2015-12-18,0.0,0.042709379147915956,0.03664686888604327,-0.011479132783290437,-0.2934782608695652
2015-12-21,0.0,0.041223385736554485,0.03664686888604327,-0.03541282956249051,-0.2934782608695652
2015-12-22,0.0,0.041223385736554485,0.03664686888604327,0.0,-0.2934782608695652
2015-12-23,0.05001042057466165,0.04228652742565579,0.03734290664591168,0.025462818357870155,-0.25724637681159424
2015-12-24,0.0,0.040939712184190374,0.03734290664591168,-0.03236797694241062,-0.25724637681159424
2015-12-25,0.0,0.04056567240780606,0.03734290664591168,-0.009178346002346752,-0.25724637681159424
2015-12-28,-0.07335778457165176,0.04056567240780606,0.03836478460969531,0.0,-0.3097826086956522
2015-12-29,0.0,0.03874220363749215,0.03836478460969531,-0.04599265106055792,-0.3097826086956522
2015-12-30,0.0,0.03701507538924743,0.03836478460969531,-0.0456042544465578,-0.2983425414364641
2015-12-31,0.0,0.03520278577732147,0.03740501779440677,-0.050200037832574984,-0.2983425414364641
2016-01-04,0.0,0.03347866751060452,0.0368041363454211,-0.050216760979008145,-0.2983425414364641
2016-01-05,0.0,0.03347866751060452,0.03595517592658679,0.0,-0.2983425414364641
2016-01-06,0.0,0.03146333578465454,0.03509387227107157,-0.06208550155373933,-0.2983425414364641
2016-01-07,0.0,0.029309439878828843,0.03450589434449745,-0.07091325692346342,-0.2983425414364641
2016-01-08,0.0,0.024711108629418936,0.03450589434449745,-0.17065669619766036,-0.2983425414364641
2016-01-11,-0.05115516330092973,0.024838022097672514,0.034100383106478185,0.005122741517656445,-0.33333333333333337
2016-01-12,0.05115516330092973,0.027466011316570914,0.03431101306580293,0.10057362140948696,-0.2983425414364641
2016-01-13,0.02334736399699011,0.02731786771071313,0.03450043751607731,-0.005408303154205745,-0.2817679558011049
2016-01-14,-0.04994467651625634,0.029616324499089446,0.0340887810720636,0.0807847012459483,-0.30393996247654786
2016-01-15,-0.05257088700933821,0.031114309137205726,0.03403417525321556,0.04934208533438502,-0.33958724202626644
2016-01-18,0.05257088700933821,0.03368456705205853,0.03472296908619904,0.07937194271956349,-0.30393996247654786
2016-01-19,-0.05257088700933821,0.03548261305167547,0.03510933524942049,0.05200300677813215,-0.33958724202626644
2016-01-20,0.0,0.03548261305167547,0.03510933524942049,0.0,-0.33958724202626644
2016-01-21,-0.055488685617653744,0.034687491840416224,0.03565074156005881,-0.022663640575500594,-0.375234521575985
2016-01-22,0.0,0.034687491840416224,0.03565074156005881,0.0,-0.375234521575985
2016-01-25,0.0,0.034687491840416224,0.03565074156005881,0.0,-0.375234521575985
2016-01-26,0.02958795718549645,0.03241737150153422,0.03596427650069843,-0.06768469951517023,-0.3326848249027238
2016-01-27,0.025900728432157294,0.03314741797511985,0.03601200957671936,0.02227038109575081,-0.27572016460905346
2016-01-28,0.028013036227674704,0.0339066387714967,0.035678613674191825,0.022645997964064385,-0.22483940042826556
2016-01-29,0.0,0.0339066387714967,0.03538637655665043,0.0,-0.22483940042826556
2016-02-01,-0.053913764659832,0.035783784535593846,0.03595668091306038,0.053884000210334,-0.26552462526766596
2016-02-02,0.0,0.035783784535593846,0.03595668091306038,0.0,-0.24945295404814005
2016-02-03,0.0,0.035783784535593846,0.03589683938335114,0.0,-0.2168949771689498
2016-02-04,0.0,0.035783784535593846,0.03555832938584218,0.0,-0.2168949771689498
2016-02-05,-0.05698693137360955,0.037567822688402606,0.03620287846340173,0.0486530463102429,-0.22673031026252988
2016-02-15,0.0,0.036198859283603266,0.03530862278301674,-0.03712028754460191,-0.22673031026252988
2016-02-16,-0.06043173918491895,0.03559409092599236,0.036048965063174114,-0.0168479632828674,-0.2720763723150358
2016-02-17,0.029081209300843014,0.0359080633775487,0.03621738372813197,0.008782235578392571,-0.25059665871121717
2016-02-18,0.0,0.034763688448140984,0.03621738372813197,-0.03238846109892346,-0.25059665871121717
2016-02-19,0.05874950407218904,0.03619165825343217,0.03662634864627901,0.04025523931525107,-0.20525059665871126
2016-02-22,0.055488685617653744,0.03643158497331445,0.03722938492277667,0.006607458330150735,-0.15990453460620524
2016-02-23,0.05257088700933821,0.03643158497331445,0.03729163889902633,0.0,-0.11455847255369933
2016-02-24,0.04994467651625634,0.03792314310188937,0.0378635728522078,0.04012543342474673,-0.06921241050119331
2016-02-25,0.025317807984290397,0.03534212578729203,0.03787619867657475,-0.07048592487841701,-0.04534606205250602
2016-02-26,0.0,0.03534212578729203,0.03735150300574131,0.0,-0.04534606205250602
2016-02-29,0.0,0.03534212578729203,0.03721059276664772,0.0,-0.04534606205250602
2016-03-01,-0.025317807984290397,0.03580179874069399,0.036115109887203706,0.01292251514080917,-0.06921241050119331
2016-03-02,0.0,0.03552747231943639,0.03547581949999457,-0.007691868788238287,-0.06921241050119331
2016-03-03,-0.02334736399699011,0.03564209752769762,0.034999818764357635,0.003221187802838306,-0.09069212410501193
2016-03-04,0.0,0.03564209752769762,0.034411882281050535,0.0,-0.09069212410501193
2016-03-07,0.02334736399699011,0.03330997474103924,0.033967498919097436,-0.0676705405120607,-0.06921241050119331
2016-03-08,-0.02334736399699011,0.033949805482894016,0.03410548253108628,0.019026224907634722,-0.09069212410501193
2016-03-09,0.02334736399699011,0.03416040547255711,0.03364671128403396,0.0061841123683560924,-0.06921241050119331
2016-03-10,0.0,0.03416040547255711,0.033080631356064934,0.0,-0.04878048780487809
2016-03-11,0.0,0.030805025079211547,0.03175828819477518,-0.10338937817552543,-0.04878048780487809
2016-03-14,0.0,0.030805025079211547,0.031074186259712776,0.0,-0.04878048780487809
2016-03-15,0.025317807984290397,0.026219282424519572,0.031234177446265724,-0.1611826613426926,-0.024390243902439046
2016-03-16,-0.025317807984290397,0.0273225577556112,0.031239304160441402,0.041217526538536275,-0.04878048780487809
2016-03-17,0.0,0.0273225577556112,0.031239304160441402,0.0,-0.04878048780487809
2016-03-18,0.05001042057466165,0.02657567482625719,0.03175678148736132,-0.027716324948792063,0.0
2016-03-21,0.0,0.02443074580908936,0.03175678148736132,-0.08415387092828722,0.0
2016-03-22,0.0,0.022052956638622886,0.03175678148736132,-0.10239568825811535,0.0
2016-03-23,0.021713760223784462,0.019814501428711103,0.031870641389744575,-0.10703256457704358,0.0
2016-03-24,0.023585999005879543,0.019718084296810205,0.03136318810581809,-0.004877863288129599,0.0
2016-03-25,0.0,0.019718084296810205,0.03136318810581809,0.0,0.0
2016-03-28,-0.045299759229664005,0.02254093662472146,0.031921937052063434,0.1337967988653546,-0.044289044289044344
2016-03-29,0.0,0.02166518599634623,0.03043485398206002,-0.039626403445232855,-0.044289044289044344
2016-03-30,-0.024692612590371255,0.022502576525757267,0.030618063449394016,0.03792315747162133,-0.06759906759906764
2016-03-31,0.0,0.021751573774767385,0.030618063449394016,-0.033943687189350626,-0.06759906759906764
2016-04-01,0.046406372814155716,0.023852093283817908,0.031178236251836702,0.09218582933243635,-0.023310023310023298
2016-04-04,0.0,0.023462329658075806,0.031178236251836702,-0.016475833523361082,-0.023310023310023298
2016-04-05,0.06692231249284752,0.02649503554897368,0.03229754015942919,0.1215611871734048,0.0
2016-04-06,0.041536025253911646,0.02734449501498285,0.03268154931179337,0.03155784005638837,0.0
2016-04-07,0.0,0.02734449501498285,0.03268154931179337,0.0,0.0
2016-04-08,0.0,0.02734449501498285,0.03268154931179337,0.0,0.0
2016-04-11,0.039879366231597047,0.028096633942227042,0.03221609233516709,0.027134541392892463,0.0
2016-04-12,0.0,0.027987876531347166,0.0316432812973133,-0.0038783438600572123,0.0
2016-04-13,-0.061525233006289426,0.0313444661378349,0.032647413422906287,0.11326625911781163,-0.05967078189300412
2016-04-14,0.0407344633372162,0.032116217191498896,0.03226845664643233,0.02432337058433084,-0.020576131687242816
2016-04-15,0.0,0.03075201805981598,0.031404271560324104,-0.04340547714571786,-0.020576131687242816
2016-04-19,-0.060624621816435464,0.03430859223971746,0.03189608591517804,0.10944017164669477,-0.07818930041152261
2016-04-20,0.060624621816435464,0.03650431497280789,0.03189249985703156,0.06203462908531628,-0.020576131687242816
2016-04-21,0.020790769669073228,0.03648592949197062,0.031949819554657324,-0.0005037790001429616,0.0
2016-04-22,-0.061525233006289426,0.03935173192039282,0.03215358492982742,0.07561327426364213,-0.05967078189300412
2016-04-25,0.0407344633372162,0.0402239777504678,0.032468802717374144,0.021923286636899814,-0.020576131687242816
2016-04-26,0.020790769669073228,0.038536453031064045,0.032515085595473045,-0.04285864307356731,0.0
2016-04-27,0.0,0.038536453031064045,0.032380013759915886,0.0,0.0
2016-04-28,0.0,0.037805592156055945,0.03228009958738402,-0.019147587970399005,0.0
2016-04-29,0.0,0.037805592156055945,0.03214946248746986,0.0,0.0
2016-05-04,-0.061525233006289426,0.03993892609994278,0.03327035077910228,0.05489439334436538,-0.05967078189300412
2016-05-05,-0.06322647196618725,0.04270697625001448,0.03356497528017443,0.06701082908877604,-0.11728395061728392
2016-05-06,-0.06999237182003526,0.04258725545299539,0.03488700917927005,-0.0028072437063815627,-0.17695473251028804
2016-05-09,0.046406372814155716,0.04288425747935644,0.03534070299618097,0.00694975769316863,-0.13786008230452673
2016-05-10,0.0,0.04288425747935644,0.03534070299618097,0.0,-0.13786008230452673
2016-05-11,0.0,0.04288425747935644,0.03444650403527663,0.0,-0.13786008230452673
2016-05-12,0.0,0.04157410899180438,0.03444650403527663,-0.031027199212860367,-0.13786008230452673
2016-05-13,-0.07172418079844611,0.04392752668136398,0.034834757872109386,0.05506354865487638,-0.19753086419753085
2016-05-16,0.05001042057466165,0.04425469156798397,0.03519213161024936,0.007420233240877272,-0.15637860082304522
2016-05-17,0.06606175067809339,0.04597409403188737,0.03607305915677544,0.03811666620770591,-0.09876543209876543
2016-05-18,0.0,0.04597409403188737,0.03539544630285531,0.0,-0.09876543209876543
2016-05-19,-0.06606175067809339,0.046340175132480385,0.03590637747611758,0.00793123194502959,-0.15637860082304522
2016-05-20,-0.07335778457165176,0.04612438154720551,0.03660610790939373,-0.004667603201275259,-0.21604938271604934
2016-05-23,0.02334736399699011,0.04622094757317186,0.0361547615115247,0.002091411469760264,-0.19753086419753085
2016-05-24,0.025317807984290397,0.04529481185633583,0.0361547615115247,-0.02024060420674886,-0.17695473251028804
2016-05-25,-0.025317807984290397,0.044048053120157284,0.0363022033762973,-0.02791133676320034,-0.19753086419753085
2016-05-26,0.05001042057466165,0.04557974422829506,0.03688155836519383,0.034182250322678534,-0.15637860082304522
2016-05-27,0.0,0.04557974422829506,0.03672670439960733,0.0,-0.15637860082304522
2016-05-30,0.0,0.04557974422829506,0.03672670439960733,0.0,-0.15637860082304522
2016-05-31,0.0,0.04557974422829506,0.03658959131620268,0.0,-0.15637860082304522
2016-06-01,0.0,0.04385644775192353,0.03658959131620268,-0.03854165458945093,-0.15637860082304522
2016-06-02,-0.07335778457165176,0.04461122497800613,0.037711204768264485,0.0170637555214325,-0.21604938271604934
2016-06-03,0.02334736399699011,0.0423836890450813,0.037711204768264485,-0.05122190080801752,-0.19753086419753085
2016-06-06,0.05001042057466165,0.042604132968234155,0.038140975486757246,0.005187669490390642,-0.15637860082304522
2016-06-07,-0.07335778457165176,0.04556091340083463,0.03932551469532302,0.06709890484863515,-0.21604938271604934
2016-06-08,0.04866517198128051,0.04710162087501399,0.03983226930924184,0.03325722004872335,-0.17695473251028804
2016-06-09,0.0,0.04710162087501399,0.03983226930924184,0.0,-0.17695473251028804
2016-06-10,-0.025317807984290397,0.044578140709868014,0.03983226930924184,-0.05506378162841392,-0.19753086419753085
2016-06-13,0.0,0.04299994350025038,0.03969794060534055,-0.036044810287522745,-0.19753086419753085
2016-06-14,0.0,0.03988019389579077,0.03969794060534055,-0.07531897648991592,-0.19753086419753085
2016-06-15,-0.02334736399699011,0.04004274949171141,0.03925881756516279,0.004067812633132861,-0.21604938271604934
2016-06-16,0.02334736399699011,0.038039312549392156,0.03938663961274352,-0.05132744182942237,-0.19753086419753085
2016-06-17,0.0,0.03418927907226104,0.03938663961274352,-0.10670801862296467,-0.19753086419753085
2016-06-20,0.0,0.033788338716198366,0.0392755568895895,-0.01179637947084276,-0.19753086419753085
2016-06-21,-0.04994467651625634,0.03498995499713925,0.039634742053365396,0.034945275488102376,-0.23662551440329216
2016-06-22,0.04994467651625634,0.036561659133419376,0.040206790395676865,0.04393909416627602,-0.19753086419753085
2016-06-23,0.0,0.034619928227312684,0.03979528588155019,-0.05457063473773877,-0.19753086419753085
2016-06-24,-0.04994467651625634,0.03619553689244517,0.040296750857322663,0.04450633180394984,-0.23662551440329216
2016-06-27,0.04994467651625634,0.03822453786402568,0.040723632226083904,0.054541826221893255,-0.19753086419753085
2016-06-28,0.0,0.03822453786402568,0.040723632226083904,0.0,-0.19753086419753085
2016-06-29,0.0,0.03822453786402568,0.04025718833165162,0.0,-0.19753086419753085
2016-06-30,0.0,0.03439524384517336,0.04025718833165162,-0.10555933822230557,-0.19753086419753085
2016-07-01,0.0,0.03399673262077605,0.039252462750603685,-0.011653870488365466,-0.19753086419753085
2016-07-04,0.0,0.031899252981292085,0.038830059529742035,-0.06368180926608485,-0.19753086419753085
2016-07-05,0.0,0.027193378698041094,0.038830059529742035,-0.1596090243037271,-0.19753086419753085
2016-07-06,0.0,0.02479072777805056,0.038830059529742035,-0.09250377446580088,-0.19753086419753085
2016-07-07,0.0,0.02479072777805056,0.03842277068622722,0.0,-0.19753086419753085
2016-07-08,-0.02334736399699011,0.02469383696369066,0.03850313686901689,-0.003916004900705537,-0.21604938271604934
2016-07-11,-0.026597312519266225,0.025335511341437033,0.03787851322461739,0.025653314810659838,-0.23662551440329216
2016-07-12,-0.024557850781663504,0.025798974689592916,0.03752312806115192,0.018127721407072,-0.25514403292181065
2016-07-13,0.0,0.025389330739002344,0.03752312806115192,-0.016005708037161705,-0.25514403292181065
2016-07-14,0.0,0.024661877670473897,0.036797146666440905,-0.029070387322954905,-0.25514403292181065
2016-07-15,0.0,0.024661877670473897,0.03582453323039176,0.0,-0.25514403292181065
2016-07-18,-0.028013036227674704,0.0252281645905694,0.035793152866808814,0.02270236660865622,-0.27572016460905346
2016-07-19,0.0,0.02292500576990793,0.035030482921932476,-0.09573270325161684,-0.27572016460905346
2016-07-20,0.0,0.01933609123258391,0.03453309322070918,-0.1702548272001068,-0.27572016460905346
2016-07-21,-0.055488685617653744,0.02231355876615052,0.03496777254139194,0.1432210794427119,-0.31481481481481477
2016-07-22,-0.0273989741881131,0.02057982214100051,0.03506286520238758,-0.08088338431752118,-0.33333333333333337
2016-07-25,0.0,0.015813576661270437,0.03506286520238758,-0.2634420881707852,-0.33333333333333337
2016-07-26,0.0,0.015813576661270437,0.03506286520238758,0.0,-0.29102844638949676
2016-07-27,0.0,0.015813576661270437,0.03432594695559565,0.0,-0.26027397260273977
2016-07-28,0.0,0.015813576661270437,0.03349136604868926,0.0,-0.26027397260273977
2016-07-29,0.0,0.015813576661270437,0.032378317177089194,0.0,-0.26027397260273977
2016-08-01,0.0,0.015813576661270437,0.031713111775408795,0.0,-0.26027397260273977
2016-08-02,0.0,0.015813576661270437,0.031713111775408795,0.0,-0.26027397260273977
2016-08-03,0.0,0.015813576661270437,0.031713111775408795,0.0,-0.26027397260273977
2016-08-04,0.0,0.015813576661270437,0.031713111775408795,0.0,-0.26027397260273977
2016-08-05,0.05698693137360955,0.02130044433849598,0.03142593685303697,0.297858917145824,-0.2168949771689498
2016-08-08,0.025900728432157294,0.02176149354454058,0.030897505783782968,0.021414113382983758,-0.19634703196347036
2016-08-09,0.05257088700933821,0.024350867332141327,0.030435431955906,0.11242536263024411,-0.15296803652968038
2016-08-10,0.026597312519266225,0.02499795671134617,0.03066921082480349,0.026226611067521,-0.07073170731707312
2016-08-11,0.02334736399699011,0.025413909958960344,0.029675834195871855,0.016502563776828395,-0.04878048780487809
2016-08-12,-0.02334736399699011,0.02612042734227704,0.028273504355077844,0.027420994055525196,-0.07073170731707312
2016-08-15,-0.05115516330092973,0.027991525340298293,0.028860656683016073,0.06918410734867093,-0.11707317073170731
2016-08-16,0.0,0.027991525340298293,0.02865006979783345,0.0,-0.11707317073170731
2016-08-17,0.0,0.027991525340298293,0.028481730672533533,0.0,-0.11707317073170731
2016-08-18,0.0,0.02460059875978393,0.027676829624097492,-0.12913096623067075,-0.11707317073170731
2016-08-19,0.0,0.023487482219727757,0.027676829624097492,-0.04630315547689528,-0.11707317073170731
2016-08-22,-0.028013036227674704,0.024642426838945453,0.02787678462960385,0.04800199797182333,-0.14146341463414636
2016-08-23,0.0,0.024642426838945453,0.02787678462960385,0.0,-0.14146341463414636
2016-08-24,0.0,0.024642426838945453,0.02787678462960385,0.0,-0.14146341463414636
2016-08-25,0.0,0.024642426838945453,0.026281302175618942,0.0,-0.14146341463414636
2016-08-26,-0.025900728432157294,0.02553606864303485,0.02626690463141682,0.035622269495696725,-0.1634146341463415
2016-08-29,-0.02958795718549645,0.026546892742689867,0.025589705575200867,0.03882078240168719,-0.16749999999999998
2016-08-30,-0.0273989741881131,0.0273170967743787,0.02410708974108191,0.028600044360457814,-0.18999999999999995
2016-08-31,0.0,0.0273170967743787,0.023149221759351222,0.0,-0.18999999999999995
2016-09-01,-0.06043173918491895,0.030476606294442866,0.02428082717092109,0.1094465829765096,-0.21794871794871795
2016-09-05,0.0,0.027041273805232604,0.02413279435972841,-0.11959498264220847,-0.21794871794871795
2016-09-06,0.0,0.026041329763624936,0.02413279435972841,-0.037679461819020044,-0.21794871794871795
2016-09-07,0.0,0.022040083579033316,0.02413279435972841,-0.16682203608450788,-0.21794871794871795
2016-09-08,0.0,0.020475578519828657,0.0240050311119049,-0.07362985748512878,-0.21794871794871795
2016-09-09,-0.03333642026759165,0.019344736855051184,0.024037588839267293,-0.056812470404010995,-0.2435897435897436
2016-09-12,-0.06657449062266974,0.02259135202110737,0.025321427012138523,0.1551467195021834,-0.29230769230769227
2016-09-13,0.035590945102702776,0.023805479705456774,0.025869650265602586,0.05234859221126902,-0.2666666666666667
2016-09-14,0.03098354551996696,0.025556369268752065,0.025603932037949733,0.07097074935037591,-0.2435897435897436
2016-09-15,0.0,0.025556369268752065,0.02461928822115674,0.0,-0.2435897435897436
2016-09-16,0.06559728248581287,0.030642125770355015,0.02623303907648424,0.18148908441883835,-0.1923076923076923
2016-09-19,0.055569851154810834,0.03367513854419717,0.026604868530460946,0.09438408565683348,-0.1461538461538462
2016-09-20,0.06678824087158652,0.03668103336343883,0.027241376492592676,0.08549995860786541,-0.0871794871794872
2016-09-21,-0.07281235547496756,0.04018594795074043,0.028752406839111795,0.09125753788934504,-0.1512820512820513
2016-09-22,0.0,0.04018594795074043,0.028752406839111795,0.0,-0.1512820512820513
2016-09-23,-0.0655460778978707,0.04252651152869009,0.02987024369216885,0.05661028737414455,-0.20512820512820518
2016-09-26,0.0,0.042293635892362826,0.02987024369216885,-0.005491057811859529,-0.20512820512820518
2016-09-27,-0.0032310205814454207,0.04189784624220689,0.029866140970895422,-0.009402197509504216,-0.20769230769230773
2016-09-28,-0.013029500290334894,0.041592880390960374,0.029884813708101303,-0.007305413350705385,-0.21794871794871795
2016-09-29,-0.06431996578755861,0.043776282117386586,0.03087263625335613,0.05116314638298529,-0.2666666666666667
2016-09-30,0.0,0.04188341968030629,0.03087263625335613,-0.044202119296690406,-0.2666666666666667
2016-10-03,0.0,0.04188341968030629,0.03078665040760212,0.0,-0.2666666666666667
2016-10-04,-0.06874315241960272,0.04435347270056553,0.031758337312018804,0.057300957622105526,-0.3153846153846154
2016-10-05,0.0,0.04435347270056553,0.03166644683627341,0.0,-0.3153846153846154
2016-10-06,0.0,0.04435347270056553,0.03166644683627341,0.0,-0.3153846153846154
2016-10-07,-0.03817257350503045,0.04451947411925125,0.03194502914818977,0.003735705415909048,-0.34102564102564104
2016-10-10,0.0,0.04225360425290042,0.03194502914818977,-0.05223704413049808,-0.34102564102564104
2016-10-11,-0.03564733873023762,0.041778955674556036,0.03205040096246426,-0.011296895242887772,-0.36410256410256414
2016-10-12,-0.004040409537005019,0.04082042852594598,0.03204217331186549,-0.023210099106116943,-0.3666666666666667
2016-10-13,0.004040409537005019,0.040876644604526155,0.03205903287075545,0.0013762077767668465,-0.36410256410256414
2016-10-14,0.0,0.03705652095761489,0.03139592582409161,-0.09811449765229677,-0.36410256410256414
2016-10-17,0.0,0.03365396773116157,0.0312622834530086,-0.09631335231284474,-0.36410256410256414
2016-10-18,0.0,0.02797287926327994,0.0312622834530086,-0.1848954575240931,-0.36410256410256414
2016-10-19,0.0,0.02506057665923341,0.0312622834530086,-0.10993944115153939,-0.36410256410256414
2016-10-20,-0.004040409537005019,0.024954151408689354,0.031256875155399204,-0.004255761161737581,-0.3666666666666667
2016-10-21,0.0,0.022051508632164485,0.031256875155399204,-0.1236591264887836,-0.3666666666666667
2016-10-24,0.004040409537005019,0.02217918881591389,0.03127113290959736,0.00577338762601493,-0.36410256410256414
2016-10-25,0.0,0.022251609742006875,0.03127113290959736,0.0032599440019205235,-0.36410256410256414
2016-10-26,0.03564733873023762,0.024559815724161032,0.031693000529387165,0.09869720397576841,-0.34102564102564104
2016-10-27,0.015444322427473622,0.02128714430297988,0.03178746880207627,-0.14300820091227187,-0.3307692307692308
2016-10-28,0.003824096438403757,0.021347475893769736,0.03179864860061886,0.0028301695889569514,-0.32820512820512826
2016-10-31,0.04842659390547421,0.02439899061293555,0.03154063441434316,0.13360819696541787,-0.2948717948717948
2016-11-01,0.0036297680505787966,0.01866662952930479,0.0313168373677912,-0.267804224695347,-0.29230769230769227
2016-11-02,0.0,0.01866662952930479,0.03042855658426002,0.0,-0.29230769230769227
2016-11-03,0.0,0.01866662952930479,0.030153974472437093,0.0,-0.29230769230769227
2016-11-04,0.0,0.016163417040763645,0.029926854002435346,-0.14398684831513106,-0.2755905511811023
2016-11-07,-0.07132478082193039,0.0232893137178277,0.031025469795895662,0.36524394606268634,-0.2900552486187845
2016-11-08,0.0,0.02172941389844025,0.030477306881350585,-0.06932776391610816,-0.2900552486187845
2016-11-09,0.05672598140077767,0.02489076077814501,0.031519449104531666,0.13582980117211696,-0.24861878453038677
2016-11-10,0.0,0.02491381292077785,0.031519449104531666,0.0009257035372424226,-0.24861878453038677
2016-11-11,-0.003683245416295833,0.024963314929935553,0.03151359959468752,0.0019849581439287237,-0.25138121546961323
2016-11-14,-0.06872933215218069,0.02985691382249964,0.03256675199460256,0.179009021830585,-0.2893258426966292
2016-11-15,-0.06955768370191073,0.03377360449625337,0.033472392652139686,0.12326309463428486,-0.3370786516853933
2016-11-16,0.0,0.03377360449625337,0.033472392652139686,0.0,-0.3370786516853933
2016-11-17,-0.07020425867324853,0.03701901977690061,0.03444833267249431,0.0917522372941691,-0.3820224719101124
2016-11-18,0.03132247112904096,0.037928174792338204,0.03480454818618673,0.024262399053216747,-0.3623595505617978
2016-11-21,0.0639877086752838,0.04087013151739485,0.03590792453605175,0.0747052624172855,-0.3202247191011236
2016-11-22,0.0640218587649315,0.04339999993746235,0.036877951614270967,0.06005990988710382,-0.2752808988764045
2016-11-23,0.06381151274495345,0.04497825200790667,0.03777664293278168,0.03571963648503092,-0.2275280898876404
2016-11-24,-0.029522439266321143,0.04546494850743567,0.03793238773401815,0.01076257998579758,-0.25
2016-11-25,0.011173300598124492,0.04551748319385368,0.03722181094580852,0.0011548313169006334,-0.2415730337078652
2016-11-28,-0.011173300598124492,0.044216182940893384,0.03723942103860298,-0.0290056397474078,-0.25
2016-11-29,-0.022728251077556827,0.04444819069423167,0.03733196212875044,0.005233403700290018,-0.2668539325842697
2016-11-30,-0.015444322427473622,0.0445311769098924,0.0373669837407332,0.00186529132097833,-0.2780898876404494
2016-12-01,0.0,0.0445311769098924,0.0373669837407332,0.0,-0.2780898876404494
2016-12-02,-0.03564733873023762,0.045090803637631564,0.037400111801875253,0.012488763875241886,-0.3033707865168539
2016-12-05,0.0,0.042334396617203944,0.03645438922418643,-0.06307838638555832,-0.3033707865168539
2016-12-06,0.016000341346441793,0.04252062591615607,0.03620082197833912,0.00438935842562809,-0.2921348314606742
2016-12-07,0.06899287148695077,0.04347462975478023,0.037110869409499335,0.022188264887469476,-0.2415730337078652
2016-12-08,-0.03007745523727756,0.04397849257676869,0.037293288986311415,0.011523162780034667,-0.2640449438202247
2016-12-09,0.01890415463915307,0.04421892099539455,0.03633412725650082,0.005452063726776276,-0.25
2016-12-12,-0.06979576193554227,0.04430577432367074,0.03652735042416035,0.0019622397164763905,-0.300561797752809
2016-12-13,0.004008021397538641,0.041244755341140055,0.035319841188453965,-0.0715910362605259,-0.24471299093655585
2016-12-14,-0.008032171697264445,0.04131333778883396,0.034212242951055474,0.0016614348576981792,-0.25075528700906347
2016-12-15,-0.04536860502985096,0.03933974845566181,0.03460322315780725,-0.04894996573997358,-0.23548387096774193
2016-12-16,0.004210532536343514,0.03880204829261223,0.03371432820101545,-0.013762379024120126,-0.23225806451612907
2016-12-19,0.0,0.03598978357520714,0.03371432820101545,-0.07523790754161641,-0.22977346278317157
2016-12-20,0.0,0.03260576476821923,0.033718815251857444,-0.09874597364461439,-0.21967213114754103
2016-12-21,0.0,0.02847823662182798,0.03370393066439318,-0.13534889341087245,-0.1678321678321678
2016-12-22,0.0,0.028023145150672606,0.0327670598516168,-0.016109381312686896,-0.1678321678321678
2016-12-23,0.05715841383994924,0.031191998196091284,0.03367587418591353,0.1071307763518036,-0.11888111888111885
2016-12-26,-0.024097551579060905,0.031492859417746995,0.03379378081788884,0.009599238073112762,-0.10869565217391308
2016-12-27,-0.012270092591814219,0.03125311524512955,0.0326861155010121,-0.0076417734898779665,-0.11956521739130432
2016-12-28,0.004106781952653016,0.031167901405968625,0.03269375743944772,-0.0027302940376592675,-0.1159420289855072
2016-12-29,0.004089985251525263,0.031199228483546546,0.03270120374506204,0.001004601950484749,-0.1123188405797102
2016-12-30,0.020202707317519497,0.030558798881115297,0.03245708723603741,-0.02074069980350582,-0.09420289855072461
2017-01-03,-0.012072581234269464,0.030686119228988305,0.03249158780782358,0.0041577487124993305,-0.10507246376811596
2017-01-04,0.06656076651833942,0.03399539885462217,0.03329559488122597,0.10241474596278466,-0.04347826086956519
2017-01-05,-0.07061756721395351,0.03391924966199134,0.03455346872412244,-0.002242497127810978,-0.10869565217391308
2017-01-06,-0.00407332538763594,0.03338767179319765,0.034552996023220886,-0.015795961313753232,-0.1123188405797102
2017-01-09,-0.02479465861321639,0.033284076726259854,0.03469849128542978,-0.0031076166902069785,-0.1340579710144928
2017-01-10,-0.060363149727090004,0.03238020639202217,0.035545086205342774,-0.02753177556042102,-0.18478260869565222
2017-01-11,0.06453852113757108,0.03590962975356127,0.03655711049239022,0.10345814514382104,-0.13043478260869568
2017-01-12,0.060624621816434576,0.038495345323552047,0.0374005503230226,0.06953181680699635,-0.07608695652173914
2017-01-13,-0.04820210181787754,0.0386812605680058,0.03792160882954546,0.0048179251666986495,-0.11956521739130432
2017-01-16,0.004106781952653016,0.03868084959946811,0.03792581432793261,-1.0624540373970243e-05,-0.1159420289855072
2017-01-17,0.03226086221822211,0.03929400504045233,0.038153644888615036,0.015727324535387985,-0.08695652173913049
2017-01-18,-0.003976148379639888,0.03931927618321049,0.03815756881104782,0.0006429228447422621,-0.0905797101449275
2017-01-19,-0.012024192966801905,0.03945377284991992,0.03790243556017688,0.0034147913507783538,-0.10144927536231885
2017-01-20,0.023905520853555018,0.039749156472119455,0.03797878316474525,0.007458939199059432,-0.07971014492753625
2017-01-23,-0.04427282367798835,0.03897262554140011,0.038392312213750446,-0.01972912455411356,-0.11956521739130432
2017-01-24,0.06376661835898911,0.0412166743109679,0.03877790478471326,0.05598338631427539,-0.061594202898550776
2017-01-25,-0.06376661835898911,0.04372503295831285,0.0396087785857081,0.05907786998409747,-0.11956521739130432
2017-02-02,0.052116001139014045,0.04525347285148182,0.04022278820889877,0.034358632907601494,-0.07246376811594202
2017-02-03,-0.04800921918636103,0.046629685768312036,0.04067243654392196,0.029957950144705897,-0.1159420289855072
2017-02-06,0.0596598364063361,0.04834180149021072,0.04144541458591269,0.03605926209000203,-0.05818181818181822
2017-02-07,0.01912104144677862,0.048374937848237605,0.04048002923813275,0.000685224764561804,-0.040000000000000036
2017-02-08,0.04445176257083361,0.047089444566994994,0.040876527881722524,-0.026932991866140937,0.0
2017-02-09,0.0320883145515003,0.04424200699735431,0.04043048507814532,-0.06237413307139959,0.0
2017-02-10,-0.06899287148695077,0.047394084791067444,0.04142194523475309,0.06882269013384247,-0.06666666666666665
2017-02-13,-0.054067221270275745,0.04876590879569795,0.04199693341345846,0.028534045067343083,-0.11578947368421055
2017-02-14,0.050300738474798656,0.047501886821515016,0.04156259697810332,-0.026262040212584416,-0.07017543859649122
2017-02-15,0.0,0.0456270430757367,0.04052477065272318,-0.040268833517326845,-0.07017543859649122
2017-02-16,0.06571707165701568,0.04596700457149947,0.04135133411411252,0.007423254925069537,-0.007017543859649145
2017-02-17,-0.06949779449692173,0.04749073917250607,0.041330223995448445,0.03261087307493082,-0.0736842105263158
2017-02-20,0.0,0.047499787838584835,0.04116440115427788,0.0001905171912544879,-0.0736842105263158
2017-02-21,-0.01912104144677862,0.04727634558795568,0.04045301701591758,-0.004715166347850925,-0.09122807017543855
2017-02-22,-0.0038684767779200158,0.04727571088765327,0.0396046850427771,-1.3425412240119227e-05,-0.09473684210526312
2017-02-23,0.022989518224698635,0.04740152768840846,0.038833012434972926,0.0026578056169112773,-0.0736842105263158
2017-02-24,0.0,0.0471507114769222,0.038647963511796175,-0.00530535815868947,-0.0736842105263158
2017-02-27,-0.0625203569813344,0.0482554214629175,0.039443571125707476,0.023159079929321133,-0.12982456140350873
2017-02-28,0.04725288485054602,0.04725617791517546,0.03991697938588145,-0.020924784096376343,-0.08771929824561409
2017-03-01,0.015267472130788384,0.04487052663679712,0.039858788494228456,-0.05180222680371891,-0.0736842105263158
2017-03-02,0.018762276455523086,0.04359545012875564,0.03987599876341265,-0.028828360282804572,-0.056140350877192935
2017-03-03,-0.06925844047005558,0.04512277281320849,0.04088797463737813,0.0344342616662866,-0.11929824561403513
2017-03-06,-0.02828471383858222,0.043400214227849156,0.04079131432691775,-0.03892267347926852,-0.14385964912280702
2017-03-07,0.008163310639161203,0.043175066808264224,0.04080584491669218,-0.005201204603563534,-0.13684210526315788
2017-03-08,-0.0716095323781234,0.04417459354166932,0.04177466684994027,0.022886640414044247,-0.19649122807017538
2017-03-09,-0.07242983784481449,0.045187088206375195,0.04171407886953698,0.02266156473718137,-0.25263157894736843
2017-03-10,0.027779564107076382,0.044222531144636604,0.0417686077965224,-0.021576968445374003,-0.2315789473684211
2017-03-13,-0.07095173597228488,0.04526260601928745,0.04257349295408582,0.023246798606942856,-0.28421052631578947
2017-03-14,-0.04000533461369926,0.04333445225246408,0.04196832374659286,-0.04353322491448076,-0.31228070175438594
2017-03-15,-0.005115100666770012,0.04325578582317802,0.04195538404796143,-0.0018169815560528948,-0.3157894736842105
2017-03-16,-0.031252543504104224,0.03890858259567692,0.04209873541323228,-0.10591611629105172,-0.33684210526315794
2017-03-17,-0.07126302002149121,0.039028151000862855,0.04265357872771671,0.003068346921756868,-0.38245614035087716
2017-03-20,0.06595796779179786,0.0433759763329943,0.04361270292857015,0.10562251517133739,-0.3403508771929824
2017-03-21,0.061875403718087085,0.04681028251533284,0.04443108539169913,0.07619712661076858,-0.29824561403508776
2017-03-22,0.06297479916138826,0.04978283240709677,0.045237235985319056,0.06156729040371803,-0.25263157894736843
2017-03-23,0.0680534632450156,0.052291301785258336,0.04612875838866218,0.04915983992963438,-0.19999999999999996
2017-03-24,0.06371581438610807,0.054649139413111295,0.046872905826610675,0.04410341562178795,-0.1473684210526316
2017-03-27,-0.0681114258591462,0.05497679202445481,0.04708888886133969,0.005977664644174231,-0.20350877192982453
2017-03-28,0.0639877086752838,0.055923896679595055,0.047748570064939114,0.017080642539579444,-0.15087719298245617
2017-03-29,0.0640218587649315,0.057819500611377424,0.04843457175184237,0.03333431512619593,-0.09473684210526312
2017-03-30,-0.03149866705937132,0.05800049263262342,0.048613630290105084,0.0031254040386689405,-0.1228070175438597
2017-03-31,-0.008032171697264445,0.05593507628406122,0.04862324418593369,-0.036259831713580215,-0.12982456140350873
2017-04-03,-0.04115807249350745,0.056342990490392555,0.04884027076925772,0.007266172995606793,-0.16491228070175434
2017-04-04,-0.056170271467054,0.057600010676725565,0.04934169809494173,0.022064908802101314,-0.21052631578947367
2017-04-05,0.03493805136128003,0.05596677701712054,0.04876733387586364,-0.028764500864392806,-0.1824561403508772
2017-04-07,-0.061966723749199204,0.05529039303100266,0.04857367713809524,-0.012159076083657811,-0.2315789473684211
2017-04-10,0.06624938554119986,0.05690247276395918,0.04936327045552331,0.028739624268688476,-0.17894736842105263
2017-04-11,0.05001042057466165,0.05498988951791677,0.049689674905569706,-0.03418945075449557,-0.13684210526315788
2017-04-12,-0.04149973090675285,0.05506146664117978,0.04935674347417557,0.0013007948806075546,-0.1719298245614035
2017-04-13,-0.03448617607116944,0.055851780999657825,0.04884208321920532,0.014251274914844873,-0.19999999999999996
2017-04-14,-0.008810629682154847,0.05524770088912524,0.04817879938974747,-0.01087468536580365,-0.2070175438596491
2017-04-17,-0.03146326945578437,0.0528725414730553,0.047954744318059433,-0.043942579212498833,-0.2315789473684211
2017-04-18,0.022574322038538597,0.05136451772641449,0.04805202994312846,-0.028936516292919445,-0.21403508771929824
2017-04-19,0.008888947417245774,0.04982409789930219,0.047868707469704695,-0.030448850904853532,-0.2070175438596491
2017-04-20,-0.03146326945578437,0.04861165020200126,0.048021029734089976,-0.02463553727654932,-0.2315789473684211
2017-04-21,-0.02309571479464978,0.04624801342231882,0.04808036964571918,-0.04984469775121876,-0.24912280701754386
2017-04-24,0.03670136685042813,0.04455528969756014,0.04822744050210932,-0.03728761872537546,-0.2210526315789474
2017-04-25,0.008968669982760247,0.04202705132764646,0.0479299210647232,-0.05841737938009189,-0.21403508771929824
2017-04-26,0.0,0.0391857322251317,0.047162244046362094,-0.07000076623692517,-0.21403508771929824
2017-04-27,0.0,0.03581850198540266,0.04646978231377404,-0.08984810756441923,-0.21403508771929824
2017-04-28,-0.004474280394920704,0.03535501531142024,0.04593731716224816,-0.01302431334576138,-0.21754385964912282
2017-05-03,-0.0553136379840522,0.03705791705711881,0.04606999314712783,0.0470417435366867,-0.2596491228070176
2017-05-04,0.04630456804168581,0.03809494701481983,0.045796411590337135,0.027599627041728567,-0.22456140350877196
2017-05-05,0.013483350337287092,0.036181984196701836,0.04575676433580922,-0.05152031434910486,-0.21403508771929824
2017-05-08,-0.018018505502678472,0.03540277582331547,0.04537391496257821,-0.021771084589921875,-0.22807017543859653
2017-05-09,0.06595796779179786,0.0357185959022081,0.04603359793657179,0.008881214135774838,-0.16961130742049468
2017-05-10,0.037582711149042325,0.03358028362824797,0.045505609296300625,-0.061732331001090414,-0.13780918727915192
2017-05-11,0.004089985251525263,0.0316456438902428,0.04498197643950692,-0.05933857443456476,-0.13427561837455826
2017-05-12,0.012170535620255052,0.030202143362203462,0.0445195128535051,-0.046687596094318336,-0.12367491166077738
2017-05-15,-0.02036730282443333,0.0294482222432384,0.044588539841447845,-0.02527934262358653,-0.1413427561837456
2017-05-16,0.06376661835898911,0.032232304652365595,0.04453942933756196,0.09033562735302374,-0.03717472118959109
2017-05-17,0.06718944448780118,0.033586342758668446,0.04449695132699476,0.04115030661134738,0.0
2017-05-18,0.06634194813672156,0.03568899130069466,0.04529383230188769,0.06072273793796136,0.0
2017-05-19,0.0653827592628522,0.03746024835753927,0.04593812146574795,0.048438039381398325,0.0
2017-05-22,0.06730368189610658,0.037278113522561065,0.04666266248109266,-0.004873940027916557,0.0
2017-05-23,0.06583206284986254,0.03695609227803165,0.04727415266765506,-0.008675870488356953,0.0
2017-05-24,-0.0055555698446028146,0.037524390241598635,0.047289979051654024,0.015260611122746221,-0.005540166204986097
2017-05-25,-0.03111990871380499,0.03939543914582518,0.04669876120453123,0.04865891123003494,-0.03601108033240996
2017-05-26,0.06399958283296137,0.04010487461964206,0.047000722944686296,0.01784783213808182,0.0
2017-05-29,0.06773421807975488,0.040717625689648144,0.04766091247156406,0.015163170067324086,0.0
2017-05-30,0.019950786419348887,0.04003349820092099,0.04766621519154979,-0.016944499467198535,0.0
2017-05-31,-0.012422519998557036,0.03619704700583446,0.04668331262940858,-0.10073899111245765,-0.012345679012345734
2017-06-01,-0.05392834202555541,0.04076058498597559,0.04713417398201192,0.11873798820318078,-0.06419753086419755
2017-06-02,0.005263170044274901,0.040944748958637964,0.0471348018476091,0.004508010201417055,-0.059259259259259234
2017-06-05,0.04866517198128051,0.03982352383979262,0.046272054706967186,-0.02776577570277824,-0.012345679012345734
2017-06-06,-0.05129329438755015,0.04275709720757039,0.0457164429478102,0.07107739198687421,-0.06172839506172845
2017-06-07,0.010471299867294448,0.042734547927456394,0.04565465928246253,-0.0005275199775626854,-0.051851851851851816
2017-06-08,0.03831886430213771,0.04263642187055813,0.044563090494370725,-0.002298816034419539,-0.014814814814814836
2017-06-09,0.06782259633876109,0.04360237869361258,0.04463805254020995,0.022402839382815468,0.0
2017-06-12,0.06570879628576165,0.042905989698520434,0.04508567919730988,-0.01610026613720672,0.0
2017-06-13,0.06782259633876109,0.0430759180012784,0.045208466147700306,0.003952656762725877,0.0
2017-06-14,0.06543463590021936,0.04300149359812668,0.04417878152622579,-0.0017292435500147285,0.0
2017-06-15,0.06681519817391646,0.04302175047412149,0.044194660630829434,0.00047096274682668064,0.0
2017-06-16,0.06599616561834587,0.04304730519882761,0.044266980929076716,0.0005938189821894813,0.0
2017-06-19,0.0666371577944922,0.043018491205598225,0.044332284763095864,-0.0006695804562061742,0.0
2017-06-20,0.06689423483003054,0.04306359885795544,0.04431045116092248,0.001048014656065522,0.0
2017-06-21,0.06683367936336637,0.042812362253003146,0.04436651176046847,-0.005851166262854477,0.0
2017-06-22,0.04702007815312825,0.039900287296573224,0.04303723954909604,-0.07044335723653862,0.0
2017-06-23,0.011741817876682603,0.03990098069990313,0.04266284281424177,1.737824908166606e-05,0.0
2017-06-26,-0.06704923627838077,0.045368809680278926,0.04367834463704062,0.1284239247558398,-0.06485084306095978
2017-06-27,-0.0718700003132664,0.05074857101468146,0.044738220920347176,0.11205857931424087,-0.12970168612191957
2017-06-28,-0.0710174872352809,0.05458396841740449,0.046042483843678365,0.07285674688238682,-0.1893644617380026
2017-06-29,0.0665365238002451,0.05232783534839908,0.045899000400211755,-0.04221175888432171,-0.13359273670557714
2017-06-30,0.0665947888029379,0.052700219559391616,0.04530532298820438,0.00709116627629283,-0.07392996108949412
2017-07-03,0.06768482682693566,0.05319735145828757,0.0456931451844274,0.009388986965399531,-0.009079118028534339
2017-07-04,0.0670713056934833,0.049882410815362134,0.04480792106615941,-0.06434014604882739,0.0
2017-07-05,0.0024449889930657775,0.05014942950810278,0.044494615437004184,0.005338685616384584,0.0
2017-07-06,0.0,0.05085842998778975,0.044407993745082065,0.014038748812877115,0.0
2017-07-07,0.03479655193883424,0.050302430254523876,0.04370254358424739,-0.01099249691398281,0.0
2017-07-10,-0.06958266802424973,0.05475667214210392,0.04468592584490668,0.0848458195715672,-0.06721698113207553
2017-07-11,0.01754430965091025,0.053958281460111196,0.04451982528472463,-0.01468804175036925,-0.050707547169811185
2017-07-12,0.014796817441439458,0.05314430717055999,0.04399025318560296,-0.015200189276554667,-0.03655660377358494
2017-07-13,-0.07232066157962613,0.05606371766910207,0.04564203296295393,0.05347785932179935,-0.10377358490566035
2017-07-14,-0.04714677842570225,0.05641149565828582,0.046446962118930166,0.006184100930259731,-0.1450471698113207
2017-07-17,0.005502077153982654,0.05480773044217269,0.046003534609117186,-0.028841705808034315,-0.1403301886792453
2017-07-18,0.01902231270910093,0.05306382232435293,0.04565413143788308,-0.032335860581526724,-0.12382075471698117
2017-07-19,-0.013550342831107898,0.05109621246125328,0.04581710037737878,-0.03778500230270797,-0.13561320754716977
2017-07-20,0.038800853799996204,0.050733375248686104,0.04585822745201432,-0.007126389982172351,-0.10141509433962259
2017-07-21,0.0,0.05065822950599245,0.04585822745201432,-0.001482287252709559,-0.10141509433962259
2017-07-24,-0.07209102915451915,0.05101764068017382,0.04732294001791335,0.00706977181158122,-0.1639150943396226
2017-07-25,-0.07313199202962117,0.05111081209907816,0.04871480796285752,0.0018245929311820667,-0.222877358490566
2017-07-26,0.040154093223378595,0.04908934639704669,0.04782870718382841,-0.04035402023698575,-0.1910377358490566
2017-07-27,0.044198212873736153,0.04784567592205121,0.047809580772112746,-0.02566128184507737,-0.15448113207547165
2017-07-28,-0.04128700266627838,0.04642280636481445,0.04844726104543819,-0.030189885093657432,-0.18867924528301883
2017-07-31,-0.030998792017719268,0.04381370268356909,0.04864260251676962,-0.05784422701996987,-0.21344339622641506
2017-08-01,0.020772260233888673,0.04082715749325015,0.048243323571665817,-0.07059911360229325,-0.19693396226415094
2017-08-02,-0.06993730725682035,0.04290482399522636,0.049474708865728974,0.04963677037770621,-0.2511792452830188
2017-08-03,0.06699612866600368,0.046421687917003504,0.04988415317707899,0.07878247732275863,-0.1992924528301887
2017-08-04,0.06692888726610136,0.04853859175666644,0.05029372266770545,0.04459241643146532,-0.14386792452830188
2017-08-07,0.009595687061853653,0.04641384442738648,0.05005548529228716,-0.04476139242046118,-0.13561320754716977
2017-08-08,-0.0013651879253391286,0.04614783823948053,0.04976036777229497,-0.005747666962669479,-0.1367924528301887
2017-08-09,-0.06782259633876109,0.04796769866190053,0.05051379066888877,0.03867771381044575,-0.19339622641509435
2017-08-10,0.01595392794224182,0.04583735838455442,0.050063714759904565,-0.04542838626431012,-0.18042452830188682
2017-08-11,-0.07002114921251668,0.04722269407881362,0.050765516135418576,0.029775133513440164,-0.23584905660377353
2017-08-14,0.028899349563348053,0.04779887063011558,0.05029594772747533,0.012127425885128858,-0.21344339622641506
2017-08-15,0.028087581810261497,0.04807529128249668,0.04983664611085678,0.005766336938613354,-0.1910377358490566
2017-08-16,0.013034217838907125,0.04816450694808054,0.049791639076893886,0.0018540286708792755,-0.18042452830188682
2017-08-17,-0.007220247973487304,0.047168407928842214,0.049543874278256655,-0.020898030093380073,-0.18632075471698117
2017-08-18,-0.0705468733536847,0.049364445441625764,0.050164169183799324,0.045506082778710225,-0.24174528301886788
2017-08-21,0.048567966634909254,0.048548800236276904,0.049844900735886294,-0.01666095124788801,-0.20400943396226412
2017-08-22,0.016164936853355627,0.04573141518590833,0.049833000328276554,-0.05978398607710018,-0.1910377358490566
2017-08-23,-0.014684551682920599,0.04496138985488278,0.04985016784247229,-0.016981361749961985,-0.2028301886792453
2017-08-24,0.0,0.043705320499643714,0.04918269635783947,-0.028334266603529376,-0.2028301886792453
2017-08-25,0.0,0.04276386055799937,0.049195334624933834,-0.021776473804664537,-0.2028301886792453
2017-08-28,0.014684551682920599,0.04228783171219187,0.04893237189818132,-0.011193985490382106,-0.1910377358490566
2017-08-29,0.0,0.042041481162461994,0.0483053697885373,-0.005842599297688358,-0.1910377358490566
2017-08-30,-0.014684551682920599,0.03887468613696749,0.04840890122066079,-0.07831346141037099,-0.2028301886792453
2017-08-31,0.0490718939923962,0.03750735880557744,0.0485374146962318,-0.03580613890189531,-0.16273584905660377
2017-09-01,-0.07302513501488939,0.03785560087527755,0.04907703897960232,0.009241793512038165,-0.22169811320754718
2017-09-05,-0.048108578320031015,0.03888835059612661,0.04897902588887676,0.0269157837173565,-0.2582547169811321
2017-09-06,0.058658789215183305,0.04161924650181133,0.04879489254835663,0.06786796445782042,-0.21344339622641506
2017-09-07,-0.015106027431013302,0.03899434601970644,0.04821435807155647,-0.0651460386281157,-0.22523584905660377
2017-09-08,0.015106027431013302,0.038974239051899076,0.04752732719179452,-0.0005157708858490578,-0.21344339622641506
2017-09-11,0.0,0.0355414250868176,0.04680293143560296,-0.09220194593374842,-0.21344339622641506
2017-09-12,0.013403030127340898,0.03507729091267395,0.04605356933841084,-0.013144977765960514,-0.2028301886792453
2017-09-13,0.014684551682920599,0.034651358509622046,0.04527439137972247,-0.012217003544900483,-0.1910377358490566
2017-09-14,0.0,0.03451561882019507,0.044419961299159975,-0.003924989342579563,-0.1910377358490566
2017-09-15,0.013034217838907125,0.03460976262091543,0.04401248587303818,0.002723857133996899,-0.18042452830188682
2017-09-18,0.06543739760258838,0.033278173071699176,0.04482540395635054,-0.03923406861331228,-0.125
2017-09-19,0.026597312519266225,0.03218398025842082,0.04409831596872471,-0.03343288729776424,-0.10141509433962259
2017-09-20,0.0,0.03211981390003785,0.04305123936456191,-0.00199572546419438,-0.10141509433962259
2017-09-21,0.02334736399699011,0.03200288737843195,0.04204604242352116,-0.003646964722381915,-0.08018867924528306
2017-09-22,-0.02334736399699011,0.03269593439588351,0.041364731394004345,0.021424603843855562,-0.10141509433962259
2017-09-25,0.0,0.03269593439588351,0.0404916600757539,0.0,-0.10141509433962259
2017-09-26,0.0,0.03265521087574442,0.039536317101780384,-0.001246298370993423,-0.10141509433962259
2017-09-27,-0.013210231736806577,0.032899749118808656,0.03857320108927909,0.0074605888779544485,-0.1132075471698113
2017-09-28,-0.06453852113757108,0.03616391204391243,0.039420586903381884,0.09459665711823244,-0.16863207547169812
2017-09-29,0.05920517516220869,0.03691971759458831,0.04021712489912422,0.020684038100012802,-0.11792452830188682
2017-10-02,-0.07205331764005862,0.03681542979824767,0.040941304508173966,-0.002828714426708675,-0.1481028151774786
2017-10-03,0.06265096496166755,0.037106691008967636,0.04087141388788116,0.00788025657203281,-0.09302325581395354
2017-10-04,-0.0027027043478842216,0.03520237743890977,0.04079848704440539,-0.05268366821826446,-0.09547123623011011
2017-10-05,0.01210505702627529,0.03490387047620085,0.04078182265903807,-0.00851589381583969,-0.04102564102564099
2017-10-06,0.018543577712168968,0.03495697591523351,0.03978107415093177,0.0015203203740410827,-0.023076923076923106
2017-10-09,-0.07068158565128613,0.039004100111963855,0.040365994226217956,0.10954869623175688,-0.08974358974358976
2017-10-10,0.03188073185128992,0.039476379318428324,0.04057391035669508,0.012035726353039726,-0.060256410256410264
2017-10-11,0.0,0.039404623959584176,0.0404977254770265,-0.001819331840652748,-0.060256410256410264
2017-10-12,0.0027247973261861347,0.03939727480947017,0.04046145467363235,-0.00018652211139312533,-0.05769230769230771
2017-10-13,0.0,0.039338143683673124,0.04014033764442512,-0.0015020208954363507,-0.05769230769230771
2017-10-16,0.0,0.03647084245099955,0.04014033764442512,-0.07568150098772553,-0.05769230769230771
2017-10-17,-0.04167269640056759,0.03699485748426827,0.0394075211512568,0.014265807799923078,-0.09615384615384615
2017-10-19,-0.055407756896645566,0.038722698547777455,0.038914083712323966,0.04564702574472855,-0.1448717948717949
2017-10-20,0.028087581810261497,0.038929970001928604,0.03873487380806287,0.005338435803645974,-0.12051282051282053
2017-10-23,-0.014684551682920599,0.03877963232559683,0.03834000525867221,-0.0038692213238482177,-0.1333333333333333
2017-10-24,0.014684551682920599,0.03903712447225662,0.038022310297256716,0.006617932457177104,-0.12051282051282053
2017-10-25,0.02732017508638407,0.03970295439981533,0.037963075249297804,0.01691249586352797,-0.09615384615384615
2017-10-26,0.02659358957344793,0.040205477824197776,0.03802205553379257,0.012577644421649048,-0.07179487179487176
2017-10-27,0.06289698117761233,0.03985202946948948,0.037686156205312515,-0.008829916763821243,-0.011538461538461497
2017-10-30,-0.04917934494881315,0.03938436441965085,0.03733749656165376,-0.011804433275640933,-0.05897435897435899
2017-10-31,0.059502017256232165,0.03783862145956977,0.037127952654550725,-0.04003857228040394,-0.0012820512820512775
2017-11-01,0.03902320179573593,0.03630239311159211,0.037434188780055895,-0.041446636526939716,0.0
2017-11-02,0.043485111939739696,0.03727929363074933,0.03781848304110585,0.026554369709380105,0.0
2017-11-03,0.0011813350458300675,0.037276899747205064,0.03667845521388933,-6.421687574062086e-05,0.0
2017-11-06,0.0011799411398492055,0.037176716731246624,0.036643431495509055,-0.002691153344818421,0.0
2017-11-07,0.03248545514448864,0.03299449407126858,0.035539208742733155,-0.11934193568796485,0.0
2017-11-08,0.011350859668688429,0.03261160451060427,0.03541137688831066,-0.011672506047906329,0.0
2017-11-09,0.010106767669775252,0.03253521362324444,0.0352862367522513,-0.0023451920172975513,0.0
2017-11-10,0.06697967317809805,0.03486941912666807,0.03618494307790416,0.0692871828420733,0.0
2017-11-13,0.0676684141464996,0.03675360558606316,0.03702645069080347,0.052626115035178764,0.0
2017-11-14,0.013579258126380722,0.036556092021062074,0.03562256523544286,-0.00538848189191002,0.0
2017-11-15,0.027555187575918794,0.03386043114342005,0.03531878612594428,-0.0766007171486893,0.0
2017-11-16,0.0,0.029257821616964077,0.035314242968774445,-0.14610011964477085,0.0
2017-11-17,-0.027555187575918794,0.031367213932450774,0.03548908927343122,0.06961623851504205,-0.027179006560449914
2017-11-20,-0.0708525682725405,0.03675464753894332,0.03688238903665422,0.15850142943867396,-0.0937207122774133
2017-11-21,0.05237853776943169,0.037539134947897804,0.03735560962597293,0.02111930042302731,-0.04498594189315841
2017-11-22,-0.008871423387420307,0.038025936021742465,0.03739552765611472,0.012884462972032908,-0.0534208059981256
2017-11-23,-0.009950330853166989,0.03846547600203685,0.03744663207644951,0.011492654969725109,-0.0627928772258669
2017-11-24,0.0,0.036984902775900025,0.03735515733857051,-0.03925130507404474,-0.0627928772258669
2017-11-27,0.018821754240587296,0.03397037182677426,0.03697338541713318,-0.08502104444653293,-0.04498594189315841
2017-11-28,0.02327942177804765,0.03248475119236148,0.035546498773000035,-0.04471792924109903,-0.022492970946579205
2017-11-29,0.013333530869465093,0.0319717294530764,0.03479062282897074,-0.015918722476581226,-0.009372071227741308
2017-11-30,0.009416265431514859,0.031176979427770812,0.03416615670283521,-0.025172066134323913,0.0
2017-12-01,0.0,0.03119887716124107,0.03404973574435315,0.0007021218960695954,0.0
2017-12-04,0.0,0.03122061768897773,0.03405276698910083,0.0006965939632164399,0.0
2017-12-05,0.017650249192127987,0.03086970702503994,0.03406021390620302,-0.011303348426917164,0.0
2017-12-06,-0.00925075977215073,0.031190467229003833,0.034126204695152554,0.010337159401453562,-0.009208103130755041
2017-12-07,-0.008399489419977257,0.031451630445122974,0.0341767503497995,0.008338310995272505,-0.017495395948434633
2017-12-08,-0.009416265431514859,0.028514424530200384,0.03423270358508679,-0.09804070839997212,-0.026703499079189674
2017-12-11,-0.06953363126760337,0.029133695146077363,0.035625654746100036,0.021485322559673847,-0.09208103130755063
2017-12-12,0.01409892437950333,0.029148446487939496,0.034776126692457464,0.0005062043604270017,-0.07918968692449357
2017-12-13,0.028587456851910886,0.029204143269261566,0.03479804305284034,0.0019089736849100922,-0.0524861878453039
2017-12-14,0.018296129046937892,0.029548458695938355,0.03483357296087775,0.011720987320490364,-0.03499079189686927
2017-12-15,-0.004782409880213834,0.028898813175592904,0.03477596560215559,-0.02223104800737416,-0.03959484346224673
2017-12-18,-0.013513719166724059,0.0238837977339637,0.03466384962899627,-0.19060014506236347,-0.0524861878453039
2017-12-19,-0.00976570261132359,0.021005304028162163,0.03471065172616758,-0.12842527398716058,-0.06169429097605894
2017-12-20,0.0,0.020901518313560727,0.03471065172616758,-0.00495317332402644,-0.06169429097605894
2017-12-21,-0.028872090094090197,0.021805442386624345,0.03490705758814279,0.04233776665305141,-0.08839779005524862
2017-12-22,-0.07115971957204081,0.026923939194125505,0.03513897329251734,0.21085614713498244,-0.151012891344383
2017-12-25,0.042469227109112495,0.02845728975239358,0.034761539993755794,0.05538851433126524,-0.11418047882136284
2017-12-26,0.009312017625617841,0.027948408532527978,0.033292691339255026,-0.018044093487491173,-0.10589318600368325
2017-12-27,-0.009312017625617841,0.027684750938218972,0.03248723010010684,-0.009478500807406068,-0.11418047882136284
2017-12-28,0.0,0.02751141936555231,0.03247915783521367,-0.006280583550358133,-0.11418047882136284
2017-12-29,0.0,0.02751141936555231,0.03246804985871767,0.0,-0.11418047882136284
2018-01-02,-0.010449415874340673,0.027507098712060567,0.03246660950171111,-0.00015706173415690574,-0.12338858195211788
2018-01-03,-0.0407344633372162,0.027992169225724502,0.031519969432853,0.01748068790508011,-0.15837937384898715
2018-01-04,0.0407344633372162,0.030086137649915638,0.03167206720107,0.072139697066026,-0.12338858195211788
2018-01-05,0.0,0.030111287307398527,0.03167206720107,0.0008355723059000808,-0.12338858195211788
2018-01-08,0.0,0.03012376900471067,0.031676400392408474,0.0004144328605517921,-0.12338858195211788
2018-01-09,-0.06734357206518027,0.02988072095313131,0.032997316461056,-0.008101037103851084,-0.18047882136279925
2018-01-10,0.047183738121157504,0.03185162258954381,0.03347875512957752,0.06387481648127794,-0.14088397790055252
2018-01-11,0.020159833944022765,0.03145855311143084,0.032998007070412665,-0.012417416324055503,-0.12338858195211788
2018-01-12,0.0,0.031042739529894954,0.0320400431216932,-0.013305951471117166,-0.12338858195211788
2018-01-15,-0.009498752157908186,0.031060478205137798,0.031966828282217204,0.0005712641199460257,-0.13167587476979747
2018-01-16,0.0,0.03101338097687223,0.03186726441356329,-0.0015174575175155428,-0.13167587476979747
2018-01-17,-0.02035421099177448,0.031200263645327922,0.032017687918565726,0.006007787250420785,-0.149171270718232
2018-01-18,-0.031888353366827715,0.03174704383911741,0.032228702588206336,0.01737306310390843,-0.17587476979742178
2018-01-19,-0.001117943101341723,0.03132081693171643,0.03209739466926733,-0.01351665511747398,-0.17679558011049723
2018-01-22,-0.07067213300667063,0.031266834658466115,0.03253799652211243,-0.0017250134176553323,-0.23296500920810315
2018-01-23,0.0,0.029244662299662754,0.03185742622950311,-0.06686084654290898,-0.23296500920810315
2018-01-24,0.0,0.029041377603328405,0.030953845224905362,-0.0069754421876225044,-0.23296500920810315
2018-01-25,0.027236733974898897,0.030064170171993643,0.03074590714378314,0.03461246430250781,-0.2117863720073665
2018-01-26,0.0011675424560380065,0.030077231814157095,0.030234062832600057,0.0004343642680024264,-0.21086556169429094
2018-01-29,-0.010557282805876866,0.03006311220556468,0.030265669345819736,-0.0004695551509203301,-0.21915285451197053
2018-01-30,-0.06328144994752094,0.03265563819925642,0.03134852311869376,0.08271858836285262,-0.26703499079189685
2018-01-31,0.06328144994752094,0.0354870124008181,0.03214887384089995,0.08314923039037725,-0.21915285451197053
2018-02-01,0.010557282805876866,0.03411102751564024,0.03214406122508612,-0.039546050744926224,-0.21086556169429094
2018-02-02,0.0,0.03411102751564024,0.03211371189365031,0.0,-0.21086556169429094
2018-02-05,0.0,0.03411102751564024,0.030860051943558148,0.0,-0.21086556169429094
2018-02-06,-0.07258323980756565,0.03462916016876643,0.030817596558779314,0.015075382615832609,-0.2661141804788214
2018-02-07,0.06202595700168878,0.035951798409115415,0.03190615352457365,0.03748299101178942,-0.21915285451197053
2018-02-08,0.0,0.0354955805858104,0.03165077377712902,-0.01277090643792419,-0.21915285451197053
2018-02-09,0.0,0.0354955805858104,0.03165077377712902,0.0,-0.21915285451197053
2018-02-12,0.06505430790802258,0.03884190623720453,0.03271435415786069,0.09009149898395506,-0.16666666666666663
2018-02-13,-0.02121799309484551,0.03907186398200177,0.03155823853276973,0.005902893746369667,-0.18416206261510126
2018-02-21,0.0,0.0388637966365333,0.030758062969076315,-0.005339475786963659,-0.18416206261510126
2018-02-22,-0.07254642069560902,0.04147936531933546,0.032058553611745436,0.06513292658429447,-0.24125230202578274
2018-02-23,-0.001214329232402278,0.041479002215255835,0.03204810042138936,-8.753884698461626e-06,-0.2421731123388582
2018-02-26,-0.010995834674528027,0.03847881075652117,0.03206065693287281,-0.07507958985199045,-0.25046040515653767
2018-02-27,0.027863704486934537,0.03902335069423139,0.03218801990034171,0.014052479257860184,-0.22928176795580113
2018-02-28,-0.07181302461872718,0.04221952191447296,0.03318383846976329,0.07872249657380405,-0.2826887661141805
2018-03-01,-0.06086534398409782,0.04343866892182936,0.033869662975841694,0.028467308064109857,-0.3250460405156538
2018-03-02,0.020257276087827236,0.04385282998131707,0.03398257251673686,0.00948921894034525,-0.31123388581952116
2018-03-05,0.018543577712168968,0.044203049241856085,0.034121366148611235,0.007954517761667203,-0.2983425414364641
2018-03-06,0.0,0.042050225009870476,0.034121366148611235,-0.04992902508206465,-0.2983425414364641
2018-03-07,-0.007905179507114113,0.039128689049812634,0.03398531167828245,-0.07200878642765576,-0.2973977695167286
2018-03-08,0.0013218772579168814,0.03898042667957101,0.03399577323571688,-0.003796292121738669,-0.2905342080599812
2018-03-09,-0.018667208719691075,0.039047493550186135,0.034034590386008874,0.0017190479957196803,-0.29706717123935666
2018-03-12,0.0,0.039047493550186135,0.03404042914143707,0.0,-0.291030534351145
2018-03-13,0.025250510968888307,0.03645950533314637,0.033225710183238874,-0.06857646861898058,-0.27290076335877866
2018-03-14,-0.0026281224062696396,0.03317969092215047,0.03313881807524347,-0.09426420512772117,-0.2748091603053435
2018-03-15,-0.02937460867990538,0.03357225944056968,0.033000281266396723,0.01176214101836305,-0.2958015267175572
2018-03-16,-0.01915243221475471,0.03363676917167269,0.03289579351612862,0.0019196745749479498,-0.30584851390220513
2018-03-19,0.0,0.029041809976805562,0.03290499079592418,-0.1468832271455953,-0.29640427599611274
2018-03-20,0.0,0.029042491781255557,0.032899525698371644,2.3476367783701182e-05,-0.2894995093228655
2018-03-21,-0.07304606274098902,0.03213443346385375,0.03402203268183006,0.10116812424372577,-0.33954857703631014
2018-03-22,0.03216651592006414,0.030541244498171406,0.03438433163265643,-0.05085008381926886,-0.297979797979798
2018-03-23,-0.013034217838907125,0.030506920333947102,0.034269318722835826,-0.0011244942969415436,-0.2935118434603502
2018-03-26,0.0,0.030570047575303096,0.033194546294124626,0.0020671374275578447,-0.2935118434603502
2018-03-27,0.0,0.029436929143895705,0.03261447670023758,-0.03777070013481288,-0.2935118434603502
2018-03-28,0.0,0.025626725051149008,0.03256425839567482,-0.13861417467894038,-0.2869022869022869
2018-03-29,-0.0431936092412748,0.023894506938538434,0.03291819909783355,-0.06998712865968136,-0.31704781704781704
2018-03-30,0.056227827080181925,0.02707519622134201,0.03388826368714976,0.12496939370826173,-0.2775467775467776
2018-04-02,0.06812918926829958,0.031176454125397032,0.03518931280727795,0.14104504566323164,-0.2184873949579832
2018-04-03,-0.04115807249350745,0.03242672031195872,0.03550244976386275,0.039319637101914294,-0.25
2018-04-04,0.0,0.0324152084967737,0.03519164965739199,-0.00035507308208544626,-0.25
2018-04-05,0.0,0.032407584173837,0.03470124781817328,-0.00023523579609547308,-0.25
2018-04-06,0.05185336161025589,0.034380865212733605,0.03546008030468276,0.0591076732468284,-0.2100840336134454
2018-04-09,0.0,0.034380865212733605,0.03546008030468276,0.0,-0.2100840336134454
2018-04-10,-0.025590622063189628,0.03434200948934341,0.03459364756402888,-0.0011307942629315822,-0.23004201680672265
2018-04-11,0.0,0.0343442660962656,0.033958562926003806,6.570763217778938e-05,-0.23004201680672265
2018-04-12,0.038800853799996204,0.034843935412529045,0.03426740864637411,0.014444019299568778,-0.19957983193277307
2018-04-13,-0.06506359334706246,0.03768001627530647,0.035165701496961146,0.0782507577048645,-0.24284199363732772
2018-04-16,0.02626273954706626,0.03816009293635382,0.03538698624563125,0.01266039703441083,-0.22269353128313896
2018-04-17,0.024259949877484033,0.03852327224312518,0.035573877383739294,0.009472248033737217,-0.1872294372294372
2018-04-18,-0.07175490953032515,0.03839204723438625,0.03658399200707317,-0.003412196759510652,-0.2276243093922652
2018-04-19,0.0014295928095950927,0.03772592795996732,0.03641603298430912,-0.017502727912120153,-0.22651933701657456
2018-04-20,0.0,0.037594749232070145,0.036417868352365934,-0.0034832088766391526,-0.22651933701657456
2018-04-23,-0.020202707317519497,0.03789354554033246,0.03542289074072174,0.007916400561074682,-0.24198895027624312
2018-04-24,-0.0431936092412748,0.039105053223102086,0.03579298764244565,0.03147089368811631,-0.27403314917127075
2018-04-26,0.0,0.039105053223102086,0.03579298764244565,0.0,-0.27403314917127075
2018-04-27,0.0,0.03789354554033246,0.035562656238869166,-0.03147089368811644,-0.27403314917127075
2018-05-02,0.05334598070529317,0.037673322227896856,0.036331032800400405,-0.005828582925628704,-0.23425414364640884
2018-05-03,-0.07023049540730142,0.037176674738833425,0.037329433263435886,-0.013270665736846023,-0.2861878453038674
2018-05-04,0.02446605215440556,0.03690397027697004,0.03670247811034054,-0.007362398640209778,-0.2685082872928177
2018-05-07,0.007524489978615989,0.03698281444095008,0.03568575370648647,0.002134188755554077,-0.2629834254143646
2018-05-08,0.00597909105605865,0.03703591297192931,0.035658981006468166,0.0014347321980867278,-0.2585635359116022
2018-05-09,0.022108490754202847,0.03526780084936601,0.035815714802654205,-0.048917658793854304,-0.24198895027624312
2018-05-10,-0.028087581810261497,0.03563262515484901,0.035949717996546456,0.010291261788007535,-0.2629834254143646
2018-05-11,0.0,0.03535036781282594,0.0348120490765391,-0.007952855701754377,-0.2629834254143646
2018-05-14,-0.007524489978615989,0.03533755332036856,0.03375304345251917,-0.00036256516719338546,-0.2685082872928177
2018-05-15,-0.007581537452397313,0.033793469848258616,0.03375152314062109,-0.044678634909750985,-0.27403314917127075
2018-05-16,-0.003048782849358389,0.03095085481324832,0.03374730599860544,-0.08786693897298613,-0.2762430939226519
2018-05-17,-0.05652996295065549,0.032159355080985066,0.033157184613151335,0.03830276059923378,-0.30135440180586903
2018-05-18,0.0,0.031306796474854064,0.033108826401783725,-0.026868168443413526,-0.30135440180586903
2018-05-21,0.05957874580001388,0.03137155315454673,0.03416761353313055,0.0020663173951826295,-0.21505376344086025
2018-05-22,-0.029345735139820306,0.03188827566221988,0.03316006924357144,0.016336871167763615,-0.2377538829151732
2018-05-23,0.0,0.03188827566221988,0.03316233253635249,0.0,-0.2377538829151732
2018-05-24,0.04445176257083361,0.03346545664227769,0.033738547651845474,0.048275338915441925,-0.2031063321385902
2018-05-25,0.0,0.03198778311803243,0.033492921851641204,-0.04515969568223602,-0.14377406931964054
2018-05-28,0.0,0.03198778311803243,0.03228190902178152,0.0,-0.12467191601049865
2018-05-29,-0.07307056787648669,0.035999905118951105,0.03269122676070952,0.11816221568448143,-0.18635170603674545
2018-05-30,0.028618805305653083,0.03435358785107714,0.032808752524843436,-0.04680982652917464,-0.1627296587926509
2018-05-31,-0.007867861200614001,0.03067145435843213,0.032696554425543686,-0.11337403150217132,-0.1692913385826772
2018-06-01,-0.07034788524441105,0.03370306031978917,0.03382563256593108,0.09425621800535866,-0.22572178477690286
2018-06-04,0.06400871980067535,0.037072745378861224,0.03494982019799936,0.09529340285631781,-0.1745406824146981
2018-06-05,-0.014411778661303387,0.03709513419053302,0.03497536168344167,0.0006037332183283624,-0.18635170603674545
2018-06-06,-0.07187721153103688,0.039495409075637644,0.03602961552302082,0.0626986157179719,-0.2427821522309711
2018-06-07,0.05561669065925656,0.04170082864989331,0.036846057254484706,0.05433654769770748,-0.19947506561679795
2018-06-08,0.030672299533083702,0.042431351705494884,0.03692379734856573,0.0173665115768407,-0.1745406824146981
2018-06-11,-0.004780885600341733,0.04242015952231861,0.03692428120251769,-0.0002638062761915549,-0.17847769028871396
2018-06-12,-0.011245098415502142,0.042449812670546046,0.03678063114400859,0.0006987899649313294,-0.18766404199475062
2018-06-13,0.0,0.0424550224879888,0.03672052107763115,0.00012272130821171153,-0.18766404199475062
2018-06-14,-0.03284367456914694,0.04118959148687581,0.036925163362219876,-0.030259623280306423,-0.21391076115485563
2018-06-15,-0.04787238845943875,0.042460516193833044,0.037370277705096065,0.030389015489159288,-0.2506561679790026
2018-06-18,0.0,0.03976709086055082,0.03625454004940207,-0.0655348899786671,-0.2506561679790026
2018-06-19,0.03273332724375422,0.04035079980677358,0.036263862267274655,0.014571505160517516,-0.22572178477690286
2018-06-20,0.0,0.04035079980677358,0.03624012069272261,0.0,-0.22572178477690286
2018-06-21,0.06718332564144802,0.042068336839150615,0.03734026198098484,0.04168413727495408,-0.17191601049868765
2018-06-22,0.055484183374410634,0.044043981403039195,0.038055526957737444,0.045893337710838755,-0.12467191601049865
2018-06-25,-0.015106027431013302,0.04417331661839066,0.03810231778041069,0.0029321976890382753,-0.13779527559055116
2018-06-26,0.06767287332605498,0.043247657454657605,0.03869132700388214,-0.02117783651077588,-0.07742782152230976
2018-06-27,-0.021568053877322413,0.04333928644367951,0.03811275416790659,0.0021164623195046054,-0.09711286089238846
2018-06-28,-0.07232066157962613,0.04652930478427138,0.03815998205726585,0.07102277686804512,-0.16010498687664043
2018-06-29,0.0,0.04344440778564207,0.03782188986992499,-0.06860017040761936,-0.16010498687664043
2018-07-02,0.054724899689247763,0.04281528476896007,0.03852001842643109,-0.014586975852411255,-0.11286089238845143
2018-07-03,0.0,0.042616950763797394,0.03852001842643109,-0.004643079132953012,-0.11286089238845143
2018-07-04,-0.04230237969068895,0.04028292403005596,0.038250963641817536,-0.056324407970935415,-0.14960629921259838
2018-07-05,0.0,0.03854533302922658,0.038250963641817536,-0.044092616743221784,-0.14960629921259838
2018-07-06,0.028899349563348053,0.03848037831655535,0.03833973833579016,-0.0016865721865528822,-0.12467191601049865
2018-07-09,0.0,0.03844477035530476,0.03833973833579016,-0.0009257818840982185,-0.12467191601049865
2018-07-10,0.0,0.03830479810319386,0.03797268478047489,-0.0036475089992927274,-0.11185086551264978
2018-07-11,0.0,0.03830479810319386,0.03706579695058948,0.0,-0.11185086551264978
2018-07-12,0.0,0.037346146881439606,0.036891432030958946,-0.0253454147055441,-0.11185086551264978
2018-07-13,0.0,0.03522771100688397,0.03673612532045588,-0.05839671027345584,-0.05120910384068278
2018-07-16,0.0,0.03522771100688397,0.035575691540508415,0.0,-0.05120910384068278
2018-07-17,0.0,0.034764224826196954,0.03557466462591352,-0.013244177851354693,-0.05120910384068278
2018-07-18,0.0,0.034764224826196954,0.03557466462591352,0.0,-0.05120910384068278
2018-07-19,-0.07307056787648669,0.03592762147745868,0.036700187937594046,0.03291755506165252,-0.11806543385490753
2018-07-20,0.0670555121467249,0.03696135095309475,0.03734113236369124,0.028366389938482072,-0.056899004267425335
2018-07-23,-0.07190596628047352,0.04019916640326685,0.03848251488554673,0.08397343951462956,-0.12233285917496439
2018-07-24,-0.07049898310803826,0.039250528597904434,0.03951249353244747,-0.02388134156030824,-0.182076813655761
2018-07-25,0.025752496102414923,0.03993982653342301,0.03901218389629637,0.017409068801791765,-0.16073968705547648
2018-07-26,0.0,0.03694101841294278,0.037991354550788566,-0.0780514207016055,-0.16073968705547648
2018-07-27,-0.03273332724375422,0.03747263128958371,0.03804606994610075,0.014288286628703857,-0.18776671408250356
2018-07-30,0.06606974751134587,0.03850710548432306,0.0390442496953117,0.027231940888900765,-0.13229018492176392
2018-07-31,0.014646315517239827,0.03874844835270159,0.03908835581463852,0.006247928569860673,-0.11948790896159323
2018-08-01,0.045785423667679126,0.039217470256491055,0.039447006472415926,0.012031601750414202,-0.07823613086770986
2018-08-02,0.028899349563348053,0.03974630289194191,0.039468566807435594,0.013394507050743078,-0.05120910384068278
2018-08-03,0.062474924119737096,0.041631307696337216,0.04028423639045992,0.04633563390962329,0.0
2018-08-06,-0.0684899798494989,0.04461199622230286,0.04126097917474485,0.06915030733596673,-0.06619718309859157
2018-08-07,-0.06866971750126538,0.047157531245749645,0.04219497995296525,0.05549091726726258,-0.1281690140845071
2018-08-08,0.0,0.047157531245749645,0.042194298036564284,0.0,-0.1281690140845071
2018-08-09,0.06564856716708967,0.04965001976911787,0.04241376051625113,0.05150505219488196,-0.06901408450704227
2018-08-10,-0.06564856716708967,0.051744458667402,0.043280375061805154,0.04131855070831701,-0.1281690140845071
2018-08-13,0.06564856716708967,0.0540257412041928,0.04342883413757801,0.04314326626891789,-0.06901408450704227
2018-08-14,-0.001514004831214777,0.054026135514854835,0.04325727787697598,7.298542163796006e-06,-0.07042253521126762
2018-08-15,0.009049835519917337,0.05406866753385314,0.043271049745563686,0.0007869390965014248,-0.06197183098591552
2018-08-16,-0.0030075210639548544,0.05128855582957276,0.04289011093567411,-0.05278720566530491,-0.06478873239436622
2018-08-17,0.004507896439189807,0.04906328651777859,0.04289419287554108,-0.04435660885289497,-0.06056338028169017
2018-08-20,0.026628792346601315,0.04630040130004902,0.04303173238601284,-0.0579603857449949,-0.035211267605633756
2018-08-21,-0.04173481977761462,0.044224550793428984,0.04230846709857378,-0.04587053560965051,-0.07464788732394367
2018-08-22,0.04173481977761462,0.04472911017471293,0.04248727162965839,0.011344438746642498,-0.035211267605633756
2018-08-23,0.0014587894636601817,0.04471748458208769,0.04247064863194487,-0.0002599448335145577,-0.033802816901408406
2018-08-24,0.018773114507924404,0.04374883019667966,0.04146756278293933,-0.02189970006454451,-0.015492957746478853
2018-08-27,-0.07114110002524043,0.045244943946308874,0.04175741199041629,0.033626046266922935,-0.08309859154929577
2018-08-28,-0.05040436952397265,0.04669760480247986,0.042232159301590105,0.03160193954814345,-0.1281690140845071
2018-08-29,0.06716028325241119,0.048026316243495785,0.04203695354540006,0.028056235485851386,-0.06760563380281692
2018-08-30,0.035612071788877486,0.04825396621653995,0.04168469065283832,0.004728909059571008,-0.033802816901408406
2018-08-31,0.0,0.04606497976839355,0.04151429667655524,-0.046425012574044355,-0.033802816901408406
2018-09-04,-0.0725393443810951,0.04638171114586921,0.04259411892147074,0.00685222034685737,-0.10140845070422533
2018-09-05,0.04445176257083361,0.04467980044925465,0.04294336661087417,-0.03738370901036751,-0.06056338028169017
2018-09-06,0.0,0.04467980044925465,0.04294336661087417,0.0,-0.06056338028169017
2018-09-07,0.0,0.042236477462929335,0.0427101746161106,-0.056237252498823005,-0.06056338028169017
2018-09-10,0.0,0.03927630734420685,0.04221089748804697,-0.07266275416129817,-0.06056338028169017
2018-09-11,0.0,0.036472781342912666,0.04221089748804697,-0.07405518517688152,-0.06056338028169017
2018-09-12,0.0,0.03647005757557287,0.042025832073747514,-7.46822206162108e-05,-0.06056338028169017
2018-09-13,0.0,0.036414853938578504,0.042025832073747514,-0.0015148164758806582,-0.06056338028169017
2018-09-14,0.028087581810261497,0.03693639378087968,0.04129549586926008,0.01422057579943777,-0.033802816901408406
2018-09-17,-0.05698693137360955,0.03917585210984618,0.041351175042780165,0.0588631775819756,-0.08732394366197183
2018-09-18,0.04230237969068895,0.039916763203815604,0.041669997674319025,0.018735821975569247,-0.04788732394366202
2018-09-19,0.05188483536901067,0.04033376527664137,0.04128655566770997,0.010392597532230458,0.0
2018-09-20,-0.06528786549635157,0.04212628525450929,0.042056097956075934,0.043482921940644514,-0.0632022471910112
2018-09-21,0.055407756896645566,0.04399992868769001,0.04159001271825476,0.043516104374354,-0.0098314606741573
2018-09-24,-0.002840911001603885,0.043814929745881186,0.04159349618883642,-0.004213391142687487,-0.012640449438202195
2018-09-25,-0.005706149576855779,0.040519840842283265,0.041012012159760816,-0.07818285102806914,-0.018258426966292096
2018-09-26,0.0071276139242328895,0.038478093312299795,0.041020691429689435,-0.05170266392313942,-0.011235955056179803
2018-09-27,0.0,0.03573208264916133,0.040631161488330174,-0.07404009563512894,-0.011235955056179803
2018-09-28,0.0,0.03490308541954201,0.040631161488330174,-0.023473719481685505,-0.011235955056179803
2018-10-01,-0.06757342483272488,0.03815423099480796,0.041424837230497995,0.08906139861909565,-0.0758426966292135
2018-10-02,0.05470691423947471,0.03635406329955858,0.042027583809154445,-0.04833066240303744,-0.023876404494381998
2018-10-03,0.03672729172015643,0.03594351774295272,0.042284111605700066,-0.0113572224687763,0.0
2018-10-04,0.0,0.03594351774295272,0.042284111605700066,0.0,0.0
2018-10-05,0.042097186664891595,0.03692284600335244,0.04261021910227576,0.02688173018769099,0.0
2018-10-08,0.0,0.03692284600335244,0.04261021910227576,0.0,0.0
2018-10-09,-0.07165598890643565,0.04080761874714108,0.04365848114628335,0.10003827984833645,-0.06914893617021278
2018-10-10,0.0,0.04080761874714108,0.04365848114628335,0.0,-0.06914893617021278
2018-10-11,0.0,0.04080761874714108,0.04365848114628335,0.0,-0.06914893617021278
2018-10-12,0.0,0.040358427730404,0.042568349678706784,-0.011068556656696848,-0.06914893617021278
2018-10-15,-0.07257069283483553,0.04166633560725321,0.04276894503961346,0.03189325680697985,-0.13430851063829785
2018-10-16,0.0,0.0404749176924863,0.04172324354404481,-0.029011030089948653,-0.13430851063829785
2018-10-17,0.0,0.038459823505671606,0.040657711069225284,-0.05106830196306887,-0.13430851063829785
2018-10-18,0.06396231829823584,0.03856304903306132,0.041328666312027536,0.0026803872404446163,-0.0771276595744681
2018-10-19,0.0,0.036455751369912054,0.041328666312027536,-0.05619529012718771,-0.0771276595744681
2018-10-22,-0.07167245672420286,0.03975924397037495,0.04219132876209884,0.08674311005296934,-0.14095744680851063
2018-10-23,-0.07220456924739516,0.042570496677221445,0.04241138840423036,0.06831906369076955,-0.20079787234042556
2018-10-24,-0.07065815080601112,0.044660672410511665,0.04332364199423016,0.04793184444060413,-0.25531914893617025
2018-10-25,0.05218575317056917,0.0468358554262684,0.04345016136527442,0.04755573826232921,-0.21542553191489366
2018-10-26,0.06400871980067535,0.04957788205933509,0.04409892811879141,0.05689574507046767,-0.16356382978723405
2018-10-29,0.05565578395541415,0.049130132967822066,0.043941130480859215,-0.009072253589365836,-0.11569148936170215
2018-10-30,-0.012103022171244149,0.047496696089163196,0.0430695610575936,-0.033812393021810286,-0.12632978723404253
2018-10-31,0.0,0.04658887285980334,0.042119870340088426,-0.019298415714669646,-0.12632978723404253
2018-11-01,0.0,0.04658887285980334,0.042119870340088426,0.0,-0.12632978723404253
2018-11-02,0.0,0.04529891466834982,0.041255659540474915,-0.028078653228400224,-0.12632978723404253
2018-11-05,0.0633963165587943,0.04793754813843293,0.041144157907408066,0.056615997721539586,-0.06914893617021278
2018-11-06,-0.0014295928095950927,0.04518165192859459,0.04028919710536189,-0.0592079969518202,-0.07047872340425532
2018-11-07,0.0014295928095950927,0.0451829017912739,0.040287960794297674,2.7662669737401277e-05,-0.06914893617021278
2018-11-08,-0.002861232281032855,0.04518743129221004,0.040276870524152665,0.00010024307276423232,-0.07180851063829785
2018-11-09,-0.0028694424279525066,0.045191508278774585,0.04027665426637179,9.02198163525212e-05,-0.07446808510638303
2018-11-12,-0.07145896398214369,0.04509850584709198,0.04133767297808149,-0.00206008260987817,-0.13829787234042556
2018-11-13,-0.06043173918491895,0.047063848913164466,0.04189415632552597,0.042656041871750705,-0.18882978723404253
2018-11-14,0.06351340572232544,0.04938065130466339,0.04239972347306961,0.04805349619120093,-0.13563829787234039
2018-11-15,0.06261359272798828,0.04928943053379918,0.042833005012486304,-0.0018490058316249843,-0.07978723404255317
2018-11-16,-0.008708327891785217,0.04932653886031663,0.04284792630535414,0.00075258238540997,-0.08776595744680848
2018-11-19,0.0,0.04640686916528289,0.042777001359370334,-0.061014746421573195,-0.08776595744680848
2018-11-20,-0.0725393443810951,0.046435475851905605,0.04281660371712259,0.0006162421115125691,-0.15159574468085102
2018-11-21,0.06669137449867257,0.045108152738712035,0.04316302948892053,-0.02900072610634697,-0.09308510638297873
2018-11-22,-0.07298070340623575,0.04754311242192508,0.04334741474733467,0.0525739175435219,-0.15691489361702127
2018-11-23,0.0656223184750484,0.04765227088298292,0.04394279673144336,0.0022933567191540626,-0.09973404255319152
2018-11-26,0.0190203246790297,0.0462319981079943,0.044012962240762975,-0.030258121991714012,-0.08244680851063835
2018-11-27,-0.0705468733536847,0.048928429892249416,0.043957946471094494,0.05668644591806378,-0.14494680851063835
2018-11-28,0.06618956798472908,0.05119128595936175,0.044416619675578056,0.04521069649020893,-0.08643617021276595
2018-11-29,-0.0724298378448136,0.05385046838170911,0.04540352153891013,0.050641770360162965,-0.15026595744680848
2018-11-30,0.06659040519325465,0.055958226504603435,0.04622767458962838,0.03839434864171672,-0.0917553191489362
2018-12-03,-0.07286986067809842,0.0563758532396024,0.047185528372701416,0.007435474357899218,-0.15558510638297873
2018-12-04,0.06552228904770452,0.05853742862874423,0.04795671934991822,0.03762541594012001,-0.09840425531914898
2018-12-05,0.0,0.05853450344817657,0.04795671934991822,-4.9972354887453316e-05,-0.09840425531914898
2018-12-06,0.021882711249507025,0.05876740145441623,0.04803775170173628,0.003970920553350481,-0.07845744680851063
2018-12-07,0.0,0.058764453759514036,0.04790238152601238,-5.0159922956171354e-05,-0.07845744680851063
2018-12-10,0.0,0.05632664351720425,0.047311218183235665,-0.04236947176885472,-0.07845744680851063
2018-12-11,0.0,0.05430944247094659,0.04700127768776513,-0.036469552161932636,-0.07845744680851063
2018-12-12,-0.0028901754222339093,0.052636709883953144,0.04651403035760022,-0.03128431760395107,-0.0811170212765957
2018-12-13,0.0,0.05073582128877397,0.04572974260730927,-0.0367815803266296,-0.0811170212765957
2018-12-14,0.0,0.05069515719148073,0.045159876832695754,-0.0008018081273195673,-0.0811170212765957
2018-12-17,0.0,0.05069515719148073,0.0451586934776666,0.0,-0.0811170212765957
2018-12-18,0.0,0.04771199037721021,0.04515309553742951,-0.060647637898382095,-0.0811170212765957
2018-12-19,0.0,0.04537233537310918,0.045142887218536876,-0.05028015978863324,-0.0811170212765957
2018-12-20,0.0,0.04194366923608973,0.045142887218536876,-0.07857503889122228,-0.0811170212765957
2018-12-21,0.0,0.03938307245177966,0.045142887218536876,-0.06299140311075084,-0.0811170212765957
2018-12-24,-0.0704410976633163,0.04221039050875032,0.04521676558645787,0.06933030353191397,-0.1436170212765957
2018-12-25,0.0,0.03914456539604029,0.04463540669871468,-0.07540479488117335,-0.1436170212765957
2018-12-26,-0.07243712798890378,0.039095292605802016,0.045280511020508674,-0.0012595315332945209,-0.20345744680851063
2018-12-27,0.06307668522934051,0.03887382187277502,0.046078650483143586,-0.005681000055955775,-0.15159574468085102
2018-12-28,0.06669137449867257,0.03888294118276782,0.04658453731042434,0.00023455985899242668,-0.09308510638297873
2019-01-02,0.0,0.034914134270261306,0.04658453731042434,-0.10766385456336068,-0.02571428571428569
2019-01-03,0.0,0.03172328503527263,0.045668341289139415,-0.0958407568915095,-0.02571428571428569
2019-01-04,0.0,0.03172328503527263,0.045668341289139415,0.0,-0.02571428571428569
2019-01-07,0.0,0.031314235850528775,0.045668341289139415,-0.012978137167014372,-0.02571428571428569
2019-01-08,0.0,0.031314235850528775,0.045668341289139415,0.0,-0.02571428571428569
2019-01-09,0.0,0.031314235850528775,0.04467566413916406,0.0,-0.02571428571428569
2019-01-10,-0.07298070340623575,0.03522420539667325,0.04567934762071737,0.11766065049277079,-0.0942857142857143
2019-01-11,-0.07192641753746187,0.038310787861854746,0.04660204957346566,0.08399800147111083,-0.15714285714285714
2019-01-14,0.0,0.038310787861854746,0.045800632270465685,0.0,-0.15714285714285714
2019-01-15,0.0,0.038310787861854746,0.045800632270465685,0.0,-0.15714285714285714
2019-01-16,0.047982735784831476,0.04028323983767525,0.04534958148534858,0.05020396080929291,-0.11571428571428577
2019-01-17,0.0,0.04028323983767525,0.04436765765745417,0.0,-0.11571428571428577
2019-01-18,0.017614546700981393,0.040601159136394706,0.04342182766938658,0.007861116886524326,-0.09999999999999998
2019-01-21,0.0,0.040601159136394706,0.042918526770826984,0.0,-0.09999999999999998
2019-01-22,-0.07069499955748171,0.04317355363656599,0.04309445380047133,0.06143149241722126,-0.16142857142857148
2019-01-23,0.005097717071668839,0.040669426767044395,0.04245439037957524,-0.05975148410554438,-0.15714285714285714
2019-01-24,0.01680711831638071,0.04093742901949746,0.042501749492363614,0.006568152826621639,-0.1428571428571429
2019-01-25,0.0,0.03758829971758085,0.042501749492363614,-0.08535193350800094,-0.1428571428571429
2019-01-28,0.04879016416943216,0.036446583102256416,0.04299505818638166,-0.0308451039021648,-0.09999999999999998
2019-01-29,0.0,0.03283486136960748,0.04299505818638166,-0.1043568842269434,-0.09999999999999998
2019-01-30,0.055569851154810834,0.035436203486641504,0.04280877335200332,0.0762431749438553,-0.0485714285714286
2019-01-31,0.0,0.035436203486641504,0.042808831727716636,0.0,-0.0485714285714286
2019-02-01,0.0,0.035436203486641504,0.042807964174091086,0.0,-0.045845272206303744
2019-02-11,0.0,0.035436203486641504,0.042807256566046635,0.0,-0.0431034482758621
2019-02-12,0.0,0.035436203486641504,0.04280648799429198,0.0,-0.038961038961038974
2019-02-13,0.0,0.035436203486641504,0.041787352903541616,0.0,-0.038961038961038974
2019-02-14,0.0,0.031152874081702284,0.04101606443389722,-0.12882744926095563,-0.038961038961038974
2019-02-15,0.0,0.025806240432630193,0.04019897487870912,-0.18829010042327537,-0.038961038961038974
2019-02-18,0.0,0.025806240432630193,0.03936066336304338,0.0,-0.038961038961038974
2019-02-19,0.0,0.025806240432630193,0.039346454423216805,0.0,-0.038961038961038974
2019-02-20,0.0,0.02386057289197211,0.039346454423216805,-0.07838888137351949,-0.038961038961038974
2019-02-21,0.0,0.02386057289197211,0.03819272100782658,0.0,-0.038961038961038974
2019-02-22,-0.07157019250125174,0.028913873280404012,0.03831542856134327,0.19209402404999848,-0.10533910533910529
2019-02-25,-0.016260520871780315,0.029118086454857483,0.03720785730350497,0.007037982103267455,-0.11976911976911975
2019-02-26,0.0,0.024159331062681505,0.03617719614459687,-0.18668875339751895,-0.11976911976911975
2019-02-27,0.0,0.02415094947574929,0.03607541716624917,-0.0003469896449783074,-0.11976911976911975
2019-02-28,0.0,0.023887372329754436,0.034936913584944086,-0.010973725617410774,-0.11976911976911975
2019-03-01,0.0,0.023887372329754436,0.033810130303135864,0.0,-0.11976911976911975
2019-03-04,-0.01652930195121094,0.021310856101830884,0.032583902519635784,-0.11413329527545182,-0.1341991341991342
2019-03-05,0.0,0.021310856101830884,0.03135173901677148,0.0,-0.1341991341991342
2019-03-06,0.0,0.016408220303055214,0.02994604108720703,-0.26143403156724504,-0.1341991341991342
2019-03-07,0.0,0.016408220303055214,0.028647657067820676,0.0,-0.1341991341991342
2019-03-08,0.031175617468450767,0.01830161933696106,0.028966179738820923,0.10920703399667193,-0.10678210678210676
2019-03-11,-0.07199761198870469,0.02379915884645036,0.030190453064818525,0.26266056695894757,-0.16883116883116878
2019-03-12,0.0,0.02379915884645036,0.030190453064818525,0.0,-0.16883116883116878
2019-03-13,-0.058998340761956314,0.026369653119560046,0.03103728330901389,0.10256356749408749,-0.21645021645021645
2019-03-14,-0.035617635612894105,0.02684238257413807,0.031297733928684034,0.01776822509338252,-0.24167872648335742
2019-03-15,-0.05693392175235168,0.028473339735610857,0.03201541042055605,0.05898610256551055,-0.2836468885672938
2019-03-18,0.0,0.028473339735610857,0.03201541042055605,0.0,-0.2836468885672938
2019-03-19,0.06831924397747713,0.03392350802888,0.0334014107113395,0.17513996821712546,-0.23299565846599135
2019-03-20,0.06571707165701568,0.03802294426101354,0.034604651188122046,0.11408151583655905,-0.1808972503617945
2019-03-21,0.06663437982765963,0.04153083005185237,0.035763059630222305,0.0882462481728021,-0.12445730824891466
2019-03-22,0.06711783647005909,0.041374053732052996,0.03686619667113062,-0.003782080420407271,-0.06367583212735162
2019-03-25,0.06434530309040376,0.04336617994887019,0.037822130664326915,0.04702589945731721,-0.0014471780028944004
2019-03-26,-0.0705468733536847,0.04663930560808502,0.038902487517535535,0.07276376394248556,-0.06811594202898552
2019-03-27,-0.07255397028698773,0.049583742325231335,0.03896712955931502,0.061219337970254716,-0.1333333333333333
2019-03-28,-0.07102551402334889,0.05199376484990234,0.03999425566108767,0.047460791011435924,-0.19275362318840583
2019-03-29,0.06599616561834587,0.05433873434118908,0.03987938573073468,0.04411349929149804,-0.1376811594202898
2019-04-01,-0.041172195889618735,0.054979171392994935,0.03934713545838208,0.011717097166652968,-0.172463768115942
2019-04-02,-0.001752848827415221,0.05497641198398117,0.038304700734562894,-5.019133049330072e-05,-0.17391304347826086
2019-04-03,-0.06711493666275103,0.05682875985416953,0.039185729982724966,0.033138306892729376,-0.22753623188405792
2019-04-04,0.06711493666275103,0.05913167334744344,0.04024850460428568,0.039724169002209736,-0.17391304347826086
2019-04-05,0.001752848827415221,0.05861178720139633,0.04025134762779522,-0.008830884261421618,-0.172463768115942
2019-04-08,0.03273332724375422,0.05687299950806902,0.0405131337698442,-0.030115114752946832,-0.14492753623188404
2019-04-09,-0.07020425867324853,0.059074896300339394,0.0414452706713356,0.03798535795976187,-0.2028985507246377
2019-04-10,-0.027651531330509016,0.057895770644188556,0.04155831291407819,-0.020161728191912153,-0.2246376811594203
2019-04-11,0.06512246276000333,0.059072168153283436,0.04150003686522652,0.020115545976429373,-0.172463768115942
2019-04-12,-0.039290768146480914,0.0582354922547287,0.04077208014642903,-0.01426488160550482,-0.20434782608695656
2019-04-16,0.05665231534238124,0.059337796278869016,0.04145068401780918,0.01875147236791932,-0.15797101449275364
2019-04-17,-0.05120271057481496,0.058961668568479106,0.041969153222577125,-0.006358928414582623,-0.19999999999999996
2019-04-18,0.01795380361659582,0.057187082684288966,0.04155076698803431,-0.03055949654061383,-0.1855072463768116
2019-04-19,-0.0017809443709957407,0.05497241544702278,0.041550233444124195,-0.03949651654675557,-0.18695652173913047
2019-04-22,-0.04186234536091149,0.052939040437501736,0.04179187014491342,-0.037690443944119356,-0.2202898550724638
2019-04-23,-0.003724399090982544,0.050070673439074856,0.04179066196497608,-0.05570558413832564,-0.22318840579710142
2019-04-24,0.005581409838194773,0.04829817794312293,0.04083624726373248,-0.03604163267142538,-0.21884057971014492
2019-04-25,0.022019238243917272,0.046319074524092035,0.04094033544654792,-0.04183997434016413,-0.20144927536231882
2019-04-26,-0.020165669594593538,0.04377736082277968,0.04094387683716349,-0.05643703291690971,-0.21739130434782605
2019-05-02,-0.0037105793965359624,0.04078954224409082,0.04094398183969463,-0.07069105982294065,-0.2202898550724638
2019-05-03,0.03290973408879694,0.040698809469952295,0.040661646464345495,-0.002226889793614422,-0.1942028985507246
2019-05-06,0.0,0.04069974065236847,0.040661646464345495,2.2879576749630377e-05,-0.1942028985507246
2019-05-07,-0.042246870084737154,0.03892246898082949,0.040270001797239115,-0.04465001639702151,-0.22753623188405792
2019-05-08,0.009337135995940216,0.03568876198806621,0.04030262064647036,-0.08673582037662163,-0.2202898550724638
2019-05-09,0.005560718684696653,0.035724966993296185,0.04031733022502645,0.0010139506425093112,-0.2159420289855073
2019-05-10,0.0036900410874540768,0.03478688176792692,0.04032551820214145,-0.02660943733544027,-0.21304347826086956
2019-05-13,0.0,0.031119577543000966,0.04032551820214145,-0.11140319702302512,-0.21304347826086956
2019-05-14,0.04501209878721646,0.03202851546801482,0.04080573477372872,0.028789481132810452,-0.1768115942028986
2019-05-15,-0.0635999945553074,0.03181914758126519,0.04155483983091729,-0.006558378540926321,-0.22753623188405792
2019-05-16,0.06711493666275103,0.03430823055267048,0.04254791684804997,0.07531702661100058,-0.17391304347826086
2019-05-17,0.001752848827415221,0.03179954504647767,0.042550329976775145,-0.07593327722652572,-0.172463768115942
2019-05-20,-0.012334958157952158,0.029678442631459585,0.042567521856161084,-0.06903101555764773,-0.18260869565217386
2019-05-21,-0.012489011570774977,0.0295476049635208,0.04258427597374875,-0.004418253181123229,-0.19275362318840583
2019-05-22,-0.0017969456767019665,0.02954764320541251,0.0425827774088803,1.2942454750304355e-06,-0.1942028985507246
2019-05-23,-0.049779862392282936,0.030178030787968494,0.0420780614891629,0.021110210724311157,-0.23333333333333328
2019-05-24,0.05873247366439749,0.03296689896073974,0.04277481225593892,0.08838976593197044,-0.18695652173913047
2019-05-27,0.01591545530589933,0.0331020849420487,0.042832922071517704,0.004092272078678097,-0.17391304347826086
2019-05-28,0.0,0.03279381893526487,0.042832922071517704,-0.009356216209176026,-0.17391304347826086
2019-05-29,0.015666116744400327,0.03251425474370973,0.04288764342647694,-0.00856144723993244,-0.16086956521739126
2019-05-30,-0.013913267916985106,0.032712552800659836,0.0429204647499023,0.00608027939837353,-0.172463768115942
2019-05-31,0.0,0.031946354508108336,0.042872780430106595,-0.023700800194382643,-0.172463768115942
2019-06-03,0.0,0.031946354508108336,0.042872780430106595,0.0,-0.172463768115942
2019-06-04,-0.001752848827415221,0.03027880023394947,0.04287280547607599,-0.053610251780058384,-0.17391304347826086
2019-06-05,0.03448617607116944,0.03105259716736385,0.04311494449724682,0.025234635941678733,-0.14492753623188404
2019-06-06,0.0,0.031068557261545903,0.04291683411590197,0.0005138375016229041,-0.14492753623188404
2019-06-07,0.0,0.03108354310821081,0.041886555572685134,0.00048223123736294073,-0.14492753623188404
2019-06-10,0.0,0.03108354310821081,0.041886555572685134,0.0,-0.14492753623188404
2019-06-11,-0.06476453537742977,0.03311435376564313,0.04203151183113804,0.06328829854107458,-0.1985507246376812
2019-06-12,0.0,0.02969818010285695,0.04176625956115366,-0.1088810342233019,-0.1985507246376812
2019-06-13,0.04939275532957588,0.027855325813752038,0.04152590405295898,-0.06406156547392024,-0.15797101449275364
2019-06-14,0.0,0.027855443301859045,0.04152590405295898,4.2177864960743845e-06,-0.15797101449275364
2019-06-17,0.0,0.027683754081733826,0.04062209874147504,-0.006182649850574691,-0.15797101449275364
2019-06-18,-0.07133147800542972,0.0320322523935436,0.040804464023225163,0.1458974875898551,-0.2159420289855073
2019-06-19,0.05396993080952939,0.03434484852814658,0.040481450454500884,0.06970873381175913,-0.172463768115942
2019-06-20,0.0,0.03218151545502404,0.03948328040854146,-0.06505978425394059,-0.172463768115942
2019-06-21,-0.003508775529679653,0.029488611696120135,0.038508080909555764,-0.08738806053759018,-0.11508553654743392
2019-06-24,0.0,0.02927056623489588,0.03748063090448611,-0.007421696338899628,-0.04849498327759194
2019-06-25,0.0,0.02927056623489588,0.03631942624149028,0.0,-0.043697478991596594
2019-06-26,0.01914766941413326,0.029379339510455,0.03521431962824977,0.0037092425570762165,-0.025210084033613467
2019-06-27,-0.01563889388445361,0.029425115550807807,0.03421045685245816,0.0015568900003450096,-0.03220338983050852
2019-06-28,0.0,0.029425115550807807,0.03379501239553478,0.0,-0.03220338983050852
2019-07-01,0.0394901097066338,0.030721504901460965,0.03417604362109446,0.04311430031757493,0.0
2019-07-02,-0.0394901097066338,0.03209084350854701,0.033424966066207866,0.043607831842931426,-0.03872053872053871
2019-07-03,-0.03384116337891463,0.031872357258788335,0.03257824163399659,-0.006831647840496003,-0.07070707070707072
2019-07-04,0.0,0.031872357258788335,0.032576941334855204,0.0,-0.07070707070707072
2019-07-05,0.01795380361659582,0.03222196425743787,0.0323761591511433,0.010909245891215107,-0.05387205387205385
2019-07-08,0.0,0.03222196425743787,0.03106791974770839,0.0,-0.05387205387205385
2019-07-09,0.0070922283094905225,0.02872180731059798,0.030860072341999587,-0.11499163114633014,-0.047138047138047146
2019-07-10,0.008795131452828286,0.028770372437885845,0.02970978224009208,0.0016894514056420545,-0.03872053872053871
2019-07-11,-0.001752848827415221,0.02648078984153699,0.029260206557314403,-0.08292653430643669,-0.04040404040404044
2019-07-12,0.0,0.02648078984153699,0.028320601692323047,0.0,-0.04040404040404044
2019-07-15,0.0,0.02648078984153699,0.027521499484680904,0.0,-0.04040404040404044
2019-07-16,-0.03208831455149941,0.02207988153235192,0.027742048073305013,-0.18175262719597393,-0.07070707070707072
2019-07-17,0.0,0.018228297718480533,0.027741388599844874,-0.1916915540165526,-0.07070707070707072
2019-07-18,0.03208831455149941,0.019734972217794095,0.027503903966082262,0.07941705316899345,-0.04040404040404044
2019-07-19,0.0,0.019718547766811777,0.02749734779664966,-0.0008325971224653894,-0.04040404040404044
2019-07-22,0.001752848827415221,0.019722032112474176,0.027491036718367418,0.00017668826955624602,-0.03872053872053871
2019-07-23,0.008718451039881003,0.019814088784187067,0.02737172086113193,0.004656844901315189,-0.030303030303030276
2019-07-24,0.05735129647146486,0.0232404070070037,0.02818557423019521,0.15949913121185544,0.0
2019-07-25,0.0,0.022857155749647865,0.028176831194053682,-0.01662820760036256,0.0
2019-07-26,0.0,0.022857155749647865,0.02788559443216968,0.0,0.0
2019-07-29,-0.0032840752011900065,0.021236741511568756,0.027891900410172813,-0.07353142506472787,-0.003278688524590123
2019-07-30,-0.003294895896852168,0.019015988733613688,0.027303757010536122,-0.11045257919831823,-0.006557377049180357
2019-07-31,-0.021685587071589296,0.017941258979509926,0.027458440242580637,-0.05817707468917838,-0.02786885245901638
2019-08-01,-0.029086738301833392,0.01936901894181723,0.027737117776581704,0.07657175532004651,-0.05573770491803276
2019-08-02,-0.04255961441879563,0.021387957508758777,0.02829931189948248,0.09915315385825205,-0.09508196721311479
2019-08-05,-0.01643872634316068,0.021665709230416084,0.028381465595306275,0.012902754493307961,-0.10983606557377046
2019-08-06,0.02724964244737471,0.022548088801639925,0.02799398946775974,0.039919499601319915,-0.08524590163934431
2019-08-07,0.0230302472747006,0.023082323770081577,0.026885755957611415,0.023416801036817477,-0.06393442622950818
2019-08-08,-0.01588735976231881,0.023353604751783212,0.025535451749256168,0.01168422640774106,-0.07868852459016396
2019-08-09,-0.04923510299768452,0.025747483711301006,0.026304980788219853,0.09758551128239001,-0.12295081967213117
2019-08-12,0.009302392662313252,0.02589135409314751,0.026296457999202577,0.0055721896346865194,-0.11475409836065575
2019-08-13,0.0,0.024951776428447172,0.026251148921948325,-0.03696406043453334,-0.11475409836065575
2019-08-14,0.052311294568010425,0.02766705646997792,0.027121383981852216,0.10329734977326119,-0.06721311475409841
2019-08-15,0.0,0.026714910929540786,0.026310052457981233,-0.035020524118440075,-0.06721311475409841
2019-08-16,0.003508775529679653,0.02672703628123337,0.02520662814821315,0.00045377640582821085,-0.06393442622950818
2019-08-19,0.0,0.026724162183832376,0.02512306049319522,-0.0001075409499089971,-0.06393442622950818
2019-08-20,-0.05027988972207531,0.028880381025537045,0.02594903498013669,0.07759437251472504,-0.10983606557377046
2019-08-21,-0.018587895768090945,0.025305942444994223,0.025957237129502847,-0.13212321103190627,-0.1262295081967213
2019-08-22,0.018587895768090945,0.025901106045325282,0.0260302690517897,0.023246415763751558,-0.10983606557377046
2019-08-23,0.05027988972207531,0.028776038305766038,0.02685400619458934,0.10525732674413835,-0.06393442622950818
2019-08-26,0.03273332724375422,0.029883049409370022,0.027184471558345358,0.03774835982059391,-0.032786885245901676
2019-08-27,-0.07020425867324853,0.03360748375910635,0.028677899841194284,0.11745732575186889,-0.09836065573770492
2019-08-28,0.0,0.03338474719687467,0.028306050481235672,-0.006649646184324237,-0.09836065573770492
2019-08-29,-0.038929846368217724,0.03384705593806991,0.028721895570930904,0.013752892795424517,-0.13278688524590165
2019-08-30,0.06583729928814286,0.036000907547883085,0.03002081212043661,0.06169210831458543,-0.07377049180327866
2019-09-03,0.06010392406970411,0.03804179078038692,0.031031071830986766,0.05514115011111154,-0.016393442622950838
2019-09-04,0.0,0.03768897350276643,0.029833459134771857,-0.009317738713443418,-0.016393442622950838
2019-09-05,0.0,0.03741582549096043,0.029833459134771857,-0.0072738133127125655,-0.016393442622950838
2019-09-06,-0.07257069283483553,0.040867690848031255,0.030649093836264282,0.0882460170887535,-0.08524590163934431
2019-09-09,-0.068608920627943,0.04229201606363802,0.03187874446430437,0.034258518402082785,-0.14590163934426226
2019-09-10,0.0,0.04222006863589406,0.03187874446430437,-0.0017026542027617194,-0.14590163934426226
2019-09-11,0.06501825249721449,0.04479017968683769,0.03169872827817589,0.059093230291220336,-0.08852459016393444
2019-09-12,-0.0631007063679423,0.04532529683174047,0.03195096847222595,0.011876390972869761,-0.1442622950819672
2019-09-13,0.0666913744986708,0.04803156084518067,0.033141725585016886,0.05799299443261845,-0.08524590163934431
2019-09-16,0.0230302472747006,0.048324953281776814,0.033276137929312624,0.006089744633480477,-0.06393442622950818
2019-09-17,-0.04843996280006735,0.04952395995363767,0.033860073057965796,0.024508528579474737,-0.1081967213114754
2019-09-18,0.0,0.04822584724261149,0.033860073057965796,-0.026561459324840272,-0.1081967213114754
2019-09-19,-0.007380107297622729,0.0480622007843296,0.03376894107776233,-0.003399104773795076,-0.11475409836065575
2019-09-20,0.007380107297622729,0.04790716171731161,0.03373275622679017,-0.003231013847405028,-0.1081967213114754
2019-09-23,-0.01855340789574811,0.046565602872744465,0.03381017948355478,-0.028402868361153653,-0.12459016393442623
2019-09-24,-0.007518832414028509,0.04578734574230519,0.03339537751309627,-0.016854370039242846,-0.1311475409836066
2019-09-25,0.06748229718158605,0.04587575294479694,0.03420030724233132,0.0019289596769293475,-0.07049180327868854
2019-09-26,0.05323145022287967,0.047304709563919065,0.034590193070384426,0.03067313269860329,-0.01967213114754096
2019-09-27,-0.07102551402334889,0.049344712242067656,0.035829742167976276,0.04222074482663084,-0.08688524590163937
2019-09-30,0.06431407943536094,0.04924300805656606,0.036709270257900266,-0.002063222491399419,-0.02622950819672132
2019-10-01,-0.07152131784030935,0.04993047354182566,0.03788222764127926,0.013864116640761606,-0.09344262295081962
2019-10-02,-0.02749944136055049,0.05019020789102912,0.038031229105623274,0.005188436120681423,-0.11803278688524588
2019-10-03,-0.026366875840743376,0.050385329698215464,0.03815087690745213,0.003880108779186834,-0.14098360655737707
2019-10-04,0.06286727806026882,0.05017753162382955,0.03904333205748435,-0.004132705177238219,-0.08524590163934431
2019-10-07,-0.01262415322839594,0.04764638356150523,0.039075390921327634,-0.05176060735952197,-0.09672131147540985
2019-10-08,0.0,0.04764638356150523,0.039075390921327634,0.0,-0.09672131147540985
2019-10-09,0.0,0.045340025782912644,0.038855605116490465,-0.04961650693143219,-0.09672131147540985
2019-10-10,-0.014625489218978771,0.043052687607261095,0.038901261527870955,-0.05176554319184684,-0.10983606557377046
2019-10-11,-0.0432805083584622,0.041340476321913046,0.039055100144938334,-0.04058257296036903,-0.14754098360655743
2019-10-14,0.06513930217096053,0.04376536616749049,0.039992478641342394,0.05700068817486655,-0.0901639344262295
2019-10-15,-0.021858793812498334,0.042651793186627755,0.040086549524551277,-0.02577345456894206,-0.10983606557377046
2019-10-16,-0.035617635612894105,0.04338503596155104,0.04031538624098119,0.017045266887278386,-0.14098360655737707
2019-10-17,0.052056361956054786,0.04499377982227801,0.040189807824545405,0.036409657664567587,-0.09508196721311479
2019-10-18,-0.052056361956054786,0.04649491383336416,0.040711750753162274,0.0328186654629821,-0.14098360655737707
2019-10-21,0.052056361956054786,0.04782346875842591,0.04131683043729339,0.02817356455862459,-0.09210526315789469
2019-10-22,0.01795380361659582,0.04790534261531892,0.04139362811899375,0.0017105374771892396,-0.0726072607260726
2019-10-23,-0.0700101655726506,0.04801968706175502,0.0423332106852536,0.0023840383920309366,-0.1266666666666667
2019-10-24,0.0019065782705816048,0.04613793115942817,0.0422607665350816,-0.03997565203718275,-0.125
2019-10-25,0.06632264293107326,0.04625130355355566,0.043013726521503,0.0024542345619240854,-0.06499999999999995
2019-10-28,-0.01617285924560008,0.04383187105718985,0.042709603657628284,-0.053728434087385424,-0.07999999999999996
2019-10-29,0.0,0.0408184920459572,0.04265505490839664,-0.07122597048869775,-0.07999999999999996
2019-10-30,-0.05014978368547318,0.041918383470493426,0.042994440656653976,0.026589255441347714,-0.125
2019-10-31,0.06632264293107326,0.04406126200688065,0.043761260702287544,0.049856495258387014,-0.06499999999999995
2019-11-01,-0.01617285924560008,0.041941491605976745,0.04376300039898376,-0.049305382332544924,-0.07999999999999996
2019-11-04,0.03208831455149941,0.04245204995708735,0.04348013776943647,0.012099609744504608,-0.050000000000000044
2019-11-05,0.01911439602331555,0.04262668161568694,0.043530101680571226,0.004105182566033031,-0.03166666666666662
2019-11-06,-0.01736154719590033,0.0428596496341824,0.043596000928925994,0.005450427859510604,-0.04833333333333334
2019-11-07,-0.003508775529679653,0.0427074708717571,0.04307341738460827,-0.0035569477248170054,-0.05166666666666664
2019-11-08,0.0,0.04134918252431201,0.04307341738460827,-0.032321207498401464,-0.05166666666666664
2019-11-11,0.01742204344666476,0.038974753462545884,0.04313004136117881,-0.05913854747888185,-0.03500000000000003
2019-11-12,-0.015666116744400327,0.0387984558305724,0.04317886133874769,-0.004533640573824749,-0.050000000000000044
2019-11-13,-0.014134510934903588,0.037978473317713174,0.04271555190910656,-0.02136093452105102,-0.06333333333333335
2019-11-14,0.0,0.036218644272777024,0.04264157004536686,-0.047445473370187514,-0.06333333333333335
2019-11-15,0.0017777782459980074,0.03400909386969993,0.04257844885860488,-0.0629460478589362,-0.06166666666666665
2019-11-18,-0.052883789179494656,0.03423241245722581,0.042621345206186635,0.006544970393546919,-0.10999999999999999
2019-11-19,0.06524052186840024,0.03716552876699729,0.043260738884553084,0.08220873465358491,-0.050000000000000044
2019-11-20,0.042925044717033956,0.03432663822126046,0.04263536057506882,-0.07945998609471512,-0.008333333333333304
2019-11-21,-0.042925044717033956,0.03605270164756124,0.04301616562023673,0.04906011137401872,-0.050000000000000044
2019-11-22,0.03448617607116944,0.03379340563056838,0.042916861288036096,-0.06471610029167461,-0.01666666666666672
2019-11-25,0.0,0.03351491241077981,0.04208592354285856,-0.008275194935194838,-0.01666666666666672
2019-11-26,0.0,0.03351491241077981,0.04135754118262123,0.0,-0.01666666666666672
2019-11-27,-0.008510689667907911,0.031233642374946666,0.04137115657469888,-0.07049466944410457,-0.025000000000000022
2019-11-28,-0.0103093696588612,0.02788934643975013,0.04139077817262025,-0.11325098887665104,-0.0317725752508361
2019-11-29,-0.013913267916985106,0.02781813443701407,0.04034133666059787,-0.0025566410413150322,-0.04515050167224077
2019-12-02,0.0,0.02688236668171686,0.039311808026217566,-0.034217555420717485,-0.04515050167224077
2019-12-03,-0.005267790934858851,0.026524576381885764,0.03932115812345828,-0.013398839106313258,-0.050167224080267525
2019-12-04,-0.0017621149933990665,0.02625013783331196,0.03842596310022365,-0.010400470091616435,-0.05183946488294311
2019-12-05,-0.00530505222969424,0.026264577873320254,0.03752281868562549,0.0005499424181773834,-0.05685618729096986
2019-12-06,0.05182506786458596,0.028749389461700713,0.03713067091711107,0.09039531555135576,-0.006688963210702337
2019-12-09,-0.07152131784030935,0.03284949111545861,0.038173437803603605,0.1333196793347443,-0.07525083612040129
2019-12-10,-0.005439723295818766,0.03270973725358537,0.03765897941598051,-0.004263443436021512,-0.08026755852842804
2019-12-11,0.04965559044586065,0.03450315907371401,0.03819667044509537,0.05337806239255273,-0.03344481605351168
2019-12-12,-0.06800472911405642,0.037838441718018354,0.03921077016017864,0.09227464977591673,-0.09698996655518399
2019-12-13,0.03815176596437553,0.03888897851876159,0.03950904101128044,0.027385312251252972,-0.061872909698996614
2019-12-16,-0.01617285924560008,0.03709535816858191,0.03949076081103937,-0.04721902444367733,-0.07692307692307687
2019-12-17,-0.029413885206293955,0.03450394692790251,0.039667375643065085,-0.07241810358839121,-0.10367892976588633
2019-12-18,0.005581409838194773,0.03285463875586635,0.03868017449405051,-0.04898076146628929,-0.09866220735785958
2019-12-19,0.06639208978689481,0.03521177370030465,0.03902777160221819,0.06928754123960192,-0.031932773109243695
2019-12-20,0.03915393741955775,0.03546330086610051,0.03824333211423966,0.007117874529597085,0.0
2019-12-23,0.0,0.03546330086610051,0.0373352203656763,0.0,0.0
2019-12-24,-0.07269635818816589,0.03908549763954019,0.037373735225777534,0.09725308435322566,-0.07011686143572626
2019-12-25,0.06599616561834587,0.04196501435843381,0.038143816083728826,0.0710847683019999,-0.006677796327211993
2019-12-26,-0.0713967187983453,0.04493758927772547,0.03913508344062729,0.06843832673785363,-0.07512520868113526
2019-12-27,0.0,0.04485444517509314,0.038280904514024654,-0.0018519261398303513,-0.07512520868113526
2019-12-30,0.04586341679318018,0.04609110207909457,0.03869947832216549,0.027197216286973573,-0.03171953255425708
2019-12-31,-0.03330719801776816,0.046707130109710705,0.03895002350578279,0.01327691126340886,-0.06343906510851416
2020-01-02,0.05040163137706877,0.048076373645760145,0.03948329911251719,0.028894025914285842,-0.015025041736227096
2020-01-03,0.01680711831638071,0.048154017954945956,0.039479103593110326,0.0016137170099060035,0.0
2020-01-06,-0.0016680571006961742,0.04677057068602426,0.03903923248866339,-0.029150401613051057,-0.0016666666666667052
2020-01-07,-0.015139061215684535,0.04381175191431663,0.038218097889839535,-0.06535206925120768,-0.01666666666666672
2020-01-08,-0.001696353248178184,0.04378071260743687,0.038101993357830266,-0.0007087208074630125,-0.018333333333333313
2020-01-09,-0.001699235752960604,0.04241116419581372,0.03779451829605312,-0.0317817275110902,-0.020000000000000018
2020-01-10,0.028501510132215913,0.03955802692577534,0.03738503588400881,-0.06964298705293462,0.0
2020-01-13,-0.008298802814696415,0.038909677124631094,0.0367433109593896,-0.016525636855269282,-0.008264462809917328
2020-01-14,-0.018503471564558893,0.038974692028079266,0.036248265403876635,0.0016695237455630956,-0.026446280991735516
2020-01-15,-0.06306818212925158,0.041126017462365036,0.03710802682211187,0.05372842295255727,-0.08595041322314045
2020-01-16,0.045944476050660654,0.04230708030087516,0.03642757206250589,0.02831349875096192,-0.04297520661157028
2020-01-17,0.018820059326769112,0.03985604056524651,0.03649486441823504,-0.059680464194204294,-0.024793388429752095
2020-01-20,0.0,0.03884240815953617,0.03550284706563233,-0.025761326218096563,-0.024793388429752095
2020-01-21,-0.03624210277343387,0.039642394327636665,0.03575946241609165,0.020386460700617542,-0.05950413223140494
2020-01-22,0.008748962193235954,0.036082844373695584,0.03577520036028682,-0.09408155728183068,-0.05123966942148761
2020-01-30,-0.07036264942355963,0.03613799211903697,0.03635219819949599,0.0015271975088111316,-0.11570247933884292
2020-01-31,0.027651531330509016,0.03327916445079461,0.035494752218780706,-0.08241319244769633,-0.09090909090909094
2020-02-03,0.025135973271542156,0.03376466059132425,0.035582763768089096,0.01448319757881908,-0.06776859504132227
2020-02-04,-0.06217724495189181,0.034817714331286664,0.03623316160131751,0.03071156992752774,-0.12396694214876036
2020-02-05,0.029741969198738616,0.03492702314559847,0.0363599694512734,0.003134541082826958,-0.09752066115702485
2020-02-06,-0.01290340483590846,0.03279302728857952,0.0363305846999168,-0.06304490299970666,-0.10909090909090913
2020-02-07,-0.07111545121726692,0.03556002939799614,0.03744232154395207,0.08100630350647059,-0.1702479338842975
2020-02-10,0.0,0.035579875280486443,0.03744232154395207,0.0005579393876174377,-0.1702479338842975
2020-02-11,0.013847896858793618,0.03589844722295599,0.0374135879378595,0.00891386231703464,-0.1586776859504132
2020-02-12,-0.009871748479154618,0.035876816982970565,0.03738556992530952,-0.000602721142229697,-0.16694214876033053
2020-02-13,0.0,0.03589401411933059,0.03735265632738025,0.00047922342915035737,-0.16694214876033053
2020-02-14,-0.07197349962508959,0.0375524074675582,0.03843342432337929,0.04516693353263329,-0.22479338842975205
2020-02-17,-0.019376278963138205,0.037565280974853926,0.038485705324719136,0.000342755594884051,-0.23966942148760328
2020-02-18,-0.0721032939013444,0.03980250692691164,0.03898161437881144,0.05784963796617617,-0.2925619834710744
2020-02-19,-0.06765864847381486,0.04010054477302654,0.03877382806353279,0.007460019295134228,-0.33884297520661155
2020-02-20,0.0024968801985867373,0.03765965018705385,0.03825878104137823,-0.0628006689470078,-0.33719008264462813
2020-02-21,0.03190454651874575,0.038445126981598694,0.038273458508194344,0.020642711522842618,-0.315702479338843
2020-02-24,-0.02445109586416372,0.03824044094526662,0.037989528705471745,-0.005338330916063892,-0.33223140495867765
2020-02-25,0.02927038230011192,0.03946615746564216,0.0382589363605803,0.03154990441178126,-0.31239669421487604
2020-02-26,-0.06967992063798967,0.040787518650135364,0.039126862527341814,0.032932579316402893,-0.35867768595041327
2020-02-27,0.01788042527784839,0.03976515806756864,0.039257545856557746,-0.025385009423407948,-0.3471074380165289
2020-02-28,-0.012739025777429802,0.03848090515979416,0.03926274692527857,-0.03282894666655359,-0.3553719008264463
2020-03-02,0.05001042057466165,0.040280739806037386,0.03992229473369124,0.04571127427047858,-0.3223140495867769
2020-03-03,0.04296603588344361,0.040787333953509926,0.04040542222488549,0.012498153547000318,-0.2925619834710744
2020-03-04,-0.030844675351097806,0.039866048860934616,0.04054507161567834,-0.022846529302091127,-0.31404958677685946
2020-03-05,0.023810648693718406,0.04074116194070917,0.040716202015495195,0.02171386995632547,-0.2975206611570248
2020-03-06,0.0070340266573794,0.03844390599733901,0.04074478233331455,-0.0580387248322727,-0.2925619834710744
2020-03-09,-0.045408039538994416,0.03927995763396429,0.04039471771393379,0.021514207610271355,-0.3239669421487603
2020-03-10,-0.002447981638640684,0.038921282839333354,0.03947593660251123,-0.009173184871535262,-0.32561983471074385
2020-03-11,-0.022305757514297753,0.03900054494327789,0.03953862724809,0.002034400711417158,-0.3404958677685951
2020-03-12,-0.07006756261671754,0.04099224281863701,0.039736186349983785,0.04980721786371291,-0.3851239669421488
2020-03-13,0.0446854893452997,0.04078556640676048,0.03948283223212139,-0.005054593741699481,-0.35702479338842974
2020-03-16,0.059868249342587276,0.04351807050743671,0.039985795047053456,0.06484799612253965,-0.3173553719008264
2020-03-17,-0.03198304585305145,0.04114070009053025,0.04011186569423206,-0.05617835116846102,-0.33884297520661155
2020-03-18,0.0,0.038257973917522003,0.03999257114226745,-0.07264587605796786,-0.33884297520661155
2020-03-19,-0.06988612746416578,0.04131117486671533,0.04083590561788534,0.07678101495783338,-0.38347107438016526
2020-03-20,-0.07225363969695664,0.04312281353877728,0.04058421811330141,0.04291912209271765,-0.42644628099173554
2020-03-23,0.061471864093666895,0.04568810413499425,0.04112653397962686,0.05778577408696701,-0.39008264462809916
2020-03-24,-0.005434795985955532,0.04499047933820875,0.041114432113137304,-0.015387060105500942,-0.3933884297520661
2020-03-25,0.04788148623321398,0.0439367680939887,0.04085277196024593,-0.02369938025075211,-0.36363636363636365
2020-03-26,0.05064373281875412,0.04524505757643162,0.04043918964433438,0.029341921226202095,-0.3305785123966942
2020-03-27,-0.07164187965852875,0.04803466571974437,0.040445878963090064,0.05982950055397836,-0.37685950413223146
2020-03-30,-0.07145896398214369,0.04882571251087832,0.04129691796423663,0.016334113700313416,-0.41983471074380163
2020-03-31,-0.014347448408141616,0.04735092736967457,0.0407028711838582,-0.030670658572939685,-0.42809917355371896
2020-04-01,0.06435786898280149,0.04992745843516814,0.041640521493526816,0.052984704897112676,-0.39008264462809916
2020-04-03,-0.024692612590371255,0.04958649827055353,0.04101029986544776,-0.006852534892340599,-0.4049586776859504
2020-04-06,0.05143217363227137,0.05127417008370565,0.04160790042625144,0.033468527209206705,-0.3735537190082645
2020-04-07,0.03881470421550759,0.05133267478570254,0.042032720726938574,0.0011403663568024629,-0.3487603305785124
2020-04-08,-0.060148846690498914,0.05296257528185038,0.04257887045021537,0.03125804656125863,-0.3867768595041322
2020-04-09,0.06521214864704561,0.05501184154846094,0.0436034636914612,0.0379629185364864,-0.34545454545454546
2020-04-10,0.06595796779179786,0.054346963166744575,0.04459632357888849,-0.012159724206549124,-0.30082644628099175
2020-04-13,0.06631000078595228,0.055354013725322594,0.04534557107981975,0.018360432031389984,-0.2466666666666667
2020-04-14,0.06633447382034241,0.05569379373243811,0.04626396020802943,0.006119544618873888,-0.18135593220338986
2020-04-15,0.0660901118289896,0.056318045521010905,0.04708427201846388,0.011146288541120545,-0.12542372881355934
2020-04-16,0.06744128079553313,0.057521754730037074,0.04723925309020651,0.02114820752438972,-0.06440677966101693
2020-04-17,0.06317890162153006,0.05467736747148231,0.047574748146350807,-0.050713343907100784,-0.003389830508474523
2020-04-20,0.03673200926873044,0.049935204571995004,0.04774908503364493,-0.09072359260892318,0.0
2020-04-21,-0.07133753844620472,0.053948093086856254,0.048642945109841816,0.07729607379682588,-0.06885245901639347
2020-04-22,-0.07113298686285319,0.057558124463125984,0.04928023570747036,0.06477294068511198,-0.13278688524590165
2020-04-23,-0.0725097153659906,0.06051879157751275,0.05011133101445366,0.05015861544024627,-0.1934426229508197
2020-04-24,0.05342516667358055,0.06061475497294268,0.04982028817952898,0.0015844231824128853,-0.1491803278688525
2020-04-27,0.01149437942573428,0.057308437341101706,0.049709054497649764,-0.056090473905637345,-0.139344262295082
2020-04-28,-0.021174997136457208,0.05426605360250285,0.04965941991535994,-0.05454898404827035,-0.1573770491803279
2020-04-29,-0.07052266804424967,0.05744738211547707,0.049843462340710756,0.05697055741536353,-0.21475409836065573
2020-05-04,0.06662402762859188,0.05754938017916782,0.05046122272098805,0.001773929468337859,-0.16065573770491803
2020-05-05,0.0,0.056882949297115,0.050437433293772434,-0.011647727580841533,-0.16065573770491803
2020-05-06,-0.07080813415116616,0.059561853124960366,0.05043019261239219,0.046019677641298294,-0.21803278688524586
2020-05-07,-0.06944220872210138,0.061824892496818835,0.05120127447560826,0.03729074751608984,-0.2704918032786885
2020-05-08,0.06313303952883587,0.06101396576999704,0.051851188156662786,-0.013203287407880866,-0.22295081967213115
2020-05-11,-0.07216244624822998,0.06245349070912267,0.05264553265059305,0.02331934227645665,-0.27704918032786885
2020-05-12,0.04000533461369926,0.06138916318385745,0.05292677912990124,-0.017188804097185807,-0.2475409836065574
2020-05-13,-0.07226619683192048,0.06181510620244177,0.05293339236830469,0.006914446205034803,-0.30000000000000004
2020-05-14,0.036785756816509974,0.06041182618319222,0.05310933954264461,-0.02296288425890692,-0.2737704918032787
2020-05-15,-0.022832042042645995,0.05818822615317159,0.05236108619834663,-0.03750184268594848,-0.29016393442622945
2020-05-18,-0.018648559078071614,0.05536987768041453,0.05166226471114352,-0.04964730404940937,-0.30327868852459017
2020-05-19,-0.011834457647003305,0.05239349268388762,0.05168839886081225,-0.05525331324826149,-0.3114754098360656
2020-05-20,0.0023781224049681526,0.05109226741672951,0.05152727297447853,-0.02514923014207132,-0.3098360655737705
2020-05-21,0.025792754561727804,0.050421553512730616,0.05152682150359485,-0.013214427863160232,-0.2918032786885246
2020-05-22,-0.07197349962508959,0.050472280633935496,0.052242025560313606,0.0010055543205929978,-0.34098360655737703
2020-05-25,0.019705071079332726,0.04901055462243758,0.051507175701593244,-0.029388605961246227,-0.3278688524590164
2020-05-26,0.004866189651172803,0.0469068801204344,0.05146192148685673,-0.04387130386550134,-0.3245901639344262
2020-05-27,-0.009756174945364293,0.046597211123030814,0.05145015600689656,-0.00662366874482724,-0.33114754098360655
2020-05-28,0.06407885668452273,0.049576376318580063,0.0517098480161321,0.06197373128051405,-0.28688524590163933
2020-05-29,0.006872879287762146,0.04744213450539738,0.051422353720461035,-0.04400367983068698,-0.28196721311475414
2020-06-01,0.024803977365808194,0.04500244668360714,0.05135133853207011,-0.0527938770011238,-0.26393442622950825
2020-06-02,0.0022246950221109785,0.04502227307232877,0.05126659030945754,0.0004404653453245873,-0.2622950819672131
2020-06-03,0.0,0.042403193385730086,0.051260490166177376,-0.05993363566027462,-0.2622950819672131
2020-06-04,0.0,0.039406041598656696,0.05090011988348014,-0.0733045125501832,-0.2622950819672131
2020-06-05,0.01543580812983869,0.03677521471099314,0.05092841465051362,-0.0690950214871659,-0.25081967213114753
2020-06-08,0.017354014693152564,0.03301988600566686,0.05086638635395309,-0.10771408784458385,-0.23770491803278693
2020-06-09,-0.010810916104215806,0.031931313847978676,0.05000042329710778,-0.0335228222399817,-0.24590163934426235
2020-06-10,0.04047410792777484,0.028217448156381483,0.04994460820669217,-0.12364659686183828,-0.21475409836065573
2020-06-11,0.0,0.027270710218786257,0.04939374040537742,-0.03412726277855143,-0.21475409836065573
2020-06-12,0.042907501011276494,0.027834264868954076,0.049454537266386274,0.020454563071680625,-0.180327868852459
2020-06-15,-0.07257069283483553,0.03266199814063898,0.050424947398656654,0.15994440164970855,-0.23770491803278693
2020-06-16,-0.057537992512186165,0.03535276145311531,0.050148909770639606,0.07916421774708626,-0.280327868852459
2020-06-17,-0.025376217493374043,0.03588660293423878,0.04931944261984812,0.014987537542030175,-0.29836065573770487
2020-06-18,-0.021252275659659148,0.03570524609827746,0.04882507089717154,-0.005066419590477136,-0.31311475409836065
2020-06-19,0.06468767469143089,0.03457294945445747,0.04947612769684238,-0.03222604973052829,-0.26721311475409837
2020-06-22,-0.06707716208881287,0.03795135518555393,0.04994360299345427,0.09323361860202366,-0.3147540983606557
2020-06-23,0.023641763057041132,0.03828366868286815,0.04961264507346281,0.008718184847485788,-0.29836065573770487
2020-06-24,0.02309571479464978,0.03846135998988302,0.04876444479831828,0.0046306993770397755,-0.28196721311475414
2020-06-25,-0.053940390145747585,0.03773219605337183,0.04836492340401605,-0.01914035894395188,-0.319672131147541
2020-06-26,-0.012121360532345804,0.0377267910226227,0.04835240520052629,-0.00014325740472394464,-0.3278688524590164
2020-06-29,-0.07073655109177857,0.039962989283944726,0.04858352347559923,0.057583263780135,-0.3737704918032787
2020-06-30,0.04354080828328932,0.041559690238536236,0.048780187744583536,0.03917694534579125,-0.3459016393442623
2020-07-01,-0.010075651988742607,0.04154401335802648,0.04836215383205433,-0.00037728467551757414,-0.35245901639344257
2020-07-02,0.012578782206860595,0.04174262597164365,0.04812964683663524,0.004769383036912772,-0.34426229508196726
2020-07-03,-0.010050335853501124,0.04144531844427438,0.04749440053116174,-0.007147879991935899,-0.3508196721311475
2020-07-06,0.010050335853501124,0.041249634785621776,0.04676028760755376,-0.004732670348770972,-0.34426229508196726
2020-07-07,-0.025317807984290397,0.04143750755161254,0.046063185633174686,0.004544190028359395,-0.360655737704918
2020-07-08,-0.002567395505245429,0.03986130896903306,0.04519847523730697,-0.03878028723616303,-0.36229508196721316
2020-07-09,-0.020779968491744683,0.03984661151025505,0.044340825471567875,-0.00036878280523135507,-0.37540983606557377
2020-07-10,0.04365263015773557,0.03990041771391697,0.043831777683127834,0.0013494220124806713,-0.3475409836065574
2020-07-13,-0.007566240383315659,0.0372130446321051,0.042807850181737425,-0.06972741279760737,-0.35245901639344257
2020-07-14,-0.002534855603187225,0.03535781457962394,0.04184880505379567,-0.051139916880373344,-0.35409836065573774
2020-07-15,-0.010204170174242577,0.035068408733169104,0.041460577633261636,-0.008218739546433176,-0.31338028169014087
2020-07-16,0.0,0.03486019180198794,0.040611762576991894,-0.0059551452590804145,-0.2627599243856332
2020-07-17,-0.05264373348542151,0.03256282269437164,0.04017906529719496,-0.06817429243889447,-0.2952380952380952
2020-07-20,-0.06995858860691051,0.03283642020921997,0.04010873283237918,0.0083670395919572,-0.34285714285714286
2020-07-21,0.0,0.03199155052780454,0.03935497222065733,-0.02606644164515167,-0.34285714285714286
2020-07-22,-0.008733679968754515,0.030993855247663706,0.03928211938960772,-0.03168284484517583,-0.33463035019455256
2020-07-23,0.002919710103334694,0.029554439528339718,0.039259393918603384,-0.0475549808928536,-0.330078125
2020-07-24,-0.008784829555732898,0.029548443010814072,0.03835810705356705,-0.00020291786997256626,-0.3359375
2020-07-27,-0.07004384373292538,0.029473024130495212,0.038046346026924936,-0.0025556428690779462,-0.380859375
2020-07-28,0.06709833350316963,0.0320546840448321,0.039252199487581685,0.08396788466687442,-0.32199999999999995
2020-07-29,-0.014859114403749984,0.032087652263091127,0.038362052298563556,0.0010279703790096373,-0.33199999999999996
2020-07-30,0.0,0.03177684657125488,0.037450419736767986,-0.009733359031636739,-0.33199999999999996
2020-07-31,-0.0029985029962578125,0.03180387934858051,0.03637546939765221,0.0008503448194405591,-0.33399999999999996
2020-08-03,-0.07157019250125174,0.034406381612995494,0.03635725506421338,0.07865376095709634,-0.38
2020-08-04,0.0317486983145816,0.03565250634997333,0.036195926044159644,0.03557737939777272,-0.36
2020-08-05,-0.018928009885518904,0.03566331039255054,0.03518193963899374,0.0003029914014434444,-0.372
2020-08-06,-0.012820688429062699,0.03558934999623532,0.03476074219539005,-0.0020760039474860947,-0.38
2020-08-07,-0.032789822822991255,0.033534296969460586,0.03486632186950021,-0.05947771322466007,-0.4
2020-08-10,0.04879016416943216,0.036363577890667284,0.03553603449456596,0.08099893785147781,-0.37
2020-08-11,0.006329135051649004,0.036529867972529606,0.03555411804273852,0.004562559026765635,-0.366
2020-08-12,-0.00950878796902721,0.03653086844352464,0.035547187381050435,2.738737029772263e-05,-0.372
2020-08-13,0.0,0.03653086844352464,0.03532514346929472,0.0,-0.372
2020-08-14,0.003179652917378206,0.03527971720963263,0.03423722881350486,-0.03484938874370928,-0.37
2020-08-17,-0.0095694510161497,0.03214718041476624,0.03410107156572858,-0.09298344198892476,-0.376
2020-08-18,0.003200002730670448,0.03218146262841639,0.034093949194145365,0.0010658457761696064,-0.374
2020-08-19,0.0,0.032185488630328114,0.03409211070170211,0.0001250952728780049,-0.374
2020-08-20,0.009539023046759354,0.03229888175141972,0.03294254896081086,0.003516920522864651,-0.368
2020-08-21,-0.009539023046759354,0.032305079669183286,0.03290765305631566,0.00019187417389116197,-0.374
2020-08-24,0.012698583337128255,0.02849392798841719,0.03275483966760946,-0.12553343022281438,-0.366
2020-08-25,0.0031496089028948404,0.023763568335198708,0.03275889865466995,-0.18153727600131211,-0.364
2020-08-26,0.06689423483003054,0.028258304349086244,0.03407121650076569,0.17323364104461506,-0.31999999999999995
2020-08-27,0.06545721665464477,0.03172743646102699,0.03525088029770993,0.11579439770525778,-0.274
2020-08-28,0.06660250535842138,0.03458867409235049,0.03632137035332845,0.08634445397929055,-0.22399999999999998
2020-08-31,0.06727318060742604,0.03166291706870304,0.037346435265154625,-0.08838007582566045,-0.17000000000000004
2020-09-01,0.06754604220152594,0.03363460836123852,0.03838498244552177,0.060409341544289445,-0.11199999999999999
2020-09-03,0.06749024160241568,0.03440278415751509,0.03902791293827003,0.02258194165392723,-0.050000000000000044
2020-09-04,0.051293294387551924,0.034101060195131504,0.03958877412317432,-0.008809018771444532,0.0
2020-09-07,-0.0020020026706735194,0.03203980816362102,0.03920017358936983,-0.0623493209271279,-0.0020000000000000018
2020-09-08,-0.070568690164162,0.038019960401475705,0.03913818724095374,0.17113211166985534,-0.06999999999999995
2020-09-09,-0.071299677584868,0.04306083430881261,0.03951955777812657,0.12450254091184901,-0.134
2020-09-10,-0.07180116605580622,0.047040826205340176,0.04046345263640147,0.08840198043340879,-0.19399999999999984
2020-09-11,0.06717152815706484,0.04847904507827065,0.041314750682872915,0.03011577070490383,-0.138
2020-09-14,0.06511839937939357,0.049593569244498426,0.041326133847703284,0.022729524024313122,-0.07999999999999996
2020-09-15,0.04255961441879563,0.04938618354385878,0.04070771811406819,-0.0041904724222479785,-0.040000000000000036
2020-09-16,-0.0712275092883683,0.053475652490649915,0.04169537729639856,0.07955574147027687,-0.10599999999999998
2020-09-17,-0.006734032181343608,0.05361476303101468,0.041601837190869816,0.002598002668162785,-0.11199999999999999
2020-09-18,0.03540192705091627,0.05372490849969728,0.041227405010091984,0.0020522791852958773,-0.07999999999999996
2020-09-21,0.02150620522096247,0.053310700100800336,0.04126466514525936,-0.007739674573587001,-0.06000000000000005
2020-09-22,-0.04348511193973792,0.055181274330826945,0.04059189993337455,0.03448659285060191,-0.09999999999999998
2020-09-23,0.013245226750020933,0.05508902454403452,0.04026274220770995,-0.0016731575505441534,-0.08799999999999997
2020-09-24,-0.03571808260207909,0.055076149807840986,0.04053072816334977,-0.00023373509805692147,-0.12
2020-09-25,-0.032335380642937395,0.05450176294881941,0.04074245486164823,-0.01048371885448905,-0.14800000000000002
2020-09-28,0.06365785177197836,0.05433885939077978,0.04150616644882617,-0.0029934347350657215,-0.09199999999999997
2020-09-29,-0.05198910793760092,0.05401805081065089,0.04207807857746916,-0.005921347474327395,-0.138
2020-09-30,0.006936443996657715,0.051795295572691316,0.041938786834814744,-0.04201893095284423,-0.132
2020-10-01,-0.0023068060979163363,0.04921494723889353,0.04193834230951438,-0.05110193293131795,-0.134
2020-10-02,-0.06685066089595004,0.04923973390961717,0.04277196916789136,0.0005035142244740377,-0.18999999999999995
2020-10-05,0.06685066089595004,0.052186565787610814,0.04326588899940145,0.0581241925533172,-0.134
2020-10-06,0.03405550441249616,0.050711842248924395,0.043452879440550714,-0.028665637550489516,-0.10399999999999998
2020-10-07,-0.027150989065951592,0.04844021433414788,0.04361328022042286,-0.04582910559501091,-0.128
2020-10-08,0.006857169726137258,0.045370161653976865,0.043590041848574956,-0.06547567275642878,-0.122
2020-10-09,-0.025376217493374043,0.04328979985489178,0.04373238036813687,-0.04693760800552578,-0.14400000000000002
2020-10-12,-0.038099846232270806,0.041175186597891385,0.04346640628159705,-0.05008121834480131,-0.17600000000000005
2020-10-13,0.042761859338082076,0.04118763638456356,0.04274262671169984,0.0003023156150558565,-0.14
2020-10-14,0.0,0.038174453722461255,0.04274262671169984,-0.07597156322473997,-0.14
2020-10-15,-0.014051753455650129,0.03825781191199506,0.04277428763723662,0.002181230664286929,-0.15200000000000002
2020-10-16,-0.04092026978936225,0.03810489951376967,0.04315850295326942,-0.0040049013374316485,-0.18599999999999983
2020-10-19,0.02187207481866693,0.03811894597565596,0.04319986026305064,0.0003685581137902245,-0.16800000000000004
2020-10-20,0.0024009615375391036,0.03711829427441223,0.04211212537554341,-0.02660146596207871,-0.16600000000000004
2020-10-21,-0.05167201054432091,0.03836597819195496,0.041914084487385275,0.03306111832848585,-0.20799999999999996
2020-10-22,-0.012706651269114744,0.0378020193561367,0.04189981512496536,-0.014808555085670416,-0.21799999999999997
2020-10-23,0.002554279805096371,0.03732000740447922,0.041898399288309726,-0.012832945517748905,-0.21599999999999997
2020-10-26,-0.03109058707003065,0.034136121778271473,0.042119180049227954,-0.0891734360687969,-0.24
2020-10-27,0.0,0.03262807299294228,0.04099294128821019,-0.04518304722202388,-0.24
2020-10-28,-0.026668247082161756,0.03277566678421094,0.04100178728908006,0.004513319794232375,-0.26
2020-10-29,-0.024625047305388392,0.032951910817727414,0.041058618657386504,0.005362875332465073,-0.278
2020-10-30,0.0,0.030047351471156534,0.0410117966628503,-0.09227470166712488,-0.278
2020-11-02,0.024625047305388392,0.02587075389005716,0.040842996791203894,-0.1496613287168076,-0.26
2020-11-03,0.06030660623099138,0.02862832059117693,0.0410858054535552,0.10128328384722866,-0.21399999999999997
2020-11-04,-0.007662872745569871,0.028218928453721134,0.041110257882790054,-0.01440347872551338,-0.21999999999999997
2020-11-05,0.010204170174242577,0.02830632464234681,0.04108366739532452,0.0030922896425173703,-0.21199999999999997
2020-11-06,0.03246227614466157,0.029102187769157167,0.04124643718136143,0.027728077485728437,-0.18599999999999983
2020-11-09,-0.017348638334613753,0.02812009490487979,0.041341119778932824,-0.03432889848889675,-0.19999999999999996
2020-11-10,0.007472014838700858,0.026242520933261404,0.041304966876969704,-0.06910338487614318,-0.19399999999999984
2020-11-11,-0.0049751346401141205,0.026233746331673198,0.04132202148486671,-0.000334421588390285,-0.19799999999999995
2020-11-12,-0.0024968801985867373,0.026115902455727123,0.041327507434577,-0.004502189898458674,-0.19999999999999996
2020-11-13,0.014888612493750841,0.02478903605178798,0.04134523424846496,-0.052142937050646494,-0.18799999999999994
2020-11-16,-0.04277381598328667,0.025957236005634543,0.04175272363399995,0.04604893600244804,-0.22199999999999998
2020-11-17,0.030382083688122563,0.02701628459996518,0.041880090890200526,0.03998938753280285,-0.19799999999999995
2020-11-18,-0.027814688182877134,0.025169170714960862,0.042080018818927034,-0.07081992911530917,-0.21999999999999997
2020-11-19,0.0,0.025011706568295777,0.04124721360280279,-0.006275880744355357,-0.21999999999999997
2020-11-20,0.04020642047804124,0.026591365436642103,0.04071717014767089,0.06124255369605079,-0.18799999999999994
2020-11-23,-0.03509131981127034,0.026865090366633624,0.040088466523420026,0.010241128628340139,-0.21599999999999997
2020-11-24,-0.002554279805096371,0.02687893722607778,0.03910903392427126,0.0005152890550961618,-0.21799999999999997
2020-11-25,0.04010562545722962,0.027348480546116383,0.0384488281772693,0.017317987883541712,-0.18599999999999983
2020-11-26,0.019465334788103306,0.02662204306773898,0.03747692332833894,-0.026921402073021065,-0.17000000000000004
2020-11-27,-0.01456336418789661,0.02701893242431841,0.03684117010526294,0.014798256287339164,-0.18036072144288573
2020-11-30,-0.007361996441069607,0.026819470790831353,0.036844348827186804,-0.0074096726525627096,-0.15416666666666667
2020-12-01,-0.01739174271186883,0.023788056391417234,0.035827708242131474,-0.11994447583373233,-0.16874999999999996
2020-12-02,0.012453461071286753,0.023838510156996343,0.034718173820002876,0.002118723515979321,-0.15833333333333333
2020-12-03,-0.03526813883745916,0.025124866187774802,0.033765480550457576,0.05255567219835301,-0.1875
2020-12-04,-0.005141399500418586,0.023904943865236304,0.03257704881598037,-0.049772726362226107,-0.19166666666666665
2020-12-07,0.06727318060742604,0.028217857480509166,0.03265311496159896,0.16586966374972337,-0.13541666666666663
2020-12-08,0.0,0.02818882480543945,0.032133137259115055,-0.0010294052464299855,-0.11702127659574468
2020-12-09,0.011976191046715101,0.028239724111873952,0.030884701171217464,0.001804026620396976,-0.1063829787234043
2020-12-10,0.011834457647003305,0.028292982657946105,0.030919673103632098,0.0018841674502997475,-0.0957446808510638
2020-12-11,0.06600802911693116,0.031542940109322716,0.031766711909465936,0.10873594792060745,-0.03404255319148941
2020-12-14,0.066051692896135,0.03214211976015993,0.03278720496787127,0.01881751055942812,0.0
2020-12-15,0.056126954233285176,0.033447029614760995,0.03304199621755381,0.039795657647716434,0.0
2020-12-16,-0.07066511267931297,0.037303120424551826,0.03431704075750656,0.10911396786256143,-0.06822612085769986
2020-12-17,-0.010515343999522031,0.03752748206973995,0.0340155794994585,0.005996537514121326,-0.07797270955165692
2020-12-18,-0.006362693787830054,0.03697222611479794,0.0337457018562161,-0.01490653053748712,-0.08382066276803124
2020-12-21,0.025211419346495845,0.035770945136588295,0.032902577549702126,-0.03303100061253204,-0.060428849902534165
2020-12-22,0.0,0.03572704033054038,0.03215970973822014,-0.001228140876927732,-0.060428849902534165
2020-12-23,-0.004158010148662683,0.03516055523669952,0.03216194479729954,-0.01598296538972356,-0.06432748538011701
2020-12-24,-0.0712275092883683,0.03924847552269219,0.03350925984498107,0.1099877092579983,-0.1286549707602339
2020-12-25,0.02431058950061704,0.03925826211447488,0.032452351659739045,0.00024931845685479754,-0.10721247563352831
2020-12-28,-0.002185793219981136,0.03918490576920104,0.03131997084198306,-0.0018703055966123841,-0.10916179337231968
2020-12-29,0.02804930380989923,0.03907955536459022,0.031221645833369973,-0.0026921655063479864,-0.08382066276803124
2020-12-30,-0.006403437035206849,0.0391985360327724,0.031021091288179183,0.0030399496790649767,-0.08966861598440545
2020-12-31,0.0,0.037959021929415894,0.03101231949635747,-0.032132184077593086,-0.08966861598440545
2021-01-04,0.06627683808262219,0.039868985983419744,0.03193315033834885,0.049091507789112684,-0.02729044834307992
2021-01-05,0.06591532841432546,0.03977198563801955,0.03250674000869556,-0.0024359413761798807,0.0
2021-01-06,0.06711493666275103,0.04145644278067336,0.03314107625003475,0.04148050827452398,0.0
2021-01-07,0.06618190688130099,0.04293418346418258,0.034070412548079784,0.035025013187406834,0.0
2021-01-08,0.06669137449867257,0.044213879668429504,0.034858481085612784,0.029370426705728717,0.0
2021-01-11,0.05818195538273585,0.0438305429500783,0.03489020793451694,-0.008707855469625162,0.0
2021-01-12,0.0,0.04272626016263515,0.0348655453886138,-0.025517172789507256,0.0
2021-01-13,-0.03090753746307584,0.04302983121472695,0.03522653077742468,0.00707989938573251,-0.0304347826086957
2021-01-14,-0.044315883774512344,0.04066279351429019,0.03502800121139857,-0.05658010073488134,-0.07246376811594202
2021-01-15,-0.031748698314579826,0.04161880181214921,0.03530397677738862,0.02323851607271063,-0.10144927536231885
2021-01-18,0.0670555121467249,0.04298711024461242,0.03611780594127729,0.03234826955542024,-0.03913043478260869
2021-01-19,0.05430534485754279,0.04375777777136604,0.03620335075246668,0.01776906153437801,0.0
2021-01-20,-0.002861232281032855,0.04382660778688727,0.03621887068674406,0.001571741664561288,-0.0028571428571428914
2021-01-21,0.007137789048293541,0.04359121319602189,0.03589818573655406,-0.005385517582295802,0.0
2021-01-22,0.0,0.038428897996121494,0.03562724843463001,-0.12604583847576004,0.0
2021-01-25,0.05264373348542151,0.03901155257281411,0.035995383653199965,0.01504808964370052,0.0
2021-01-26,0.012072581234269464,0.03863521211430707,0.035957133447876176,-0.00969372800243961,0.0
2021-01-27,-0.07185410376798451,0.04424051488896398,0.03696762743236822,0.13547687130962963,-0.06933333333333336
2021-01-28,-0.0712467398726897,0.04843691813408581,0.03835542057170267,0.0906212790573887,-0.1333333333333333
2021-01-29,-0.015504186535965303,0.048837842195741464,0.03847961113425539,0.008243171159510239,-0.1466666666666666
2021-02-01,-0.07122750928836652,0.05098308566097936,0.03967606913695719,0.042988448212902396,-0.20533333333333337
2021-02-02,0.0586487270815077,0.05057954022684056,0.04011707987296571,-0.007946771262332198,-0.15733333333333333
2021-02-03,-0.011137744410456563,0.0488036579011757,0.040190146413641735,-0.03574187694599216,-0.16666666666666663
2021-02-04,-0.012882625831013073,0.04671064677840769,0.040244055548885334,-0.04383313676216403,-0.17733333333333334
2021-02-05,-0.011410066738031688,0.044090333495878244,0.04029680411083597,-0.05773154505346139,-0.18666666666666665
2021-02-08,0.0,0.04167690141120231,0.04029345279514483,-0.05629349784727848,-0.18666666666666665
2021-02-09,-0.05043085362689226,0.042795076472881104,0.04046483719943349,0.02647600168098381,-0.22666666666666668
2021-02-17,0.05043085362689226,0.04440643753001847,0.040745870571830746,0.03696137957360464,-0.18666666666666665
2021-02-18,0.0,0.04341583303771595,0.040500646829838935,-0.022560252090697498,-0.18666666666666665
2021-02-19,0.058887337333544565,0.04489630581722565,0.041027012645832674,0.03353131686828869,-0.1373333333333333
2021-02-22,0.01685863682441635,0.042410057245327266,0.04083083266962832,-0.056969969227220925,-0.1226666666666667
2021-02-23,0.03288786684483469,0.04121001340109643,0.040555740974163125,-0.028704255885464987,-0.09333333333333338
2021-02-24,-0.004421525257876979,0.041214303527935925,0.04056561360365915,0.00010409854669643029,-0.09733333333333338
2021-02-25,0.004421525257876979,0.041188713862194665,0.04036515811631345,-0.0006210855175811408,-0.09333333333333338
2021-02-26,0.0,0.041188713862194665,0.04035420247780178,0.0,-0.09333333333333338
2021-03-01,0.06683367936336637,0.04228114218532467,0.040938902016170044,0.026176885709627406,-0.03066666666666662
2021-03-02,0.06651387283412902,0.0448390115504679,0.04152721982681375,0.05873736511823467,0.0
2021-03-03,0.06718944448780029,0.04358488310439809,0.04198643569273804,-0.028368175174725722,0.0
2021-03-04,-0.04933182708779427,0.04170352579432105,0.042731860061401165,-0.04412468544186312,-0.048134777376654614
2021-03-05,0.06722139183857045,0.04313780973336676,0.04289109966831752,0.03381418391441163,0.0
2021-03-08,0.0450682854017046,0.038656960092446346,0.04302262026067895,-0.10967300283719991,0.0
2021-03-09,0.04420609250449736,0.03802209319184983,0.04263750611950899,-0.016559443948632842,0.0
2021-03-10,-0.027398974188114877,0.03886599257942627,0.04292872965791261,0.02195224524019323,-0.027027027027026973
2021-03-11,0.02197890671877545,0.038172657889633504,0.04294449329677306,-0.01800013956100276,-0.00540540540540535
2021-03-12,0.002171553513507618,0.03770285160151197,0.04296731277102009,-0.01238376312592308,-0.00324324324324321
2021-03-15,0.06100734810802422,0.038405226680078994,0.04286730045775304,0.018457826050189603,0.0
2021-03-16,0.06421959273429323,0.035178052136005875,0.04282937890002038,-0.08777116863296931,0.0
2021-03-17,0.06483751949530792,0.03577302948238373,0.042993201947931985,0.016771869069903973,0.0
2021-03-18,0.03090753746307584,0.03506220400104955,0.04162337203990355,-0.020070496193037368,0.0
2021-03-19,0.06317890162153184,0.03524995624795317,0.041954723942484604,0.005340545336108178,0.0
2021-03-22,0.020202707317519497,0.0351826338879726,0.04185628785208593,-0.0019116821129663366,0.0
2021-03-23,-0.02429269256904476,0.03736929554289842,0.042164481053759084,0.06029677040667016,-0.02400000000000002
2021-03-24,-0.05908891637000657,0.0417074565099672,0.04320922566044798,0.10983050572684792,-0.07999999999999996
2021-03-25,0.008658062743114314,0.041600082345725,0.04314709674177819,-0.002577778659584031,-0.07199999999999995
2021-03-26,-0.004319661144515763,0.04175694219451049,0.04172983673440502,0.00376356994909143,-0.07599999999999996
2021-03-29,-0.04879016416943216,0.04382970596002342,0.04253710937959081,0.04844607685443671,-0.12
2021-03-30,0.009049835519917337,0.04253316205764714,0.042486647705423056,-0.030027743430157235,-0.11199999999999999
2021-03-31,0.0,0.04105751051833932,0.0424926017147463,-0.035310267511392504,-0.11199999999999999
2021-04-01,0.026668247082161756,0.03826317314357641,0.04243364490154489,-0.07048586473564322,-0.08799999999999997
2021-04-02,-0.03571808260207909,0.03825597055696813,0.04289390061470345,-0.0001882557592432329,-0.12
2021-04-05,0.0,0.03759717848333736,0.042382481960087565,-0.01737062926022429,-0.12
2021-04-06,0.05310982531394792,0.038062471807009605,0.04214396422580354,0.01229979427246247,-0.07199999999999995
2021-04-07,0.06669137449867257,0.038832052371189994,0.04213477382066663,0.020017187669925347,-0.008000000000000007
2021-04-08,0.05872528601278226,0.03998097666805783,0.041985849550144935,0.02915775264553016,0.0
2021-04-09,-0.011472401162237134,0.04037721535383272,0.04149607830689053,0.009861889338021974,-0.011406844106463865
2021-04-12,-0.015504186535965303,0.03962361951975737,0.041181085758403985,-0.018840251799573226,-0.026615969581749055
2021-04-13,-0.031748698314579826,0.03894454713047865,0.04151825212499218,-0.017286622705609534,-0.057034220532319435
2021-04-14,0.004024150299725804,0.036623789431950014,0.04118173756797561,-0.06144073585659876,-0.05323193916349811
2021-04-15,-0.004024150299725804,0.03617928634653361,0.040599585026069966,-0.01221125569310822,-0.057034220532319435
2021-04-16,-0.032789822822991255,0.03419456132147964,0.040618393553217856,-0.05642013291280155,-0.0874524714828897
2021-04-19,-0.008368249670516192,0.03385592105491103,0.04001702487136811,-0.009952698366846468,-0.09505703422053235
2021-04-20,-0.05617027146705489,0.03564118944249402,0.04047116969888063,0.05138805661509591,-0.14448669201520914
2021-04-22,-0.02247285585205816,0.03354409836103417,0.04063846687584699,-0.06064101614923073,-0.16349809885931554
2021-04-23,-0.009132483563272231,0.0334761950589512,0.04069571648611781,-0.002026350575003797,-0.1711026615969582
2021-04-26,-0.01851904776723856,0.033653256153437665,0.04082212593903599,0.005275224186724514,-0.18631178707224338
2021-04-27,-0.06765864847381309,0.03520875269491384,0.04149124740372944,0.045184877930230134,-0.2395437262357415
2021-04-28,0.024692612590371255,0.03570209445404071,0.041559660899471815,0.013914643520669989,-0.22053231939163498
2021-04-29,0.009708814126959453,0.03582490095360457,0.04031154523783106,0.0034338527767470432,-0.21292775665399244
2021-05-04,-0.03440142671733071,0.03572084731465434,0.039375878548416655,-0.002908731426969138,-0.2395437262357415
2021-05-05,0.039220713153280684,0.03642382209499222,0.03947521888242286,0.01948853159585729,-0.20912547528517111
2021-05-06,0.0,0.03642382209499222,0.038096365393107165,0.0,-0.20912547528517111
2021-05-07,-0.041222715823954204,0.0348770944673968,0.03808452901809346,-0.04339270681418544,-0.24106463878327
2021-05-10,0.0020020026706735194,0.030336520437433425,0.038012582276303115,-0.1394779701411987,-0.2395437262357415
2021-05-11,-0.0356271776431516,0.025987520597873744,0.03833471546089262,-0.15473578074012176,-0.26615969581749055
2021-05-12,0.0356271776431516,0.02839198947372434,0.03842325481678596,0.0884905662173435,-0.2395437262357415
2021-05-13,-0.030459207484708983,0.028653860619827727,0.0387339047393314,0.009181137395909091,-0.2623574144486692
2021-05-14,0.010256500167189486,0.028813109332474645,0.037974310641383284,0.005542281592067193,-0.2547528517110266
2021-05-17,0.005089069507469901,0.028844790926221952,0.037579739710773316,0.0010989503885546117,-0.25095057034220536
2021-05-18,-0.023627190506381623,0.028902789984580245,0.037788058552640176,0.002008709520232552,-0.26844106463878326
2021-05-19,-0.011500388120316174,0.02851307692059153,0.037257491988119014,-0.013575303629660281,-0.2768060836501901
2021-05-20,-0.01696753325670386,0.028526165669813412,0.03735265445895958,0.0004589382420880671,-0.2889733840304183
2021-05-21,0.03674954220874227,0.028530407263971207,0.03740331487717421,0.00014868024701473085,-0.2623574144486692
2021-05-24,0.010256500167189486,0.028559717636319114,0.03738252460647371,0.0010268103181155233,-0.2547528517110266
2021-05-25,0.0,0.028576224515203277,0.03739037638905389,0.0005778104969911525,-0.2547528517110266
2021-05-26,0.010152371464016596,0.028598336591547983,0.03738531644006578,0.0007734932908690499,-0.24714828897338403
2021-05-27,-0.010152371464016596,0.024437177281667877,0.03658366238093776,-0.15724286366470774,-0.2547528517110266
2021-05-28,-0.02166149678117968,0.024066518935124334,0.03583312451701526,-0.0152840067085912,-0.2707224334600761
2021-05-31,-0.0690673566085831,0.027953151265047205,0.03604588579085528,0.14970826320334613,-0.31939163498098855
2021-06-01,-0.03989132902730219,0.028258916875876082,0.035841435887551905,0.010879105782216954,-0.3460076045627376
2021-06-02,0.06744128079553313,0.031261742237133676,0.0358482914709203,0.10098597379090613,-0.30038022813688214
2021-06-03,0.010810916104215806,0.03146611417132368,0.035411101499028784,0.006516166943133364,-0.2927756653992395
2021-06-04,-0.0010758473334639973,0.03033347513571586,0.03495044593080562,-0.036659321706258644,-0.2935361216730038
2021-06-07,-0.04288727608765264,0.0315354649719975,0.03521299135466002,0.038860879432663975,-0.3231939163498099
2021-06-08,0.03315220731690083,0.031863178520624626,0.03536142877814067,0.010338276846941136,-0.30038022813688214
2021-06-09,0.010810916104215806,0.030769311348190453,0.035388000540874924,-0.03493324513167049,-0.2927756653992395
2021-06-10,0.014941579998199117,0.030357659636344406,0.0345345754093426,-0.013468941573061331,-0.28212927756653994
2021-06-11,-0.014941579998199117,0.03037312470535521,0.033512323296879525,0.0005092990126747788,-0.2927756653992395
2021-06-14,0.031748698314579826,0.031300044488208334,0.03265606842934924,0.030061347484003853,-0.26996197718631176
2021-06-15,0.06551460711062695,0.03416672622436282,0.03354943193709513,0.08763270736137098,-0.22053231939163498
2021-06-16,0.03357629553360297,0.03463153023840474,0.03278485137993495,0.013512288678928478,-0.19391634980988592
2021-06-17,0.0,0.03425992586685205,0.03265213802925363,-0.010788213482111071,-0.19391634980988592
2021-06-18,0.0,0.03351682785571544,0.03253084657688677,-0.02192868582282542,-0.19391634980988592
2021-06-21,-0.05826890812397423,0.03627923398685731,0.03250676586230404,0.07919785162304366,-0.2395437262357415
2021-06-22,-0.001000500333583787,0.03628138988459538,0.03247533282528691,5.942333539706635e-05,-0.2403041825095057
2021-06-23,0.001000500333583787,0.03621700815689166,0.032477516373706806,-0.0017760868820927542,-0.2395437262357415
2021-06-24,-0.030459207484708983,0.03681121486999823,0.032117973168126354,0.016273699112257952,-0.2623574144486692
2021-06-25,0.027454698464408622,0.03696409444424172,0.03231352292482286,0.00414446928245759,-0.2418250950570342
2021-06-28,-0.04618573517047153,0.03494978951426194,0.03281637195947741,-0.05603455928372232,-0.2760456273764259
2021-06-29,0.0010498688628359787,0.03346755429384182,0.03259556658341505,-0.04333599254565706,-0.2752851711026616
2021-06-30,0.014583591799091522,0.03021752775522671,0.0323856349003982,-0.10215426355922073,-0.26463878326996193
2021-07-01,-0.017736510858707533,0.030476978262868954,0.03244658816695393,0.00854943946331483,-0.2775665399239544
2021-07-02,0.0,0.030473952150350272,0.03161926127635845,-9.929664757157496e-05,-0.2775665399239544
2021-07-05,-0.004219415542706884,0.028710774669070408,0.030253471792282254,-0.05959979439321783,-0.28060836501901143
2021-07-06,-0.03660257897754704,0.029095946462351172,0.02936641104373314,0.013326386716479205,-0.29846153846153844
2021-07-07,-0.013245226750020933,0.029103737568945423,0.029372800108380562,0.0002677369849372426,-0.296875
2021-07-08,0.04242071588395113,0.030540859642775083,0.03000456225677949,0.04819882659428886,-0.24578313253012052
2021-07-09,-0.04242071588395113,0.031826880327043894,0.030195853454406913,0.04124576531200503,-0.27710843373493976
2021-07-12,-0.01117330059812538,0.030890352218762268,0.03017969871959703,-0.029867307283350516,-0.282258064516129
2021-07-13,0.01117330059812538,0.02656042310453921,0.030256777390602393,-0.151021601824542,-0.25
2021-07-14,0.020891359031375956,0.025690188324370637,0.0302250245280201,-0.03331310012465948,-0.22773109243697476
2021-07-15,-0.009841522844791228,0.025640496903278874,0.03022886270781385,-0.0019361291217074668,-0.19111111111111112
2021-07-16,-0.05651221026334241,0.02778010835802854,0.030238805239707144,0.0801471959895833,-0.21818181818181814
2021-07-19,0.042123472811242735,0.02775576386761779,0.03073310845653648,-0.0008767120143185373,-0.17706422018348622
2021-07-20,0.019868203216725888,0.028317817600232522,0.03086917535212632,0.020047671000906684,-0.1448598130841121
2021-07-21,0.0,0.028308673175691787,0.030803041743381075,-0.0003229732679948472,-0.1367924528301887
2021-07-22,-0.01652930195121094,0.027801677337621917,0.02965893065248184,-0.018071869131299653,-0.15094339622641506
2021-07-23,-0.03390155167568132,0.027561883404818337,0.0297378555154478,-0.008662569476163668,-0.17924528301886788
2021-07-26,0.03390155167568132,0.027357511363827337,0.030071547281585533,-0.00744264975328113,-0.15094339622641506
2021-07-27,0.06765864847381486,0.03158041737358903,0.031095718849205187,0.14354604655865563,-0.09150943396226419
2021-07-28,0.01749915986649242,0.031655384068219126,0.030748425480273414,0.002371020982762405,-0.07547169811320753
2021-07-29,-0.0030659196218358886,0.03137520558423152,0.03074929923021844,-0.00889029412566417,-0.07830188679245287
2021-07-30,-0.06556258676726046,0.03477062742357821,0.03144115084790476,0.10275500978625415,-0.1367924528301887
2021-08-02,0.003273325344968825,0.03478442211864991,0.031443942947322105,0.0003966553507415279,-0.13396226415094337
2021-08-03,0.02155255838573389,0.03412018661128857,0.03125574357199612,-0.019280448821765713,-0.11509433962264148
2021-08-04,-0.008565362858922398,0.0340303539645966,0.03090940436763071,-0.0026363010945634926,-0.12264150943396224
2021-08-05,-0.003231020581447197,0.03265420450800425,0.030671653941148375,-0.04127925505841029,-0.12547169811320757
2021-08-06,0.0667609687641324,0.0343829446015388,0.03185994013852347,0.05158700700541557,-0.06509433962264155
2021-08-09,0.06730965277612455,0.03685203180313106,0.03301394379351772,0.06935008979122269,0.0
2021-08-10,0.04609110720026699,0.03778859811038337,0.033349689876914924,0.025096658864668296,0.0
2021-08-11,0.03540192705091627,0.038136588399531574,0.03356767902738181,0.009166724515070227,0.0
2021-08-12,0.025752496102414923,0.03793238326012587,0.03358643489959574,-0.005368958506747242,0.0
2021-08-13,0.049596941139371964,0.035007318843174914,0.033839547071813386,-0.0802480153822784,0.0
2021-08-16,0.004024150299725804,0.034677574096338544,0.033829870588048615,-0.009463948338071184,0.0
2021-08-17,0.019881370553829214,0.03467764369687178,0.0338874550985583,2.00707359531565e-06,0.0
2021-08-18,-0.023905520853555018,0.0356701841428549,0.0340728458331709,0.02821994828089518,-0.023622047244094446
2021-08-19,0.031748698314579826,0.035038120890332154,0.03421213339452823,-0.01787851963037393,0.0
2021-08-20,0.0,0.033185971166637004,0.03404579686692851,-0.05430938974340643,0.0
2021-08-23,0.0,0.033266941060511444,0.03264429296579139,0.002436910794782433,0.0
2021-08-24,-0.06871389254805038,0.03630604744196931,0.03353053913678869,0.08742015550293379,-0.06640625
2021-08-25,0.028867984000850555,0.036505036478405105,0.03268149914191521,0.005465911684918115,-0.0390625
2021-08-26,-0.008163310639160315,0.03662864712348376,0.03271452639748566,0.0033804048393655537,-0.046875
2021-08-27,0.04016604172533533,0.032362250697270944,0.033026657952076814,-0.12383796494792186,-0.0078125
2021-08-30,0.02334736399699011,0.032245034670777065,0.032494381993661885,-0.0036285727886932787,0.0
2021-08-31,-0.003853569315989347,0.032571461579634954,0.032327126866205445,0.01007242250910578,-0.0038461538461538325
2021-09-01,0.06718944448780029,0.033925618802974906,0.033283477303712845,0.04073394031489076,0.0
2021-09-06,0.06634194813672245,0.0349781216469194,0.034151009667242285,0.030552315485693884,0.0
2021-09-07,0.04621284315513208,0.03392307928322974,0.03438185250576092,-0.030627173782740214,0.0
2021-09-08,-0.01954459607297032,0.03342226070052969,0.034431989982578716,-0.01487341712380168,-0.01935483870967747
2021-09-09,0.01954459607297032,0.03276962179644641,0.03362477843989819,-0.019720238567010422,0.0
2021-09-10,0.06252035698133263,0.03411773091248663,0.03421650329870162,0.04031528371101691,0.0
2021-09-13,0.0502321254863336,0.03484003834233417,0.034644845591752425,0.020950029172290927,0.0
2021-09-14,-0.008683122573460267,0.03460689346606644,0.034697826632251016,-0.0067143552335529166,-0.008645533141210415
2021-09-15,0.059255696209092434,0.0357552900051681,0.034203256353314934,0.032645325742172576,0.0
2021-09-16,0.0027359798188761886,0.03594118656198723,0.03418623656848315,0.005185664078446315,0.0
2021-09-17,0.02695580998852698,0.034573679741991596,0.03423347264652718,-0.038791193400453824,0.0
2021-09-20,-0.02695580998852698,0.03605611220487304,0.0341653100554421,0.04198369396755691,-0.02659574468085102
2021-09-21,0.03226086221822122,0.035935880669697176,0.03421114883908674,-0.003340138500248204,0.0
2021-09-22,0.020943173845243024,0.03564212322213199,0.03340886986755406,-0.008208080661011167,0.0
2021-09-23,-0.03425894982101596,0.03171804321974557,0.03390829296343887,-0.11664243455031878,-0.033678756476683946
2021-09-24,-0.005376357036380952,0.0322619447901631,0.033972285875271145,0.01700264474205724,-0.03886010362694303
2021-09-27,-0.03846628082779624,0.034326596948605535,0.03437108219953137,0.06203210052892983,-0.07512953367875652
2021-09-28,-0.002805050927607411,0.03427870440579096,0.03438752631311653,-0.001396175971451111,-0.07772020725388606
2021-09-29,-0.005633817718257106,0.0346019481025385,0.034398246613273356,0.009385682743184421,-0.08290155440414504
2021-09-30,0.060292230256120405,0.03567656822563288,0.03442668179656132,0.030584128343688316,-0.025906735751295318
2021-10-01,-0.02150620522096247,0.03482626883473634,0.03454589881050542,-0.02412216062929753,-0.04663212435233166
2021-10-04,0.0027137058715958062,0.032650986836750134,0.03433134044358649,-0.06449685449155505,-0.04404145077720212
2021-10-05,0.0,0.031649350702699315,0.03363695694572214,-0.03115743682479489,-0.04404145077720212
2021-10-06,0.02144854340748381,0.031044766665187316,0.03352007574001625,-0.019287378534386574,-0.023316062176165775
2021-10-07,0.06669137449867257,0.03344413988233783,0.03424113218593437,0.07444630898407079,0.0
2021-10-08,0.06018663363511223,0.033266303035907316,0.034758096990123735,-0.005331615459360202,0.0
2021-10-11,-0.004683849312424826,0.03228341459413036,0.03470424944460409,-0.0299913363584353,-0.004672897196261627
2021-10-12,-0.02135312447057025,0.032794873920158764,0.03377486604564596,0.015718597129091984,-0.025700934579439227
2021-10-13,0.049132688577644856,0.032058370220125726,0.03388306366436488,-0.022713902664975597,0.0
2021-10-14,0.01360565205577835,0.03203664518493401,0.03387707208652286,-0.0006779007418093593,0.0
2021-10-15,-0.009049835519917337,0.03202519325350321,0.033963992199396796,-0.0003575272972696715,-0.009009009009009028
2021-10-18,-0.016036998909816802,0.031489035440601575,0.03395639783413888,-0.016883472918951967,-0.024774774774774744
2021-10-19,0.006904515346544571,0.030984411127464764,0.033371515724342105,-0.0161551876651913,-0.018018018018018056
2021-10-20,-0.002296212260350927,0.030874986666781006,0.033356905324653775,-0.003537846902494294,-0.020270270270270285
2021-10-21,-0.0185620178600594,0.02998507741082278,0.03289100301454621,-0.02924651522173296,-0.03828828828828834
2021-10-22,-0.004694844304207635,0.02997094309586559,0.03296733968267908,-0.0004714892811327249,-0.0427927927927928
2021-10-25,0.04822978309564796,0.02934320533493341,0.0332105139765135,-0.021167326991966478,0.0
2021-10-26,0.03090753746307584,0.029468667962017702,0.031601671741136164,0.004266579780876881,0.0
2021-10-27,0.025752496102414923,0.029269549153367803,0.03158916972310573,-0.006779896066652408,0.0
2021-10-28,0.02096512846504517,0.02727621519836155,0.03158742772615457,-0.07053258830219143,0.0
2021-10-29,0.01237129180254648,0.026084508081370722,0.031429770395929715,-0.04467348953620973,0.0
2021-11-01,0.06735218202949156,0.028491335346152318,0.03201044047765589,0.088258407721459,0.0
2021-11-02,0.06669137449867257,0.03020577677877904,0.03200861733307313,0.05843315212426121,0.0
2021-11-03,-0.0035906681307285027,0.030687235714626143,0.03143282363994599,0.015813598018975895,-0.0035842293906810374
2021-11-04,0.019591009477169408,0.028605783640282902,0.031189071372395984,-0.0702378470899507,0.0
2021-11-05,0.022668799812713303,0.026802920784120807,0.031095423252846567,-0.0650980329912113,0.0
2021-11-08,-0.01739174271186883,0.027441990057947854,0.03135014406710917,0.02356344945648101,-0.017241379310344862
2021-11-09,-0.032088314551501185,0.028273793770627664,0.031581659058970285,0.02986102553381704,-0.0482758620689655
2021-11-10,0.010810916104215806,0.027040853303142116,0.03155989119105011,-0.04458653658798745,-0.037931034482758585
2021-11-11,0.0035778213478838694,0.02710449594972906,0.03157374832863874,0.0023508077153829993,-0.03448275862068961
2021-11-12,0.0,0.026815517965609156,0.03124702094816132,-0.010718863841557106,-0.03448275862068961
2021-11-15,-0.036367644170875124,0.028281870281656768,0.03180791789659105,0.05324020542380693,-0.06896551724137934
2021-11-16,-0.01117330059812538,0.028706742697629763,0.03191451117141557,0.01491105386785713,-0.07931034482758625
2021-11-17,0.02952243926632292,0.028862660589362144,0.03194994996820023,0.005416704356515037,-0.051724137931034475
2021-11-18,0.0,0.02812642603932237,0.03016206391573687,-0.025839166681450886,-0.051724137931034475
2021-11-19,-0.014652276786870644,0.028534898169523506,0.030318671861791203,0.014418267416633962,-0.06551724137931036
2021-11-22,-0.045290759180163676,0.029940825042436916,0.03112940117161104,0.048095083317854656,-0.10689655172413792
2021-11-23,-0.023438572972017013,0.030168253314441826,0.031255652806058506,0.007567219056211227,-0.12758620689655176
2021-11-24,0.01957009619409611,0.02997293316138539,0.0312351557437933,-0.006495408097703316,-0.1103448275862069
2021-11-25,0.007722046093910251,0.02973436324975458,0.03117488535381178,-0.00799135501622996,-0.10344827586206895
2021-11-26,-0.02729214228800636,0.030446374202061303,0.03070287342864373,0.023663516614622956,-0.12758620689655176
2021-11-29,-0.052750565385530024,0.028628980432830946,0.030850694241382506,-0.06154738576278337,-0.1724137931034483
2021-11-30,-0.0041753714104793005,0.023279650726237125,0.030478003261223897,-0.2068398067838244,-0.17586206896551726
2021-12-01,-0.02114243657380932,0.02344534137190099,0.030502471512364238,0.007092190359360059,-0.19310344827586212
2021-12-02,0.04593709518702482,0.025741266185189578,0.030871714211084225,0.09342354128197844,-0.15517241379310343
2021-12-03,-0.0020429016297995872,0.024803152932979966,0.03004006165397172,-0.03712459812427013,-0.15689655172413797
2021-12-06,-0.07206507052392297,0.02855934619153747,0.031154600128024817,0.14101341224532252,-0.2155172413793104
2021-12-07,0.0,0.02822747877358158,0.031112386380174443,-0.011688312543831054,-0.2155172413793104
2021-12-08,0.03243527575315497,0.02944102335425933,0.030501372968329728,0.04209311123279839,-0.18965517241379315
2021-12-09,0.0,0.029374046554257693,0.030505664795395883,-0.0022775389464696877,-0.18965517241379315
2021-12-10,-0.012848142477849933,0.029312808342435902,0.030434431908696775,-0.0020869482028393438,-0.19999999999999996
2021-12-13,0.031816045184660524,0.0299692718357836,0.030383179604540317,0.022148011827630484,-0.17413793103448272
2021-12-14,-0.006282743179495398,0.029944725016349417,0.030192815994742397,-0.0008194016057443683,-0.17931034482758623
2021-12-15,-0.051735674399187914,0.0304160766770503,0.030943678146187155,0.015618118795188428,-0.2206896551724138
2021-12-16,0.017544309650908474,0.030962041307502238,0.030617929874126454,0.017790667767995927,-0.2068965517241379
2021-12-17,0.019376278963138205,0.03156049181396778,0.030663108043901526,0.019144092938183994,-0.19137931034482758
2021-12-20,0.0,0.03028513920925255,0.030160159782196782,-0.04124892890952495,-0.19137931034482758
2021-12-21,0.06600333263858538,0.03381255630705223,0.031167206133616145,0.11017505036907933,-0.13620689655172413
2021-12-22,0.029500664396698184,0.03419350635518213,0.03128060862472617,0.01120352821146357,-0.1103448275862069
2021-12-23,-0.07232066157962613,0.0377422198348833,0.03207454126136837,0.09874357648204123,-0.1724137931034483
2021-12-24,-0.02531780798428862,0.037680629241200955,0.03212978292307506,-0.0016332077558760302,-0.19310344827586212
2021-12-27,-0.021599111803462634,0.036168712664518474,0.032299229796731194,-0.040951684000787573,-0.21034482758620687
2021-12-28,0.021599111803462634,0.036557191949593566,0.032378679666749684,0.010683479986248525,-0.19310344827586212
2021-12-29,-0.004282661792002429,0.03626286270589769,0.03231347354619397,-0.0080837831571724,-0.19655172413793098
2021-12-30,-0.004301081899390269,0.034599576038012,0.03124364991495783,-0.04695270961977166,-0.19999999999999996
2021-12-31,-0.0021574981400203086,0.03459946644169035,0.03031029566096814,-3.1675666612687797e-06,-0.2017241379310345
2022-01-04,0.0,0.03050972754651016,0.030300626773044577,-0.12579265372661658,-0.2017241379310345
2022-01-05,-0.0021621630044954543,0.030516807963141247,0.03015745480969065,0.00023204379155036044,-0.20344827586206893
2022-01-06,0.010764366587158847,0.02970704759262137,0.029535164985810127,-0.026893293310617586,-0.19482758620689655
2022-01-07,0.004273510777380807,0.02972483555095898,0.029492565226015118,0.000598599672158892,-0.19137931034482758
2022-01-10,0.06600333263858538,0.032995241525103323,0.03063245416582843,0.10438041130156216,-0.13620689655172413
2022-01-11,-0.0060060240602108905,0.032385422503415466,0.030558719927677884,-0.018654950334731003,-0.14137931034482754
2022-01-12,-0.03681397312271706,0.03349426429654868,0.030966314845333687,0.03366580010274725,-0.1724137931034483
2022-01-13,-0.07122750928836652,0.03532521227349427,0.03236069251371702,0.053222713091893824,-0.22931034482758617
2022-01-14,0.050174100090535134,0.0369225649193187,0.03288847328512149,0.04422592961876935,-0.18965517241379315
2022-01-17,-0.07051378432765887,0.039926446873482624,0.034174504037496986,0.07821603327876318,-0.2448275862068966
2022-01-18,-0.03012974145202918,0.04035674762372378,0.033815039698255146,0.010719672187159154,-0.26724137931034486
2022-01-19,-0.00235571369245946,0.0367686268097188,0.03355802323473275,-0.09311363468990833,-0.2689655172413793
2022-01-20,0.02790878811707742,0.036684018406214935,0.03358868953431427,-0.002303754143575127,-0.24827586206896557
2022-01-21,-0.01851904776723856,0.033594281777408634,0.03353137180153798,-0.08798530208578934,-0.26206896551724135
2022-01-24,-0.07016177869193285,0.03635344064445443,0.034608226257552624,0.07893296283523206,-0.3120689655172414
2022-01-25,0.048909503032273705,0.03832793801329754,0.034046926932703045,0.052890215421605546,-0.2775862068965518
2022-01-26,-0.014423326961104266,0.03788321548048229,0.03279332880298547,-0.011670928563583727,-0.2879310344827586
2022-01-27,0.01680711831638071,0.03823279612689429,0.032913855664344224,0.009185531536148907,-0.27586206896551724
2022-01-28,0.0465200156348935,0.039945916728324475,0.03342991865101692,0.04383276158423961,-0.24137931034482762
2022-02-07,0.0,0.03995024530512672,0.03324841116968327,0.00010835503515462898,-0.22807017543859653
2022-02-08,-0.022989518224699523,0.0402030209680777,0.0332927258412319,0.006307327190309076,-0.2321428571428571
2022-02-09,-0.014051753455650129,0.04026698392022436,0.03312220672254693,0.001589733958858025,-0.24285714285714288
2022-02-10,0.0,0.04012684664723116,0.033067435213994675,-0.003486271995701221,-0.24285714285714288
2022-02-11,-0.009478743954543845,0.04008044481455803,0.033055819093454494,-0.0011570475809296284,-0.25
2022-02-14,-0.004773278752656651,0.036387729823730515,0.03304982754465725,-0.09665690450345768,-0.24
2022-02-15,0.014252022707200496,0.03675718501671461,0.03287790719824439,0.010102089386264288,-0.22909090909090912
2022-02-16,0.0,0.036157480304819294,0.032868406565367145,-0.016449861435404896,-0.22909090909090912
2022-02-17,-0.03357629553360297,0.03347434711799271,0.032792072833402845,-0.07710444127506963,-0.2545454545454545
2022-02-18,0.0,0.030961166359363527,0.032792072833402845,-0.07804564245000478,-0.24354243542435428
2022-02-21,0.004866189651172803,0.027154691025832824,0.03279046188076175,-0.13118386258921771,-0.20769230769230773
2022-02-22,-0.034571344065088994,0.027404741360705417,0.03259345093593505,0.009166224171779378,-0.23461538461538467
2022-02-23,0.04423325497682562,0.02939537984346754,0.03309026580385848,0.07012144831791972,-0.19999999999999996
2022-02-24,-0.019418085857102696,0.02884960965584069,0.033016992246128536,-0.01874104464283048,-0.2153846153846154
2022-02-25,0.0,0.02863244110510793,0.0329859016985626,-0.007556080743616111,-0.2093023255813954
2022-02-28,-0.014815085785139459,0.024044950226735213,0.032875993483323616,-0.1746153080068378,-0.22093023255813948
2022-03-01,-0.007490671729158294,0.021191113090920952,0.03224784661669395,-0.12634304874735475,-0.2267441860465116
2022-03-02,0.0,0.021006655591085915,0.03224994876062053,-0.008742575403867,-0.2267441860465116
2022-03-03,0.002503130218117988,0.020581723176199104,0.032168998177288105,-0.020435853068681818,-0.22480620155038755
2022-03-04,-0.010050335853501124,0.017090192229262002,0.031542643619547346,-0.18589861314034398,-0.2325581395348837
2022-03-07,-0.010152371464018373,0.017076253044869347,0.03155344938392273,-0.0008159571119921761,-0.24031007751937983
2022-03-08,-0.0051151006667691234,0.01658869949416296,0.030251235450872552,-0.02896706013725824,-0.2441860465116279
2022-03-09,0.0,0.016477079572478258,0.030251235450872552,-0.006751407727549487,-0.2441860465116279
2022-03-10,0.0102041701742408,0.016768706781826986,0.029949875396260664,0.017544148959500745,-0.23643410852713176
2022-03-11,-0.015345569674659387,0.016926260653129785,0.029989841850753825,0.009351837264766407,-0.24806201550387597
2022-03-14,-0.010362787035546717,0.01698639118960566,0.029977997458991,0.0035462024206917918,-0.2558139534883721
2022-03-15,0.06551460711062695,0.022797471255490837,0.030944370207453865,0.29423696468932076,-0.20542635658914732
2022-03-16,0.06606175067809161,0.027378946253605724,0.032182802139123064,0.18312463976662344,-0.15116279069767447
2022-03-17,0.04900757910669462,0.02801091907047294,0.03213942954398359,0.022820059589872717,-0.10852713178294571
2022-03-18,-0.04445176257083361,0.03017168840662944,0.03256908868832734,0.07430958817425383,-0.1472868217054264
2022-03-21,0.026907452919925134,0.030622210001707253,0.03266231213329671,0.014821543151747964,-0.12403100775193798
2022-03-22,-0.011123585218662413,0.029469410919650916,0.032690317248903554,-0.038372742558764994,-0.13372093023255816
2022-03-23,0.0,0.028059752754251686,0.03149280356247485,-0.049016527037457604,-0.13372093023255816
2022-03-24,-0.020339684237123734,0.028100259253485572,0.03130726460260713,0.0014425385744982787,-0.12574850299401197
2022-03-25,-0.006872879287762146,0.028187815350111212,0.029952405445768864,0.003111001282193937,-0.13173652694610782
2022-03-28,0.013698844358161821,0.027948553399178656,0.029853021579123364,-0.00852436022646701,-0.11976047904191611
2022-03-29,0.00452489459829053,0.02780306821797488,0.029737636804222672,-0.0052190574920318936,-0.11576846307385225
2022-03-30,-0.006795043132829193,0.027911653152238574,0.029604738629073302,0.0038978937737470624,-0.1217564870259481
2022-03-31,0.05310982531394792,0.029906417566018067,0.030413932852126953,0.06902879045150208,-0.07385229540918159
2022-04-01,-0.010834342165709998,0.029931027405313882,0.03044101464490511,0.0008225562595335931,-0.08383233532934131
2022-04-04,0.0,0.02970322674339459,0.030439914077858222,-0.007639961187141599,-0.08383233532934131
2022-04-05,-0.006557400546158831,0.02973819177492858,0.030451155674768002,0.0011764532096903172,-0.08982035928143717
2022-04-06,-0.008810629682153959,0.029924763129942057,0.03047030770120125,0.006254195787417328,-0.0978043912175649
2022-04-07,-0.06631000078595406,0.034138543512535105,0.031597000646970005,0.13174067705468148,-0.15568862275449102
2022-04-08,0.011751016535518133,0.033885882905876345,0.03163548030255141,-0.007428557874455614,-0.1457085828343313
2022-04-12,-0.030844675351097806,0.034671999394002784,0.03058489746162448,0.022933926426094438,-0.16666666666666663
2022-04-13,-0.0024125464053845747,0.0314986332643185,0.03058270598423876,-0.09598824180314257,-0.13749999999999996
2022-04-14,-0.012150817782512036,0.02753435782771415,0.030285902962904034,-0.13450951034185557,-0.1297872340425532
2022-04-15,-0.029778875355610523,0.025172701278824813,0.029146871439006516,-0.08967444157608617,-0.15531914893617016
2022-04-18,-0.04376502796676007,0.025119862898935346,0.02881921603662982,-0.0021012401806100823,-0.18103448275862066
2022-04-19,-0.010582109330536937,0.02379432636192559,0.027465493966352776,-0.05421169745920351,-0.18965517241379315
2022-04-20,-0.018792499349366665,0.023888483545497864,0.0273110590020513,0.003949317024038686,-0.20474137931034486
2022-04-21,-0.07015498666712894,0.02731190564951027,0.02867940423618306,0.13392617624705325,-0.2586206896551724
2022-04-22,-0.07232066157962613,0.030342664085316013,0.0297199809557871,0.10523202968113353,-0.31034482758620685
2022-04-25,-0.0712275092883683,0.032680136640983674,0.03087810841029227,0.07421264983547704,-0.35775862068965514
2022-04-26,-0.027212563524884104,0.03179997433404071,0.02984689691247287,-0.0273019600141571,-0.375
2022-04-27,0.0,0.03162474323603201,0.028996547808881272,-0.005525652941755566,-0.375
2022-04-28,0.006872879287762146,0.03209622144733532,0.02902367793451628,0.014798478645441076,-0.3706896551724138
2022-04-29,-0.049132688577644856,0.02757927820894509,0.0293999603582222,-0.1516735590499415,-0.40086206896551724
2022-05-04,-0.059276609929540314,0.028330006156533465,0.029315635788084757,0.02685682034042448,-0.43534482758620685
2022-05-05,0.06644509940815269,0.03492022038328382,0.030861799811802954,0.2091444442691341,-0.39655172413793105
2022-05-06,0.06565397022143671,0.04022624034608393,0.03220197731318417,0.14145344779196312,-0.3556034482758621
2022-05-09,-0.06923179156932058,0.04150311671335871,0.03320649525471955,0.031248990688074404,-0.3987068965517241
2022-05-10,-0.01808367543329581,0.04030682120042215,0.0332241735960871,-0.029247803606120646,-0.4094827586206896
2022-05-11,0.02877896455004425,0.04122035156527508,0.033546746785188375,0.02241138373897629,-0.39224137931034486
2022-05-12,-0.06975303876035,0.042611037612570436,0.034520242299383844,0.033181206260609344,-0.4331896551724138
2022-05-13,-0.07089582163303731,0.04362551119423481,0.035342008833413915,0.023528774314422376,-0.4719827586206896
2022-05-16,-0.03742640551911691,0.04356223198085555,0.0355078266338317,-0.0014515620583849262,-0.4913793103448276
2022-05-17,0.025105921131077125,0.04511192247781818,0.03564874604513125,0.03495602419749656,-0.47844827586206895
2022-05-18,0.040491361354735744,0.047131685760560704,0.03619695920977318,0.04379893104365906,-0.4568965517241379
2022-05-19,-0.003976148379639,0.04722817050876108,0.03616120635856059,0.002045038328608723,-0.45905172413793105
2022-05-20,0.0,0.04744423801999423,0.03600996211442107,0.004564536681648957,-0.45905172413793105
2022-05-23,0.0,0.0460570176895727,0.03537628672461892,-0.029674934752575786,-0.45905172413793105
2022-05-24,-0.02828471383858222,0.04422697485647083,0.035441464562265906,-0.04054524112883926,-0.47413793103448276
2022-05-25,0.012220111334775297,0.0423984755924663,0.03552654796882859,-0.04222247546739597,-0.4676724137931034
2022-05-26,0.0,0.04223258155796763,0.03553243972103716,-0.003920409678373458,-0.4676724137931034
2022-05-27,0.004040409537005019,0.042282621910795556,0.035567056057308435,0.0011841738475417373,-0.4655172413793104
2022-05-30,-0.02449102000829484,0.04229052155092465,0.03561505989941386,0.0001868119821636413,-0.47844827586206895
2022-05-31,0.0,0.04127529194928189,0.03560361486704537,-0.0242989152641991,-0.47844827586206895
2022-06-01,0.028515170308020643,0.04006632629427128,0.03591957829627369,-0.02972781749662828,-0.46336206896551724
2022-06-02,-0.04939275532957588,0.03788150132112152,0.03631939133463441,-0.05607332270885568,-0.4892241379310345
2022-06-03,-0.012739025777429802,0.033641045090096286,0.03632108780594025,-0.11871596635728796,-0.4956896551724138
2022-06-06,-0.034786116085415486,0.03137609459200218,0.036460251959604874,-0.06970059581376804,-0.5129310344827587
2022-06-07,-0.0452565915881209,0.032295085227078475,0.03666517059993107,0.028868765191483643,-0.5344827586206897
2022-06-08,0.009216655104923532,0.03127869029018976,0.03674171811286552,-0.03197800415458678,-0.5301724137931034
2022-06-09,-0.004597709248630011,0.02829296076308506,0.03674724994578164,-0.10032397312152869,-0.5323275862068966
2022-06-10,-0.032789822822991255,0.02504554359067933,0.035516284720837614,-0.12191708046163212,-0.5474137931034483
2022-06-13,-0.07205879110878577,0.028206203761833835,0.03489767742899828,0.1188459894301832,-0.5788793103448275
2022-06-14,-0.02802466744819654,0.02726779948090956,0.033965376399847785,-0.03383543327065485,-0.5905172413793103
2022-06-15,-0.010582109330536937,0.024315463580597822,0.03374388024182456,-0.11459394600828743,-0.5948275862068966
2022-06-16,0.03553142837848533,0.02671461748596915,0.03393962516724744,0.09409834075306853,-0.5801724137931035
2022-06-17,-0.06796670413163852,0.029222762616882236,0.03464322579788522,0.0897370281525599,-0.6077586206896552
2022-06-20,0.0,0.029222762616882236,0.03464322579788522,0.0,-0.6077586206896552
2022-06-21,-0.07056396371899254,0.03158634597850056,0.03537409216009931,0.07777696505745212,-0.6344827586206896
2022-06-22,0.041576426845740144,0.03368600391684099,0.036126601663153936,0.06435747939050195,-0.6189655172413793
2022-06-23,0.0,0.03368600391684099,0.035985130862082625,0.0,-0.6189655172413793
2022-06-24,-0.039220713153280684,0.03367181774301007,0.03602116223981105,-0.00042121818903604935,-0.6336206896551724
2022-06-27,0.011696039763190669,0.03432053249904903,0.036179681219050755,0.019082565855337134,-0.6293103448275862
2022-06-28,0.011560822401076365,0.03471825435959822,0.03522627722023905,0.011521817323038154,-0.6209150326797386
2022-06-29,-0.023256862164267034,0.033076997644670744,0.035229832982099925,-0.048427490977566136,-0.6296296296296297
2022-06-30,0.0,0.03253430394534663,0.035229832982099925,-0.01654306186276408,-0.6271929824561404
2022-07-01,-0.010644689511414285,0.03255079579384527,0.03521412339410215,0.0005067778600603326,-0.6278761061946903
2022-07-04,-0.020421130063477122,0.03228365060505199,0.03520236810108443,-0.008240885303685387,-0.6149532710280374
2022-07-05,0.028710105882431947,0.03296001663559008,0.03507513805727945,0.020734274543813602,-0.6037383177570094
2022-07-06,-0.05701968872354435,0.034017020190877184,0.03530135058822638,0.03156577402105751,-0.6139759036144579
2022-07-07,0.0024937668784019706,0.03417218754083722,0.0353321510439601,0.004551088872705519,-0.6120772946859904
2022-07-08,0.0012445552322049025,0.0340895552048124,0.03535882144555517,-0.002421044317149081,-0.6068459657701712
2022-07-11,0.0074349784875185065,0.03141300437284157,0.03548291179266894,-0.08176905421848041,-0.5919395465994962
2022-07-12,0.030397477184370914,0.03229132559362253,0.03591839584895519,0.027576668850541823,-0.5605263157894738
2022-07-13,0.05815592015707338,0.03534244296482766,0.03690419641967679,0.09028592855105629,-0.5292553191489362
2022-07-14,0.004509590505975325,0.03422478012938395,0.036970480341260485,-0.032134635848797874,-0.5181571815718158
2022-07-15,-0.002252253204323651,0.030800821613302214,0.036984293425902655,-0.10540854902359521,-0.4843023255813953
2022-07-18,-0.041432853736205644,0.0320771294241698,0.036402840860905776,0.040601918905992976,-0.468125
2022-07-19,0.010520260674178772,0.028000094302436867,0.03562848445165527,-0.13593537369761002,-0.4247491638795987
2022-07-20,0.06744128079553313,0.03047521273658787,0.036106732509087226,0.08470574891511971,-0.3846153846153846
2022-07-21,0.031035128566841763,0.031150882200982125,0.03636452297604158,0.021928902738972543,-0.3652173913043478
2022-07-22,-0.06643705561775803,0.03361457860778869,0.03714877856315583,0.07611727058445908,-0.4060200668896321
2022-07-25,-0.01018684530699332,0.033644890987601886,0.037096922620733705,0.0009013562858655756,-0.4120401337792642
2022-07-26,0.0,0.033554765253688376,0.03672422936857667,-0.0026823280405967663,-0.4120401337792642
2022-07-27,-0.048960827195701384,0.03497534706062714,0.03650185199473254,0.041464543784680674,-0.44013377926421404
2022-07-28,0.03981790636302662,0.03613555181184126,0.03574197281150687,0.0326337426713352,-0.4173913043478261
2022-07-29,0.010279930619750743,0.03607681258121031,0.034503737558085744,-0.001626846809719597,-0.375886524822695
2022-08-01,0.0,0.03568778985182578,0.033595309182622574,-0.010841735851745495,-0.375886524822695
2022-08-02,0.016901810802602668,0.03534105927988463,0.033715054263141614,-0.009763166170459124,-0.36524822695035464
2022-08-03,0.019912162320112614,0.03257796207941085,0.033574281621947206,-0.08140936646632155,-0.305703422053232
2022-08-04,0.015217684970886936,0.03261892300030445,0.03267286152167154,0.0012565297764622087,-0.26428571428571423
2022-08-05,0.0010781672203457049,0.03262053766346654,0.03154519846235291,4.949957130207803e-05,-0.26349206349206344
2022-08-08,-0.005402498283348933,0.03274116128674903,0.03125039086360966,0.003690960463087216,-0.2674603174603175
2022-08-09,0.0,0.03227713714954112,0.03102001779471453,-0.014273885478583291,-0.2674603174603175
2022-08-10,0.06704080493062925,0.03309781766824606,0.03185109038919352,0.025108189642036406,-0.21354581673306772
2022-08-11,0.06662600647668526,0.03580798961914733,0.03313297737967799,0.07870367062235706,-0.15936254980079678
2022-08-12,0.06424226872835348,0.037783714369788085,0.03424732558922008,0.05370711618132641,-0.10358565737051795
2022-08-15,0.008849615276982803,0.035662607267757156,0.03427435353787512,-0.05777543287547806,-0.08835341365461846
2022-08-16,-0.03132247112904096,0.037100474965343945,0.03431654463225627,0.03952703657071166,-0.11646586345381527
2022-08-17,-0.013730192811902242,0.0351396532942468,0.03430132887500592,-0.05429954049409244,-0.12851405622489964
2022-08-18,-0.01392133851860855,0.03504304778208491,0.03433355146215093,-0.0027529731447751738,-0.1405622489959839
2022-08-19,0.027651531330510792,0.03087433713364255,0.0345431771874,-0.12665187847573528,-0.11646586345381527
2022-08-22,-0.009132483563272231,0.030837665629307596,0.034430383575419485,-0.0011884721002341529,-0.12449799196787148
2022-08-23,-0.009216655104923532,0.031074837311939874,0.03444304346910503,0.007661546695719197,-0.1325301204819277
2022-08-24,0.009216655104923532,0.02778466138398035,0.034243787198669516,-0.11191424429070762,-0.08016877637130804
2022-08-25,-0.013857034661425516,0.027670871557766943,0.03371726891494153,-0.004103826573730248,-0.08119658119658124
2022-08-26,-0.02353049741019575,0.02870008421380735,0.0338062313721991,0.03651975248469223,-0.07488986784140972
2022-08-29,-0.019231361927886326,0.02932685671889157,0.03360807566786346,0.021603643270509027,-0.09251101321585908
2022-08-30,0.019231361927886326,0.029369213559012047,0.03321532628963714,0.0014432595858554517,-0.07488986784140972
2022-08-31,0.02353049741019575,0.029457557520960104,0.03333725458597309,0.003003530423475184,-0.052863436123347984
2022-09-05,-0.009345862418237871,0.029659494044658088,0.033353427731181856,0.0068317764654958445,-0.06167400881057272
2022-09-06,-0.004705891037414034,0.029747715963164726,0.03308588260752378,0.0029700756405589583,-0.06607929515418498
2022-09-07,-0.05826890812397423,0.033041460921603205,0.03262034613902738,0.10501077622366121,-0.11894273127753308
2022-09-08,0.04879016416943038,0.0344990804485383,0.03299160368900784,0.043169492798498056,-0.07488986784140972
2022-09-09,0.009478743954543845,0.031443617265815176,0.03296699475745141,-0.09273662792291956,-0.06607929515418498
2022-09-12,0.014051753455651905,0.027891409545175643,0.03271236837765658,-0.11987723361383101,-0.052863436123347984
2022-09-13,-0.014051753455651905,0.023721635848323753,0.03148528278367482,-0.16193114009723283,-0.06607929515418498
2022-09-14,-0.009478743954543845,0.023594445116786336,0.03152201726945148,-0.005376226498000417,-0.07488986784140972
2022-09-15,-0.0095694510161497,0.022749675979129705,0.030080109751735355,-0.03646038956079686,-0.08370044052863435
2022-09-16,-0.019418085857102696,0.022928298482284885,0.029797446426113768,0.0078209832001393,-0.10132158590308371
2022-09-19,-0.004914014802428923,0.022792384119973624,0.02981086312885728,-0.005945436309420614,-0.10572687224669608
2022-09-20,0.0480861866676392,0.024607435611052282,0.029880379040151967,0.07662217518257552,-0.06167400881057272
2022-09-21,-0.01895791374461453,0.024862140146693298,0.03000416334167619,0.010297508295614518,-0.07929515418502198
2022-09-22,0.004773278752656651,0.024848412511555777,0.029985077012832168,-0.0005523024480465564,-0.07488986784140972
2022-09-23,-0.04879016416943038,0.02684782851150863,0.030541988760279932,0.07739104524233527,-0.11894273127753308
2022-09-26,-0.015113637810049596,0.02687280819861567,0.030626913404595682,0.0009299844952447069,-0.13215859030837007
2022-09-27,-0.005089069507469901,0.02649454753130219,0.03059501423390209,-0.014175964122634289,-0.13656387665198233
2022-09-28,-0.0010209291341087834,0.02623528655856976,0.030450312419883302,-0.00983363471882745,-0.1374449339207049
2022-09-29,-0.06107160627520258,0.028752285378960504,0.03135175615809768,0.09161190232106804,-0.18854625550660797
2022-09-30,0.05902661578747548,0.03165600053684112,0.03126758230402771,0.09621043361297209,-0.1392070484581498
2022-10-03,-0.0721415578653044,0.035063536092848756,0.032750089986846496,0.10223398099047994,-0.1991189427312775
2022-10-04,-0.070644399525424,0.03774310963339034,0.03406912260401864,0.07364117978825072,-0.2537444933920705
2022-10-05,-0.0570889669841268,0.0376665340134926,0.03486733785353077,-0.002030923956297309,-0.2951541850220264
2022-10-06,0.025911381784501586,0.036063401979395504,0.03480535311922714,-0.04349344095468994,-0.2766519823788546
2022-10-07,-0.0012187691941303314,0.035801752780728,0.0339492386275535,-0.0072817009257208085,-0.27753303964757714
2022-10-10,-0.012270092591814219,0.035240729972377996,0.033969916039222496,-0.01579433295093778,-0.28634361233480177
2022-10-11,-0.07164187965852875,0.03751175763979607,0.03515470424927912,0.06245188854954539,-0.33568281938325994
2022-10-12,-0.0013271402080619055,0.03764219993751162,0.034785246405555637,0.003471337989241728,-0.3365638766519824
2022-10-13,-0.04481401578979316,0.03811655926175163,0.03517792825242824,0.012523050888421235,-0.36563876651982374
2022-10-14,0.008298802814696415,0.03857814022577972,0.03397997281281535,0.012036983517636471,-0.36035242290748903
2022-10-17,0.058840500022933284,0.04210245271727636,0.03464818658213841,0.08742017595141348,-0.3215859030837004
2022-10-18,-0.05197705509795192,0.04026499944171015,0.034250895578060436,-0.044623396088138305,-0.35594713656387666
2022-10-19,0.048073341617477894,0.04295261475784687,0.03487091060000054,0.06461491876681842,-0.32422907488986785
2022-10-20,-0.07160383902767187,0.04442855594488795,0.03599886682008405,0.033784881193392347,-0.37092511013215856
2022-10-21,-0.019802627296179764,0.0438847927655211,0.03556852206981163,-0.012314558011358147,-0.3832599118942731
2022-10-24,-0.07257069283483553,0.045546560474140095,0.036229719175617674,0.037167247728969066,-0.426431718061674
2022-10-25,-0.06998085114907049,0.04667287708789704,0.037132003705297935,0.024428090384325987,-0.46519823788546255
2022-10-26,0.037191028326079234,0.04841071972267172,0.03754520266802878,0.03655805783938698,-0.44493392070484583
2022-10-27,-0.06559728248581287,0.048612917402016446,0.03821299450044458,0.004168013823790293,-0.48017621145374445
2022-10-28,0.05602783146966317,0.04835291250681998,0.03892110157141757,-0.0053628265741743975,-0.45022026431718065
2022-10-31,0.040821994520253924,0.048834110917882013,0.03930002558247424,0.009902602782299328,-0.42731277533039647
2022-11-01,-0.06679748092351545,0.048617835631207806,0.04006474250950927,-0.004438610105210684,-0.4643171806167401
2022-11-02,0.017930390718429834,0.048220013206598765,0.04019401096772989,-0.008216303547063566,-0.4546255506607929
2022-11-03,-0.014646315517239827,0.04735018545801412,0.04019736057999905,-0.01820340645318732,-0.4625550660792952
2022-11-04,-0.01652930195121094,0.04724179235636001,0.03902247226630091,-0.0022918037804880304,-0.4713656387665198
2022-11-07,-0.008368249670516192,0.04726440012401511,0.03776274254013185,0.00047843982936149944,-0.4757709251101322
2022-11-08,-0.0713967187983453,0.04724908182804874,0.03732807911816878,-0.000324150428967606,-0.5118942731277534
2022-11-09,0.040677579760815874,0.04881567104460295,0.03784910863724502,0.0326181609393192,-0.47545454545454546
2022-11-10,-0.07184417199923487,0.0500912734284282,0.038567581334313206,0.025795415365477227,-0.5118181818181818
2022-11-11,0.05082763663757639,0.051984254976038716,0.039408462293101784,0.037094066685760305,-0.48636363636363633
2022-11-14,-0.028727289636911735,0.04927313896559016,0.03947416079895659,-0.05356178922830488,-0.500909090909091
2022-11-15,-0.0697738164700219,0.05009353718635222,0.039854145395202205,0.01651291417306412,-0.5302752293577981
2022-11-16,0.038318864302135935,0.049461879281276495,0.04039420724996508,-0.012689741590494519,-0.5119266055045871
2022-11-17,0.033274788884872564,0.049070364344152566,0.04081333180173778,-0.007946980678417257,-0.4954128440366973
2022-11-18,0.04965559044586065,0.05098763424895612,0.041485352679972325,0.038327854892945816,-0.46232558139534885
2022-11-21,-0.06985829776338015,0.050814570358092254,0.042184575532114556,-0.0034000054173786032,-0.49860465116279074
2022-11-22,0.06639208978689481,0.05140942061634581,0.04333189287303867,0.011638302331209922,-0.46418604651162787
2022-11-23,0.06713930283762792,0.053040353413600354,0.044440725389094285,0.03123156688561378,-0.4269767441860465
2022-11-24,0.049099330967381505,0.05189059033231035,0.044922068444298156,-0.021915534905012243,-0.3981395348837209
2022-11-25,0.055611623121649245,0.05186896365945903,0.045491877694017156,-0.0004168612559302851,-0.36372093023255814
2022-11-28,-0.014727806710244096,0.05131100814245759,0.04550081327053076,-0.010815293661977247,-0.37302325581395346
2022-11-29,0.0,0.04871851497256609,0.045509985274430294,-0.05184616038133048,-0.37302325581395346
2022-11-30,0.0014825799602231626,0.048630213815958924,0.04503249909942371,-0.0018141205084375195,-0.37209302325581395
2022-12-01,-0.008928630744300392,0.04852948540569595,0.04444290765097341,-0.002073461042454076,-0.3776744186046511
2022-12-02,0.04386668210558042,0.04902104049223909,0.044885272315697534,0.010078041952298512,-0.34976744186046516
2022-12-05,-0.020231903971584586,0.04929590238500015,0.04483170685628774,0.005591356787414824,-0.35680751173708924
2022-12-06,-0.07108055491743492,0.049269468114826416,0.045571166558319935,-0.0005363803800392346,-0.4009389671361502
2022-12-07,-0.06977687779916053,0.051445214805806,0.0462537388907729,0.04321286149834985,-0.44131455399061037
2022-12-08,-0.0033670065479043387,0.048498796522605594,0.04626043522001411,-0.058978455786981056,-0.4431924882629108
2022-12-09,-0.0033783815916272886,0.047300431667677584,0.046247687624666564,-0.025019556822005178,-0.44507042253521123
2022-12-12,-0.03442680775008711,0.047513572506795526,0.0463592694397124,0.0044959846395545965,-0.463849765258216
2022-12-13,0.013913267916985106,0.0444495314323411,0.045845779319301394,-0.06666097225294913,-0.4485714285714286
2022-12-14,0.020513539833102,0.043946762397564426,0.046000287902419716,-0.011375462042594913,-0.43714285714285717
2022-12-15,-0.005089069507471677,0.04349447681104027,0.04596603128224595,-0.010344993294975402,-0.41200000000000003
2022-12-16,0.001699235752960604,0.04210652525755514,0.04569898373784065,-0.032431229674326,-0.40203045685279193
2022-12-19,-0.03983210544840432,0.03992819860919529,0.04586776882974956,-0.05311990362415353,-0.4224489795918367
2022-12-20,-0.06007265403733797,0.03927651517059306,0.04633047623944405,-0.01645604028514816,-0.4555669050051072
2022-12-21,-0.07194549744091638,0.03834221333618176,0.04699363468935713,-0.024075290577500054,-0.49232343909928356
2022-12-22,-0.004040409537005019,0.03572216316789775,0.04654516629929346,-0.07078013280064958,-0.4943705220061413
2022-12-23,0.06276569554978728,0.03647835071350512,0.0466420728843325,0.020947634490318227,-0.42134213421342137
2022-12-26,-0.07089582163303731,0.038701970378459884,0.046614356102207516,0.05917154368158363,-0.42148760330578516
2022-12-27,0.06517607296025041,0.04265683538394941,0.046930973148453285,0.09729699114439833,-0.3629719853836785
2022-12-28,-0.0232118738612197,0.04258257443033362,0.04653291128270739,-0.0017424089430335288,-0.3775883069427527
2022-12-29,0.0,0.04268430813880228,0.04633768023692082,0.002386242578944712,-0.37682926829268293
2022-12-30,-0.02576951317905163,0.0405477465311326,0.04638603043409856,-0.05135114303524606,-0.3851851851851852
2023-01-03,0.0432287345508211,0.04270334839412778,0.04685672025042839,0.05179711501654791,-0.3246753246753247
2023-01-04,0.003838776307166114,0.04064887580053423,0.046109655241925354,-0.0493061420208828,-0.3220779220779221
2023-01-05,-0.009624713374210003,0.03814396339620888,0.04610745315574002,-0.06360365205134726,-0.3285714285714286
2023-01-06,0.03795522000043583,0.039449378927185905,0.04617275898328839,0.033650783380872386,-0.30259740259740264
2023-01-09,-0.005602255548669888,0.039447820948117246,0.04614033619876383,-3.949389018578613e-05,-0.3064935064935065
2023-01-10,-0.009407407101896581,0.03886022447415607,0.045371688659482046,-0.015007585727758706,-0.3102998696219035
2023-01-11,0.001888574687868072,0.03866394506633916,0.044982944813373164,-0.005063705364273531,-0.3089960886571056
2023-01-12,-0.05427688685443677,0.03972753862371098,0.044862845206977586,0.027137094650184997,-0.29691876750700286
2023-01-13,0.007936549595735087,0.03988699487418677,0.04409199220169636,0.0040057114355571246,-0.27714285714285714
2023-01-16,-0.056925936796009324,0.04130363248778757,0.04455076382751468,0.03490011343790541,-0.31616595135908443
2023-01-17,0.06479999322691654,0.043928015075027825,0.04462009937774092,0.061601808889304444,-0.2703862660944206
2023-01-18,-0.019802627296179764,0.04216859821398362,0.043826968091572806,-0.04087643775762824,-0.28469241773962806
2023-01-19,0.0,0.038940229570165304,0.04350740355148311,-0.07964791082490612,-0.28469241773962806
2023-01-27,0.05448818528406818,0.040746220059769356,0.043380749819822796,0.04533516932156798,-0.24463519313304716
2023-01-30,0.024322995140220627,0.0386474589541606,0.04285368862894767,-0.052882034956310726,-0.22603719599427752
2023-01-31,0.0018467225931644293,0.03470702688914845,0.042481522131467525,-0.10753882799246253,-0.22460658082975682
2023-02-01,-0.04143718986417255,0.03313694495402927,0.04195924697872985,-0.04629333511904959,-0.2560801144492132
2023-02-02,-0.003853569315989347,0.0327120959177464,0.04187269653654383,-0.012903902524988697,-0.2589413447782547
2023-02-03,0.019121041446776843,0.0329695723024531,0.04193995613273605,0.00784016704097861,-0.24463519313304716
2023-02-06,0.0,0.032339689614120405,0.041899881542885056,-0.019289822248660538,-0.24463519313304716
2023-02-07,-0.034685557987888416,0.03191918793599194,0.042103540714646316,-0.013087920788652103,-0.2703862660944206
2023-02-08,0.0,0.03190028000938413,0.0411228404541024,-0.0005925439946249704,-0.2703862660944206
2023-02-09,0.0,0.03183844632977403,0.04075136297301363,-0.0019402232569384753,-0.2703862660944206
2023-02-10,-0.03796659792385171,0.031513745195033194,0.03999573625117083,-0.010250754319862132,-0.2975679542203148
2023-02-13,-0.04158603377810266,0.032590141311791485,0.039725247192088274,0.033586012352950154,-0.32618025751072965
2023-02-14,0.04565108002627305,0.03457666591037729,0.04006886671642331,0.059169212386256595,-0.2947067238912733
2023-02-15,0.06288908854893194,0.0376344714520352,0.03991398140047144,0.08474134193273773,-0.24892703862660948
2023-02-16,-0.06695413479710233,0.03868056702240909,0.040528757049320685,0.02741689827519393,-0.2975679542203148
2023-02-17,0.0,0.03862356559422268,0.040273979010316416,-0.0014747316046476709,-0.2975679542203148
2023-02-20,0.06695413479710233,0.03919692755406867,0.040708811390505424,0.014735763405482273,-0.24892703862660948
2023-02-21,0.0,0.036555894849788016,0.03971032173948937,-0.06975589157903422,-0.24892703862660948
2023-02-22,0.0019029501460874343,0.03621233939250549,0.03873147327512994,-0.00944252444996554,-0.24749642346208867
2023-02-23,-0.009551170984343216,0.03631037146699439,0.037678586371517025,0.0027034871146048864,-0.2546494992846924
2023-02-24,0.0076482208382557815,0.03419984687147405,0.03708637642862323,-0.05988223219433214,-0.24892703862660948
2023-02-27,0.0075901692666757725,0.0337681177872043,0.03629927792936714,-0.012704066272888564,-0.24320457796852646
2023-02-28,0.018727139050698227,0.034055946178762224,0.036392941206585594,0.008487549042131073,-0.22889842632331903
2023-03-01,0.03464339147231321,0.033460330838541025,0.03672633468333988,-0.017644059829900496,-0.20171673819742486
2023-03-02,-0.07053015080583691,0.03733202085532062,0.03773527293028962,0.1094908122599535,-0.2560801144492132
2023-03-03,0.054269629934056596,0.03905743303677964,0.03847992743196067,0.04518176664325607,-0.2145922746781116
2023-03-06,0.0018198367169866003,0.03905477051023778,0.037986187482270464,-6.817182822316603e-05,-0.1970802919708029
2023-03-07,-0.0465200156348935,0.039724418257083643,0.03832671096645337,0.017001030768200098,-0.17711598746081503
2023-03-08,0.04287702435639318,0.04078492112722922,0.03778783921592967,0.02634635827446056,-0.07899159663865551
2023-03-09,-0.033398280401849334,0.04161507456473002,0.03697371882334024,0.020150033197112505,-0.10623946037099496
2023-03-10,0.0,0.04055204266510944,0.03697405300155289,-0.025876311394481506,-0.10321489001692052
2023-03-13,0.02790878811707742,0.039417970739795694,0.037172539477037976,-0.028364323719068357,-0.07783417935702197
2023-03-14,-0.009216655104923532,0.038506886859229435,0.03693404696742849,-0.023384711704742992,-0.08629441624365486
2023-03-15,-0.04159389729883678,0.03724275146884625,0.03724976345010463,-0.03337976149257459,-0.12351945854483926
2023-03-16,-0.03536714383729134,0.03487867640045657,0.03737935736121025,-0.06558166516418384,-0.15110356536502545
2023-03-17,0.0,0.03487867640045657,0.03737981853736434,0.0,-0.15110356536502545
2023-03-20,0.001998002662672249,0.031239378238845542,0.03738043466502241,-0.11019619563787303,-0.11484098939929333
2023-03-21,0.005970166986504211,0.03129139174814643,0.03707565708892944,0.0016636131194820727,-0.09677419354838712
2023-03-22,-0.01801850550267936,0.0314757646948483,0.03634830512153547,0.005874837373063911,-0.11290322580645162
2023-03-23,0.004032263527939506,0.03147435945960402,0.035146659271395264,-4.4645973838111277e-05,-0.10931899641577059
2023-03-24,0.006018072325563395,0.031449183760500724,0.03515088604456614,-0.0008001994533783053,-0.10394265232974909
2023-03-27,0.0,0.03136747247623681,0.034177891880875645,-0.0026015808299899557,-0.10394265232974909
2023-03-28,0.0,0.030967404767906947,0.032917302431095655,-0.012836251257110885,-0.10394265232974909
2023-03-29,0.027615167032973176,0.030545736946399463,0.032007900727580314,-0.013710055365591155,-0.07885304659498205
2023-03-30,0.019268418865875603,0.02661513846411098,0.03196205929592981,-0.1377449149478887,-0.06093189964157708
2023-03-31,-0.013448809812611984,0.02352739331810688,0.03201216370635105,-0.12331470439308663,-0.07347670250896055
2023-04-03,-0.033434776086236795,0.02444965931792352,0.032132606250501954,0.038450850572092486,-0.10394265232974909
2023-04-04,0.001998002662672249,0.022410685109246403,0.03163086959637957,-0.08707838585277587,-0.10215053763440862
2023-04-05,0.017804624633507515,0.020355204088000386,0.03171551208564126,-0.09620120553705323,-0.08602150537634412
2023-04-06,-0.009852296443012776,0.01918808081210006,0.031716649119262016,-0.059047283226818674,-0.09498207885304655
2023-04-07,-0.001982161203990529,0.019180062913209506,0.031314773540764645,-0.0004179454124867462,-0.09677419354838712
2023-04-10,0.0,0.017816894276654418,0.03130934301096985,-0.07372418586850425,-0.09677419354838712
2023-04-11,0.003960401216096088,0.01785394862875062,0.031295798662829055,0.0020775704542165684,-0.09318996415770608
2023-04-12,-0.009930568202600298,0.015527320868618157,0.031316157730861466,-0.13962350254156447,-0.10215053763440862
2023-04-13,-0.001998002662672249,0.01335682026522395,0.030524211537890998,-0.15057386865320072,-0.10394265232974909
2023-04-14,-0.006018072325563395,0.013424436946229171,0.030515360915432884,0.005049559372821876,-0.10931899641577059
2023-04-17,-0.032722755990867824,0.01523449967462838,0.02990804550353931,0.12648578404508545,-0.13799283154121866
2023-04-18,0.058543455612610984,0.020361706610429634,0.02968876105386735,0.29009327323782563,-0.08602150537634412
2023-04-19,0.0,0.019888053851620385,0.029574740040676572,-0.02353675569430373,-0.08602150537634412
2023-04-20,-0.0019627091678486863,0.019892939632507035,0.029576196694378658,0.00024563380785480533,-0.08781362007168458
2023-04-21,0.0,0.01986160240818652,0.02870784761339504,-0.001576535079373538,-0.08781362007168458
2023-04-24,-0.01584191546565883,0.0202118537041836,0.028584604052325546,0.017480900043371172,-0.10215053763440862
2023-04-25,0.0,0.0202118537041836,0.028582174157841804,0.0,-0.10215053763440862
2023-04-26,0.001994018606865211,0.019160729003432454,0.028094535977396265,-0.053406402179787,-0.10035842293906805
2023-04-27,-0.00399202126953746,0.01855035901283098,0.028094814495447075,-0.03237366018485392,-0.10394265232974909
2023-04-28,0.0,0.018369510499677624,0.027975639465465114,-0.009796885202529308,-0.10394265232974909
2023-05-04,0.0,0.016779293888627346,0.027975639465465114,-0.09054658093665541,-0.10394265232974909
2023-05-05,0.0,0.01677271868438614,0.027621965849213066,-0.0003919407452331947,-0.10394265232974909
2023-05-08,0.00796816964917646,0.016359194581585874,0.027642726712808634,-0.024963564560991334,-0.09677419354838712
2023-05-09,0.017699577099399733,0.016694940685524823,0.0277391408006728,0.020315609259124668,-0.08064516129032262
2023-05-10,0.030712586687529964,0.017962239400542937,0.027558226658866168,0.073165980506361,-0.05197132616487454
2023-05-11,-0.0075901692666757725,0.018095760813776476,0.02700670750131769,0.007405954221723198,-0.05913978494623651
2023-05-12,0.020735898479179227,0.018571930639584386,0.02650811397817988,0.02597361964847258,-0.03942652329749108
2023-05-15,0.06675155564393798,0.023141319091172247,0.02666421576740165,0.21996828315170003,0.0
2023-05-16,0.003484324082609902,0.023065035703240852,0.025106221494237833,-0.0033018585671768137,0.0
2023-05-17,0.0,0.02292526044832223,0.025106221494237833,-0.006078483340939071,0.0
2023-05-18,-0.003484324082609902,0.021098968947315187,0.023652287825239614,-0.08301516697579585,-0.003478260869565264
2023-05-19,-0.0537763967808047,0.022073734242375076,0.024703990030021505,0.045164210720702355,-0.055652173913043446
2023-05-22,-0.0036900410874540768,0.022116696177799686,0.024709395372407295,0.0019443996859773176,-0.05913043478260871
2023-05-23,0.034517504882714434,0.02316941938361182,0.02505900175509844,0.0465004521659938,-0.02608695652173909
2023-05-24,0.017699577099399733,0.023315025757338976,0.02513629648733632,0.006264753160210244,-0.008695652173912993
2023-05-25,-0.017699577099399733,0.02340870379989894,0.025242049100659143,0.004009873735267101,-0.02608695652173909
2023-05-26,0.010657294473986667,0.02339661637769288,0.025167104960040255,-0.0005164975803578219,-0.01565217391304352
2023-05-29,0.06663437982765963,0.02698863548343416,0.026213078540256746,0.14282439982656323,0.0
2023-05-30,0.04682049640638475,0.028039599758877754,0.025114046508372317,0.03820190486547828,0.0
2023-05-31,-0.019108861698047264,0.02878118679354546,0.024365597066580133,0.026104140035521046,-0.018927444794952675
2023-06-01,-0.03268264743035765,0.030320300635453417,0.02477554782139706,0.05209552115033622,-0.050473186119873836
2023-06-02,0.06744128079553136,0.03287613039573262,0.025391987153230895,0.080929372785541,0.0
2023-06-05,0.0015515906914185251,0.03295548331308843,0.024858023821546907,0.002410784946923599,0.0
2023-06-06,-0.03149866705937043,0.0343409180293464,0.02481241510239694,0.041179916150824024,-0.03100775193798455
2023-06-07,0.0665365238002451,0.03635998131645923,0.026138922093700834,0.057131150650386334,0.0
2023-06-08,-0.027315810646964422,0.037168324859658444,0.026249701120243545,0.021988154853176203,-0.026946107784431184
2023-06-09,-0.0061728591070799865,0.037271992515776994,0.026228748914050356,0.0027852566710935907,-0.03293413173652693
2023-06-12,0.06734031998506751,0.03731993124091674,0.026853326320204228,0.001285359499311969,0.0
2023-06-13,0.067158097180533,0.03944736837988258,0.027507886972857384,0.055439789323266375,0.0
2023-06-14,0.03588424879238872,0.03966216682488914,0.027752918468238387,0.0054304179136752395,0.0
2023-06-15,-0.0052356140539444596,0.03970550073090759,0.02779118499970559,0.0010919786542600348,-0.005221932114882533
2023-06-16,-0.07209102915451915,0.04152648601252689,0.02960751818701276,0.044841694239366764,-0.0744125326370757
2023-06-19,-0.0014114328384078334,0.04148041192532624,0.029459397577290013,-0.0011101265551596786,-0.07571801566579639
2023-06-20,0.01680711831638071,0.041195080465259215,0.029491340918966828,-0.00690246929661808,-0.06005221932114879
2023-06-21,0.046141155997855066,0.04186706128929258,0.029939157103237767,0.016180544082085056,-0.015665796344647487
2023-06-22,-0.030978908258177285,0.04249660268829869,0.030323879024387667,0.014924741429792368,-0.04569190600522188
2023-06-23,0.06616169008990802,0.04409556326260543,0.03127773751173553,0.036935026579435044,0.0
2023-06-26,-0.005134799472038765,0.042663599578782345,0.03120524036394638,-0.033013075694481864,-0.005121638924455829
2023-06-27,-0.05014242941944502,0.04404639507454955,0.0320145640379744,0.03189741675232031,-0.05377720870678615
2023-06-28,0.014775285582153685,0.043611982964497566,0.031935240149402466,-0.00991155841573187,-0.03969270166453265
2023-06-29,-0.020202707317519497,0.04306467693642344,0.031701727005562445,-0.012628847868497283,-0.05889884763124198
2023-06-30,-0.04879016416943216,0.042743764880143906,0.03249007498761876,-0.0074797647144214845,-0.10371318822023046
2023-07-03,0.0,0.042750173218436764,0.032457772199439634,0.00014991324410259325,-0.10371318822023046
2023-07-04,0.055569851154810834,0.04336399369726032,0.03303463626190361,0.014256207875123696,-0.052496798975672165
2023-07-05,-0.03157434559859418,0.041973616042035214,0.03338051228461697,-0.03258821940088613,-0.08194622279129327
2023-07-06,-0.023995505556216656,0.041851542333656754,0.03359514496630438,-0.00291258061220108,-0.10371318822023046
2023-07-07,0.03509131981127034,0.04235305231630108,0.03381105728464782,0.011911839148784067,-0.07170294494238161
2023-07-10,-0.032238250828863,0.0405485353708719,0.034110459554854505,-0.04354082075938385,-0.1011523687580026
2023-07-11,-0.03184060585565973,0.03798158978832459,0.034439440894153746,-0.06539808107721577,-0.1293213828425096
2023-07-12,0.06683367936336637,0.040261059438041966,0.03531308015321448,0.05828315678932113,-0.06914212548015364
2023-07-13,0.029812505983700888,0.04089859535247704,0.035062611941580044,0.01571098035741786,-0.04097311139564663
2023-07-14,-0.02706525150856187,0.03790065315933017,0.03468518266796124,-0.07612735396297612,-0.06658130601792578
2023-07-17,0.0416447012717196,0.038941625487611806,0.034979434957079766,0.02709538971458987,-0.02688860435339313
2023-07-18,-0.013245226750020933,0.03898268668406476,0.035056752128194944,0.0010538736517594054,-0.03969270166453265
2023-07-19,0.0,0.03757536158884898,0.035056752128194944,-0.03676904806170706,-0.03969270166453265
2023-07-20,0.011928570865274324,0.036949194714471376,0.03494044072878233,-0.016804700974018212,-0.028169014084507005
2023-07-21,-0.01459879942115272,0.03383615691432901,0.035040157342440786,-0.08801386640434625,-0.04225352112676062
2023-07-24,0.01591545530589933,0.034065326709182865,0.035054691294666554,0.006750091022325396,-0.02688860435339313
2023-07-25,-0.003955179842927592,0.032073415259008975,0.035054497383417975,-0.06025253478327096,-0.030729833546734975
2023-07-26,0.0664356636210428,0.03515604428644208,0.03587216019195637,0.09176903115158566,0.0
2023-07-27,-0.0024752487885439933,0.034740408326049084,0.035882961281329014,-0.011893042494512358,-0.0024721878862793423
2023-07-28,0.026896486865346958,0.032670786187336445,0.03594954078184468,-0.061422206454407595,0.0
2023-07-31,0.025016194349067433,0.032808552440388494,0.036013168707697184,0.004207935423363684,0.0
2023-08-01,0.05715841383994835,0.03292713485884429,0.036536575170824336,0.0036078579498561828,0.0
2023-08-02,0.032789822822991255,0.03179782363391345,0.03655812042723685,-0.03489922653833881,0.0
2023-08-03,-0.071299677584868,0.036155605633670165,0.037958455054505055,0.12843411635802293,-0.0688172043010753
2023-08-04,0.025086834429735916,0.035867572680422406,0.037986680177729736,-0.0079983809534265,-0.04516129032258065
2023-08-07,-0.025086834429735916,0.03545614722849964,0.037442552832205545,-0.0115369725673811,-0.0688172043010753
2023-08-08,-0.013953714773863979,0.034545908517878914,0.037536942649872035,-0.0260075149704753,-0.08172043010752683
2023-08-09,-0.03212649876487994,0.033249760043106154,0.03786031678437096,-0.03824155953143406,-0.11075268817204298
2023-08-10,0.025075940768212845,0.03309104177046547,0.037917816149964,-0.004784944507229864,-0.08817204301075265
2023-08-11,-0.003544008434730017,0.0322536794951505,0.03710957869195046,-0.025630466925244205,-0.09139784946236562
2023-08-14,0.0,0.03125416982192873,0.037093992181838016,-0.03147931810884519,-0.09139784946236562
2023-08-15,-0.015504186535965303,0.03132871324748346,0.037037001181207986,0.0023822308378702735,-0.10537634408602148
2023-08-16,-0.0181933459612047,0.03174859956391865,0.03714436809459249,0.013313578739651914,-0.12150537634408598
2023-08-17,0.0,0.03170933819319496,0.03702304549583794,-0.0012373980229103947,-0.12150537634408598
2023-08-18,-0.01107703633890722,0.03161210858491087,0.03708591368982506,-0.003070986496216936,-0.13118279569892477
2023-08-21,-0.0024783160144679073,0.031510258324861304,0.03623206517875208,-0.003227075319072307,-0.1333333333333332
2023-08-22,-0.0012414650880643308,0.03148484477633196,0.035815779675151614,-0.0008068418206657338,-0.13440860215053752
2023-08-23,-0.006230549750636527,0.027760689519906186,0.03571350996011765,-0.12588529529347667,-0.13978494623655913
2023-08-24,0.0037429862788336266,0.02777292130122814,0.03538409029725455,0.00044051798302732244,-0.13655913978494638
2023-08-25,-0.007500035156546403,0.027059340254426027,0.03444573166416166,-0.026029240986122356,-0.1430107526881721
2023-08-28,0.0037570488777127764,0.026351840282811057,0.034444736888564816,-0.026494119178285567,-0.13978494623655913
2023-08-29,0.03560842746736803,0.02410610318056981,0.03437553068583875,-0.08907302470819667,-0.10860215053763445
2023-08-30,-0.010915814876996777,0.022513509430253435,0.033456340375124544,-0.06834947494446433,-0.11827956989247312
2023-08-31,0.018127384592556695,0.017169606199748996,0.03326263070180156,-0.27097467062720165,-0.10215053763440862
2023-09-05,-0.0060060240602108905,0.015970620339635106,0.033261758032150965,-0.07238989002188335,-0.10752688172043012
2023-09-06,-0.0012055456553490274,0.015132833772100677,0.032216271373961776,-0.05388396568713882,-0.10860215053763445
2023-09-07,0.013181736702064129,0.015238062059823657,0.031130668338436543,0.006929571000384064,-0.09677419354838712
2023-09-08,-0.008368249670516192,0.013496073226975392,0.030840394603125328,-0.1213975249821305,-0.10430107526881716
2023-09-11,-0.0036079413761989088,0.012192636833281237,0.030835176485173768,-0.10156646056514515,-0.10752688172043012
2023-09-12,-0.0355647537222854,0.014431093021733631,0.02969879955524393,0.1685527578991671,-0.1387096774193548
2023-09-13,-0.001249219400431656,0.014421611535186644,0.029698488027752813,-0.0006572333832515989,-0.13978494623655913
2023-09-14,0.0,0.014112559582290034,0.029636002763004207,-0.021662715956996422,-0.13978494623655913
2023-09-15,-0.0075282664207918515,0.013661203972928818,0.02907833272129404,-0.03250513917387486,-0.14623655913978495
2023-09-18,-0.002522069432709273,0.013658970927668412,0.02878074803102287,-0.000163472132867564,-0.1483870967741936
2023-09-19,-0.0025284463533594703,0.013477833049959725,0.02749590209239286,-0.013350167149590817,-0.15053763440860213
2023-09-20,0.0,0.013476142592153547,0.027487034405082204,-0.0001254328175191494,-0.15053763440860213
2023-09-21,0.0,0.013477843227479741,0.026678495703348095,0.00012618794696654556,-0.15053763440860213
2023-09-22,-0.01916991610771923,0.014043821253881688,0.026743688938113474,0.04113540602305376,-0.16666666666666663
2023-09-25,0.0,0.013993899902221791,0.02660484079523226,-0.003561014714816409,-0.16666666666666663
2023-09-26,-0.032789822822991255,0.015590045784458117,0.02617522372860227,0.108011033295702,-0.19354838709677424
2023-09-27,0.026317308317374,0.016871187893007605,0.02637536463348249,0.07897464004466184,-0.17204301075268813
2023-09-28,0.006472514505617255,0.01456063530753355,0.02541640452678746,-0.14728553896970714,-0.16666666666666663
2023-09-29,0.01916991610771923,0.015276317853294308,0.025164908876450204,0.04798206875994255,-0.15053763440860213
2023-10-02,-0.0038046970436642624,0.014534950194158203,0.024950706622170582,-0.04974763573163146,-0.1537634408602151
2023-10-03,-0.07108254653075186,0.021068389313180075,0.026289707870799074,0.3712174595944137,-0.21182795698924728
2023-10-04,0.020257276087827236,0.021868355822688902,0.026065008512126488,0.03726685458743154,-0.19569892473118278
2023-10-05,-0.0175324787616411,0.021590618486016313,0.025823250599427985,-0.012781755414195965,-0.20967741935483875
2023-10-06,0.0,0.021637144896442556,0.02434764526786637,0.0021526168936589706,-0.20967741935483875
2023-10-09,-0.016461277054071743,0.021744901817993333,0.02412504258269901,0.004967819715606363,-0.22258064516129028
2023-10-10,-0.06131642398861281,0.024159833542095707,0.025145788654718518,0.1053121063750135,-0.26881720430107525
2023-10-11,0.0073260400920727164,0.02436468818505764,0.02453862167364691,0.008443391846312829,-0.26344086021505375
2023-10-12,0.02166149678117968,0.02519508413292689,0.024674443937840705,0.033514009315169686,-0.24731182795698925
2023-10-13,-0.028987536873252395,0.025685426835050425,0.02493397078944159,0.019274872873390483,-0.26881720430107525
2023-10-16,0.01893720101975127,0.026354778126411148,0.02501486657625577,0.025725799883030077,-0.2548387096774194
2023-10-17,-0.004338401598598551,0.026342889361043866,0.024958923944026767,-0.0004512063483549517,-0.25806451612903225
2023-10-18,-0.0014503265776468766,0.026325270966078337,0.02485584888295697,-0.000669033770040173,-0.2591397849462366
2023-10-19,-0.06754254490930478,0.02953797534311361,0.026271741804499336,0.1151473428610488,-0.3075268817204301
2023-10-20,0.04701396476817621,0.03208009943757667,0.02551427962193203,0.08255912058870872,-0.27419354838709675
2023-10-23,0.05617027146705489,0.03503897187192776,0.026634174831122116,0.08822501509133049,-0.23225806451612907
2023-10-24,-0.0014015419252881856,0.03438306913083265,0.026362235290100462,-0.0188966518473352,-0.23333333333333328
2023-10-25,0.023563113728140905,0.03426677060329691,0.026337172767461905,-0.0033881682859075004,-0.21505376344086025
2023-10-26,-0.07242340658374147,0.03754377782530833,0.026669980952429808,0.09133153776893553,-0.2698924731182796
2023-10-27,0.044643842476665085,0.03887306116520293,0.02699431255980256,0.034793825823982626,-0.2004504504504504
2023-10-30,0.0,0.0388902675399107,0.025533632308581952,0.0004425317395684566,-0.2004504504504504
2023-10-31,-0.028573372444055778,0.03616311829181791,0.025461785315174828,-0.07270424040190067,-0.20323325635103928
2023-11-01,-0.0721032939013444,0.038832499835881475,0.026803479453815025,0.07121773389288008,-0.2482435597189696
2023-11-02,0.003110422414392744,0.03883008335660818,0.026797268045842773,-6.223018994306484e-05,-0.24056603773584906
2023-11-03,0.0,0.03883008335660818,0.02655995620861255,0.0,-0.24056603773584906
2023-11-06,-0.02197890671877545,0.038923258567660074,0.02637587563145729,0.0023966875089818105,-0.2544378698224852
2023-11-07,-0.07069499955748171,0.039663007605374175,0.027706217876623754,0.01882697158109492,-0.30532544378698223
2023-11-08,0.04007213934349885,0.040955694721729094,0.028330995950759386,0.03207190297038931,-0.27261904761904765
2023-11-09,0.03062286021398286,0.04131839241694369,0.028676019982475917,0.008816869788497184,-0.25
2023-11-10,0.01574835696813892,0.041177401578365184,0.028738741147737966,-0.003418136485338465,-0.23809523809523814
2023-11-13,-0.07122750928836652,0.043515046529922934,0.030010754726280377,0.055217161987617606,-0.29047619047619044
2023-11-14,-0.0587388171716583,0.044979985394639994,0.03078814542299673,0.03311083881319645,-0.330952380952381
2023-11-15,0.04522509800493424,0.046641291156798784,0.03148990464423437,0.036268595381816995,-0.30000000000000004
2023-11-16,0.020202707317519497,0.04483001300041841,0.031657487497157084,-0.03960836830029566,-0.2857142857142857
2023-11-17,0.0,0.04324430553252071,0.031663262371878366,-0.03601227926009037,-0.2857142857142857
2023-11-20,0.0,0.04075400166570018,0.03164984065902109,-0.05931151134029973,-0.2857142857142857
2023-11-21,-0.02531780798428862,0.04087933509497638,0.031758462696438235,0.003070644960072056,-0.3035714285714286
2023-11-22,0.0017079423451562548,0.04022479445348815,0.03174981823095917,-0.016141094036781507,-0.3023809523809524
2023-11-23,-0.012017312004017455,0.03754768211455918,0.03130480957332393,-0.06887191689032052,-0.3107142857142857
2023-11-24,-0.024476746426554286,0.035579914480495564,0.031389873199074214,-0.05383035494981552,-0.32738095238095233
2023-11-27,0.0035335725813112617,0.03564832502589085,0.03125435902931546,0.001920882719988339,-0.32499999999999996
2023-11-28,-0.0017652255245703685,0.035466020395868096,0.0312601774713365,-0.005127094316213606,-0.32619047619047614
2023-11-29,-0.014235115821872313,0.03234811060448056,0.0312688743474305,-0.09201942454148708,-0.33571428571428574
2023-11-30,-0.014440684154793715,0.03229709412278396,0.031175929998843038,-0.0015783530029588612,-0.3397358943577431
2023-12-01,-0.056089466651043196,0.03396800989285349,0.0318121565729064,0.05044192002790084,-0.37349397590361444
2023-12-04,0.054269629934056596,0.03679591185299209,0.03280507488489133,0.07996752922596999,-0.3146067415730337
2023-12-05,0.018051031645569537,0.03393526534029781,0.032740887213682436,-0.0809319759433609,-0.30125
2023-12-06,0.007130154984590575,0.03253357892192432,0.0327793228204747,-0.04218198295168269,-0.29625
2023-12-07,-0.008920665758379798,0.031497987407734976,0.03277254372274857,-0.03234909147373503,-0.2972292191435768
2023-12-08,-0.02724964244737471,0.03139779112813363,0.03288678603153356,-0.0031861067573281925,-0.31439393939393945
2023-12-11,-0.031808107196225066,0.028320719951236493,0.03304621061232427,-0.10314381908807481,-0.3341772151898734
2023-12-12,0.024414358171286565,0.026235975041891558,0.0332877015207974,-0.07646210031307839,-0.3177215189873418
2023-12-13,0.020202707317519497,0.024392811682067445,0.03345500436507942,-0.07284304763664168,-0.30379746835443033
2023-12-14,-0.04461706548880606,0.025386047449396588,0.03381253313003622,0.039911208340124654,-0.3341772151898734
2023-12-15,0.013220211428134121,0.02573613839638904,0.03386986456013098,0.013696452023599816,-0.3253164556962025
2023-12-18,-0.011320875624482696,0.02572356404830723,0.033866052071088434,-0.0004887064187175354,-0.3329113924050633
2023-12-19,0.016933612529440367,0.025830371565368656,0.03381836896555033,0.004143529574147975,-0.3215189873417722
2023-12-20,-0.007490671729158294,0.02579825456380556,0.03355822710826897,-0.0012441544806585673,-0.3265822784810126
2023-12-21,0.01677578950483749,0.026176897282910484,0.03365021293744309,0.014570395992392104,-0.31518987341772153
2023-12-22,-0.003703707937484424,0.02570420146517574,0.03348951906974784,-0.0182227719725836,-0.3151207115628971
2023-12-25,0.0,0.02567371820946997,0.03349806346753536,-0.0011866283263101054,-0.27941176470588236
2023-12-26,-0.005581409838194773,0.025681897881277574,0.032400681584714625,0.000318550114434034,-0.28342245989304815
2023-12-27,-0.016933612529440367,0.02575255360133853,0.03226052420912535,0.002747408983439642,-0.2829931972789116
2023-12-28,0.0317486983145816,0.026712377418670823,0.03258343613291294,0.036593226592531114,-0.25986394557823134
2023-12-29,-0.007380107297622729,0.023396702555529513,0.03257811182020249,-0.13253188266610363,-0.26027397260273977
2024-01-02,0.0,0.019885290930537185,0.03255044240633323,-0.16261471132432065,-0.26027397260273977
2024-01-03,-0.016807118316382486,0.019670092145885432,0.031739162250643535,-0.010880986723984841,-0.27260273972602744
2024-01-04,0.007504725654069233,0.019679989276621335,0.03174026301022051,0.0005030295011609601,-0.26712328767123283
2024-01-05,0.00559181326577729,0.019700293095852025,0.03158646163339722,0.0010311663347701834,-0.263013698630137
2024-01-08,0.012927234501459495,0.01900753027551889,0.03149653920544494,-0.035798264155887945,-0.2534246575342466
2024-01-09,0.00366300775873718,0.017456938016266983,0.03137204910262415,-0.08509802052368289,-0.25068493150684934
2024-01-10,-0.00366300775873718,0.01666702535626718,0.031372026000317216,-0.04630489863086687,-0.2534246575342466
2024-01-11,0.009132483563272231,0.016156122053065027,0.03141593229835233,-0.031133166599897902,-0.2465753424657534
2024-01-12,-0.0018198367169866003,0.012312668805989727,0.030279388422655498,-0.27167014258484945,-0.2479452054794521
2024-01-15,-0.001823154561513718,0.01205699326729698,0.029569534950043958,-0.020983853583951426,-0.24931506849315066
2024-01-16,-0.012856008101534755,0.012146708715430783,0.028534328094497595,0.007413393616260809,-0.2589041095890411
2024-01-17,0.0036900410874540768,0.011598844414371751,0.028551640963520867,-0.046152732885213314,-0.25616438356164384
2024-01-18,0.012808958292580996,0.011736463762730541,0.02840561526121023,0.011795072502982609,-0.22535211267605637
2024-01-19,-0.027651531330509016,0.012874840322273368,0.027157558130860248,0.0925744126710034,-0.24647887323943662
2024-01-22,-0.009389740349840636,0.01301003784626395,0.026403509728645688,0.010446149142801796,-0.2535211267605634
2024-01-23,-0.019048194970693544,0.013627716010939825,0.026458381764994862,0.04638442456402316,-0.24637681159420288
2024-01-24,0.0095694510161497,0.01382578557257274,0.026345027934611142,0.01442969695468672,-0.18478260869565222
2024-01-25,0.0,0.013309915890722408,0.02481145212261256,-0.03802602723743467,-0.18478260869565222
2024-01-26,-0.027028672387919173,0.012340359210232238,0.024982873237999116,-0.07563412663023596,-0.2065217391304348
2024-01-29,-0.003921573653180133,0.012301824664737764,0.024977744888922657,-0.0031275268316270427,-0.20468750000000002
2024-01-30,-0.00788958727516409,0.01232851229677581,0.024871100065318053,0.0021670528383952933,-0.2109375
2024-01-31,-0.022022912087436453,0.012678348503050977,0.023398638667955822,0.02798102120529467,-0.22812500000000002
2024-02-01,0.002022245380766563,0.012483120278584909,0.022720740578775676,-0.015518329938771879,-0.2265625
2024-02-02,-0.01629363948610063,0.01256757225521198,0.022330138298827226,0.006742506541875229,-0.23906249999999996
2024-02-05,0.06748591867077813,0.020238981466520155,0.02404980686092035,0.4764903528117955,-0.1316666666666667
2024-02-06,-0.011583141089630544,0.02029153070012856,0.022374212317201034,0.00259307047030552,-0.14166666666666672
2024-02-07,0.0019398648178263755,0.020320755745074758,0.021122451203054154,0.001439221386269061,-0.14
2024-02-15,0.003868476777920904,0.02019265559173482,0.020230345749862422,-0.006323857348984044,-0.13666666666666671
2024-02-16,-0.011650617219975956,0.02028194379480832,0.020051983832050042,0.00441206609324759,-0.1466666666666666
2024-02-19,-0.0039138993211356166,0.02027829520027897,0.020049604772671734,-0.00017990982452231364,-0.15000000000000002
2024-02-20,0.04223276362327155,0.022566229600977716,0.02087082118661312,0.10690336122187402,-0.0921501706484642
2024-02-21,-0.02666824708215998,0.023256044987383977,0.020897099957629364,0.030110561245654158,-0.11604095563139927
2024-02-22,-0.0058083415957472795,0.02298811505464008,0.020896857855599707,-0.011587747065153257,-0.11053540587219346
2024-02-23,0.003875973844692737,0.022300141302803146,0.020870407642725713,-0.030384317305101077,-0.08818342151675485
2024-02-26,-0.003875973844692737,0.02223420297040375,0.020660891725435237,-0.0029612359650567546,-0.09171075837742504
2024-02-27,0.0019398648178263755,0.021851167867040625,0.020655276588207684,-0.017377400310011705,-0.08833922261484095
2024-02-28,-0.0019398648178263755,0.02172637873329985,0.020655316744043133,-0.005727234656676208,-0.08525754884547065
2024-02-29,0.009661910911736626,0.021855917169766002,0.0206374262232569,0.00594455871600572,-0.07637655417406752
2024-03-01,-0.0019249284095845809,0.020953093498996513,0.020564196368890675,-0.04218537733271898,-0.07815275310834813
2024-03-04,-0.01749315744751634,0.0213296375662823,0.019380261051405213,0.01781123566086945,-0.0941385435168739
2024-03-05,0.0,0.021246930394024175,0.018006905563455317,-0.0038851058881173455,-0.0941385435168739
2024-03-06,0.0,0.02057879882012933,0.017829256972891675,-0.03195105527583773,-0.0941385435168739
2024-03-07,-0.009852296443012776,0.020736480234799223,0.01782426080821414,0.007633113344325462,-0.09498207885304655
2024-03-08,0.0,0.020337527473106635,0.017801150408070152,-0.01942664650934759,-0.08181818181818179
2024-03-11,0.0019782400121055588,0.013241566217455158,0.017486237173302676,-0.4291067220258071,-0.07999999999999996
2024-03-12,-0.02197890671877545,0.013849895478408645,0.017238688160501166,0.044916814866675495,-0.09999999999999998
2024-03-13,0.02197890671877545,0.014838031706102121,0.017180571970764332,0.0689158605800093,-0.07999999999999996
2024-03-14,-0.011928570865272548,0.014986151315399565,0.017006687758225482,0.009932927764500919,-0.09090909090909094
2024-03-15,0.019802627296179764,0.01553483839074305,0.016261307200326737,0.03595858730098726,-0.07272727272727275
2024-03-18,-0.019802627296179764,0.01612986285816699,0.016347170217933776,0.03758722619342353,-0.09090909090909094
2024-03-19,0.0,0.012538065059834498,0.016292032317816348,-0.25190299036395364,-0.09090909090909094
2024-03-20,-0.03666398437159302,0.013674613620612376,0.016761563114480037,0.08677180533511485,-0.12363636363636366
2024-03-21,0.0,0.013686952222937704,0.016746119735140296,0.0009018923999683521,-0.12363636363636366
2024-03-22,-0.0020768439448382026,0.013586792443648719,0.016570576713346236,-0.007344804120921885,-0.12545454545454549
2024-03-25,-0.06218509027353036,0.01887428312104248,0.018304195164730842,0.3287019308574514,-0.17818181818181822
2024-03-26,0.06633447382034241,0.024918762767385735,0.020371020820222786,0.27782060191894725,-0.12181818181818183
2024-03-27,0.0,0.02492812761169605,0.020366335084652826,0.0003757442276472863,-0.12181818181818183
2024-03-28,0.024541108916116272,0.025546772150322757,0.020544808307113433,0.02451417544270015,-0.09999999999999998
2024-03-29,-0.01629363948610063,0.025732195661189505,0.020178012015115737,0.00723198046376803,-0.1145454545454545
2024-04-01,-0.016563525671672963,0.025705810060145988,0.020255392467528024,-0.0010259181991438054,-0.12909090909090915
2024-04-02,0.0020855064910207943,0.025723422517783107,0.020260667519829124,0.000684919863416403,-0.12727272727272732
2024-04-03,0.0,0.025723422517783107,0.020167932041326338,0.0,-0.12727272727272732
2024-04-04,-0.04255961441879563,0.027178428537958443,0.020806900596820468,0.05502161052783755,-0.1636363636363637
2024-04-05,-0.010929070532190721,0.02718953145716056,0.020807083850496868,0.000408435971226596,-0.17272727272727273
2024-04-08,-0.008830079448271633,0.02714645372467565,0.020717876550741244,-0.0015856057642093754,-0.18000000000000005
2024-04-09,-0.004444451760424073,0.026876662543510295,0.02069908336261553,-0.009988069656705463,-0.1836363636363636
2024-04-10,0.0,0.026160584907082545,0.02070336727439119,-0.027004451261637332,-0.1836363636363636
2024-04-11,0.03286166448400074,0.027506690881599037,0.02116500906398796,0.050175375985129854,-0.15636363636363637
2024-04-12,-0.019587133275305035,0.02714032021172967,0.02127458908153516,-0.013408822103236535,-0.17272727272727273
2024-04-15,0.0043859719432539634,0.027017737870006126,0.021296144292302154,-0.00452684273143396,-0.16909090909090907
2024-04-16,-0.006586192852855888,0.02700018316264731,0.02126245092660036,-0.0006499584264493912,-0.17454545454545456
2024-04-17,-0.06365785177197836,0.029255956279846587,0.022640499796947787,0.08023950810622608,-0.22545454545454546
2024-04-19,-0.050552279162831226,0.030835488876980056,0.02330889310920672,0.05258305897490364,-0.2429906542056075
2024-04-22,0.036367644170875124,0.032427463057916925,0.023720733386596415,0.05033941015977037,-0.21052631578947367
2024-04-23,-0.0047732787526584275,0.02969036353186213,0.023710550262524218,-0.08818312762880917,-0.2142857142857143
2024-04-24,0.0,0.02471928712783196,0.023632451251393034,-0.1832386709178277,-0.2142857142857143
2024-04-25,0.032944155719354384,0.026274893535254695,0.024042982679001835,0.06103004656023596,-0.18796992481203012
2024-04-26,-0.028170876966695957,0.025732650280282432,0.024252598176367136,-0.020853232296089173,-0.21052631578947367
2024-05-02,-0.0023837913552764434,0.025690757243720407,0.024059053272094746,-0.0016293369713792345,-0.21240601503759393
2024-05-03,-0.026603745517975952,0.025973321998612516,0.024246324587847975,0.010938643140155337,-0.23308270676691734
2024-05-06,0.028987536873252395,0.027192293929631135,0.024602749336336053,0.04586367022420486,-0.21052631578947367
2024-05-07,0.0,0.027192293929631135,0.02447919417651472,0.0,-0.21052631578947367
2024-05-08,0.009478743954543845,0.026043483729566667,0.024522487516337257,-0.04316601335947833,-0.20300751879699253
2024-05-09,0.06394872460027301,0.03007609674083668,0.0259107168458118,0.14396308440370495,-0.15037593984962405
2024-05-10,-0.008888947417245774,0.030076975172837278,0.024303212535758564,2.9206545256926833e-05,-0.1578947368421053
2024-05-13,-0.01574835696813892,0.03026391685968912,0.024335478651247633,0.006196203493048669,-0.17105263157894735
2024-05-14,-0.016000341346440905,0.030449815100821502,0.024389090148225642,0.006123779739240662,-0.1842105263157895
2024-05-15,0.05163885679379909,0.03182971861297317,0.025373141832550582,0.044320464793923674,-0.14097744360902253
2024-05-16,-0.03337350881650636,0.03240302451283966,0.02566520078854214,0.017851361098410536,-0.16917293233082709
2024-05-17,0.0045146803545268455,0.03240425719961696,0.02568011604890385,3.8041601636624455e-05,-0.16541353383458646
2024-05-20,-0.027398974188114877,0.03290839423932268,0.025201982219168566,0.015437955335773657,-0.16923076923076918
2024-05-21,0.011507606851479224,0.029688962475553658,0.025088033965610525,-0.10295239341236327,-0.1596153846153846
2024-05-22,0.0,0.02708181422570598,0.025087568807370758,-0.09191286964914536,-0.1596153846153846
2024-05-23,0.013636574949545732,0.026102475292694317,0.025162711038524146,-0.03683227835462305,-0.1480769230769231
2024-05-24,0.004504512121105364,0.0260456917180532,0.02517861901846495,-0.002177778378826101,-0.14423076923076927
2024-05-27,-0.01129955525393278,0.02623898884059227,0.025197636178294774,0.007394056048353651,-0.15384615384615385
2024-05-28,-0.022989518224699523,0.02580787330971479,0.025333673311591764,-0.016566809511796954,-0.17307692307692313
2024-05-29,0.0,0.024957515798974986,0.02528243927689691,-0.03350458795114179,-0.17148362235067438
2024-05-30,0.020714204387562773,0.025315944113898182,0.025469538879116217,0.014259382433542665,-0.13921568627450975
2024-05-31,-0.0022805026987242627,0.024421181805715137,0.02539630600604366,-0.035983522393271385,-0.14117647058823535
2024-06-03,-0.01843370168883851,0.024121442290602483,0.025476473655177627,-0.012349690884954492,-0.1568627450980392
2024-06-04,0.020714204387562773,0.02450984590813306,0.025655386072675694,0.015973737522057656,-0.13921568627450975
2024-06-05,0.00227531383713675,0.024450299470713116,0.02564423860008036,-0.002432445491942268,-0.13725490196078427
2024-06-06,0.01129955525393278,0.019805885326530593,0.025702812569288237,-0.2106632359818754,-0.12745098039215685
2024-06-07,-0.01129955525393278,0.019865074266935154,0.02572418469944803,0.002983994089905827,-0.13725490196078427
2024-06-10,-0.00227531383713675,0.019561198042723788,0.02559452899763037,-0.015415207662692425,-0.13921568627450975
2024-06-11,-0.009153381986486409,0.01932915796358571,0.025415090826019948,-0.011933175068766155,-0.1470588235294118
2024-06-12,0.0,0.015062492915680577,0.025386883580698738,-0.2494068436832207,-0.1470588235294118
2024-06-13,0.0,0.01319064780310814,0.025222579565373816,-0.13269956798719626,-0.13
2024-06-14,0.011428695823623158,0.013425722758444416,0.02518485571524456,0.017664383704185348,-0.12
2024-06-17,-0.0045558165358610125,0.011897333773111635,0.025185191095370065,-0.12085805768165778,-0.11515151515151512
2024-06-18,0.0,0.011621692543357926,0.024776452213046408,-0.023440903806075043,-0.11515151515151512
2024-06-19,-0.0022857152808573034,0.011634107599135274,0.02477571478353508,0.0010676946141377746,-0.11717171717171715
2024-06-20,-0.016147986407981207,0.011702770739965453,0.0248464777434337,0.005884529980764374,-0.13131313131313127
2024-06-21,-0.009345862418237871,0.011739165564737154,0.023576323059173974,0.003105103818202705,-0.1393939393939394
2024-06-24,0.018605187831035153,0.012402460901952858,0.02202017800018603,0.05496413158125191,-0.12323232323232325
2024-06-25,-0.0023068060979163363,0.01125403350318622,0.0220190261761362,-0.0971682324675473,-0.12525252525252528
2024-06-26,0.00460830308619542,0.011293647107000808,0.021763425212619397,0.0035137635767829288,-0.10677618069815198
2024-06-27,-0.03034071705267216,0.012233597225019717,0.021992464086337676,0.07994560495211693,-0.12083333333333335
2024-06-28,0.018779894651595797,0.01308281314475403,0.022079490483236364,0.06711330438657145,-0.10416666666666663
2024-07-01,0.006952519314880945,0.012513465072636117,0.022102929865580337,-0.04449409000642099,-0.09791666666666665
2024-07-02,-0.011614532420692214,0.011812543978925253,0.022138464415456794,-0.05764320703423933,-0.07758620689655171
2024-07-03,-0.002339182353171765,0.011784708884155252,0.02148610145682119,-0.0023591800494683042,-0.07974137931034486
2024-07-04,-0.0023446669592548375,0.01139320477126894,0.021449043654935242,-0.03378569970585153,-0.0818965517241379
2024-07-05,-0.023754086008107578,0.0122276063962731,0.021626035367852556,0.07067904990836402,-0.10344827586206895
2024-07-08,0.01904819497069532,0.013169536830499323,0.021781106960804653,0.07421007333068433,-0.08620689655172409
2024-07-09,-0.028710105882431947,0.014416125817125605,0.022073178278742195,0.0904410161607359,-0.11206896551724133
2024-07-10,0.002424243611507393,0.01445031640261657,0.021616684016111595,0.0023688806213478073,-0.09628008752735229
2024-07-11,0.03099175330833681,0.016288077545120704,0.021901197612779085,0.11971701245719565,-0.06783369803063455
2024-07-12,-0.009434032233357925,0.016114286059691455,0.02191521696133636,-0.010727183166325354,-0.07658643326039383
2024-07-15,-0.021557721074978886,0.016689493650293073,0.022060850183419616,0.035073165873622636,-0.09628008752735229
2024-07-16,0.01680711831638071,0.017258678489839162,0.02062181599590941,0.03353569935908281,-0.08096280087527352
2024-07-17,-0.0047732787526584275,0.01726906134852154,0.01954753715918841,0.000601420946157379,-0.08533916849015322
2024-07-18,0.021302580703869367,0.01770456188584334,0.019172519101977786,0.024905786672219935,-0.06564551422319476
2024-07-19,-0.004694844304207635,0.01761047805432996,0.019172171697862946,-0.005328268124861463,-0.07002188183807445
2024-07-22,-0.007083854888405128,0.0171025453140711,0.019195702246318273,-0.029266750820850243,-0.07658643326039383
2024-07-23,-0.004750602758598177,0.017118073117755706,0.01871533406907345,0.0009075111080253326,-0.08096280087527352
2024-07-24,-0.011976191046715101,0.017206831567416984,0.01842356036978013,0.005171673255197803,-0.09190371991247259
2024-07-25,0.0,0.01589711184510113,0.018421340554199542,-0.07916899346973143,-0.09190371991247259
2024-07-26,-0.024391453124160023,0.016023836834356434,0.018369655797687567,0.00793996299345253,-0.11378555798687084
2024-07-29,0.007380107297622729,0.016038086381562625,0.017997317515740702,0.0008888761388192978,-0.10722100656455147
2024-07-30,-0.007380107297622729,0.015945694921493878,0.01801916588278242,-0.00577740689315342,-0.11378555798687084
2024-07-31,-0.02500130220541763,0.016701365405519638,0.018240546830189334,0.046301566594747476,-0.1356673960612691
2024-08-01,-0.015306421282675231,0.016888481658151017,0.016199667686191844,0.011141347349096492,-0.14879649890590807
2024-08-02,-0.010336009330661255,0.016342850259688683,0.01621041164087017,-0.03284130238681094,-0.15754923413566735
2024-08-05,0.012903404835906684,0.015942125760907276,0.016236291945777234,-0.024825468709171516,-0.14660831509846828
2024-08-06,0.012739025777429802,0.015265107881535669,0.016241635769439225,-0.04339530339836725,-0.1356673960612691
2024-08-07,-0.002534855603187225,0.015227864539888745,0.014662625721298008,-0.0024427487897234544,-0.11460674157303374
2024-08-08,-0.005089069507471677,0.013051031754306788,0.014096030858129863,-0.15425964120946759,-0.11910112359550562
2024-08-09,0.01769957709940151,0.013859088204496401,0.014300612233588113,0.060073968535461444,-0.10337078651685394
2024-08-12,0.002503130218117988,0.013172624470842557,0.013908366672581926,-0.05080039553246451,-0.101123595505618
2024-08-14,0.0,0.012453038527042425,0.013807983321248106,-0.05617607695501098,-0.101123595505618
2024-08-15,-0.005012541823544936,0.01245551316793319,0.01381407342850261,0.00019869793653443183,-0.10561797752808988
2024-08-16,0.0,0.011160836325747412,0.013671287059703859,-0.10975236276513613,-0.10561797752808988
2024-08-19,-0.007566240383315659,0.011195206121260994,0.013665973175809155,0.0030747653056737993,-0.1123595505617978
2024-08-20,0.0,0.011193245944983082,0.013613213405462775,-0.00017510585600664978,-0.1123595505617978
2024-08-21,-0.005076153031859931,0.011195693770533484,0.013334152800734776,0.00021866362629236063,-0.11685393258426968
2024-08-22,0.06644509940815269,0.019010559127700513,0.015961196690523247,0.5294649815904818,-0.0561797752808989
2024-08-23,-0.0023837913552764434,0.01902198038951254,0.015720236077647134,0.0006006044452615995,-0.05842696629213484
2024-08-26,-0.002389487397381984,0.0181228791073287,0.015720419024640792,-0.04841996791548221,-0.06067415730337078
2024-08-27,-0.012033839563722282,0.018314756163236124,0.015619990793466036,0.010531897734739542,-0.07191011235955058
2024-08-28,-0.062442253337760434,0.023093882299321432,0.017290125682291414,0.23186055129123553,-0.12808988764044948
2024-08-29,0.04040953833787775,0.024287369850658665,0.018132494209327214,0.05038868778881689,-0.09213483146067414
2024-08-30,-0.03270731797578463,0.025201499103578426,0.018495556671688996,0.03694701005772497,-0.11136363636363633
2024-09-04,-0.0025608208616745287,0.02508922009677612,0.018456701440850258,-0.004465203540035455,-0.11363636363636365
2024-09-05,0.0,0.024922762131162547,0.018458485441832703,-0.006656745296131685,-0.11363636363636365
2024-09-06,-0.005141399500418586,0.024761922278223387,0.018439288541178312,-0.00647444386343049,-0.11818181818181817
2024-09-09,0.02040887163120786,0.025209337535653357,0.01866193435700643,0.017907374605507273,-0.09999999999999998
2024-09-10,-0.02040887163120786,0.025609772759531458,0.018818255847287035,0.015759557840301332,-0.11818181818181817
2024-09-11,-0.04211148535012654,0.02683402940418615,0.019434550739291036,0.04669679107651976,-0.15068493150684936
2024-09-12,0.00536194314138605,0.02687529161200611,0.01946150466228171,0.0015365005474669148,-0.1461187214611872
2024-09-13,0.005333345975362391,0.026936779578520222,0.019485897795198836,0.0022852854038558448,-0.13958810068649885
2024-09-16,-0.013387080782459648,0.027033094435558756,0.019536045794361523,0.003569210614412462,-0.1471264367816092
2024-09-17,0.0,0.027033094435558756,0.019459125150363868,0.0,-0.1471264367816092
2024-09-19,0.039635306857395136,0.028671346922184943,0.020179441573295372,0.058836402591308984,-0.11264367816091958
2024-09-20,0.020513539833103778,0.029078769630057073,0.02021337269995116,0.014110078063952855,-0.09425287356321843
2024-09-23,-0.010204170174242577,0.029147235197774596,0.020243666438618756,0.0023517181354721717,-0.10344827586206895
2024-09-24,0.010204170174242577,0.02474032518290644,0.020286269799519183,-0.1639254888758872,-0.09006928406466508
2024-09-25,-0.0025412974286727064,0.024740078373123937,0.019934292196532435,-9.976057792907733e-06,-0.09237875288683606
2024-09-26,0.03745756253490029,0.02636045030558133,0.02039195598573507,0.06344023272481598,-0.05773672055427248
2024-09-27,-0.009852296443011,0.02631778706583122,0.020398024688356577,-0.0016197669097925797,-0.05607476635514019
2024-09-30,-0.04557750849632036,0.02445307354955255,0.02115054677543373,-0.07348908033254331,-0.09601873536299765
2024-10-01,0.040614719154190126,0.024471069782333894,0.02184483394001404,0.0007356787471631968,-0.05854800936768145
2024-10-02,0.04380262265839363,0.02510191300440344,0.022596345136583748,0.02545245366217156,-0.016393442622950838
2024-10-07,-0.061368946376292755,0.029000399337536627,0.023752116258301963,0.14436548805001756,-0.07494145199063229
2024-10-08,0.03482939114168104,0.02998903570234496,0.024061703577663858,0.03352222675162945,-0.042154566744730726
2024-10-09,-0.039905544173540974,0.03142113075183932,0.0243253446407793,0.04664876699367133,-0.07962529274004682
2024-10-10,-0.028389003262686785,0.031698659825197234,0.024580328976443022,0.008793779932960157,-0.1053864168618267
2024-10-11,0.04604393850140731,0.03309731003266539,0.024988909528181297,0.04317759467202178,-0.06323185011709598
2024-10-14,0.0,0.03147504641631843,0.024964927803670517,-0.05025694097901623,-0.06323185011709598
2024-10-15,0.0,0.031482339600903485,0.024817162788954017,0.00023168631235163784,-0.06323185011709598
2024-10-16,0.019802627296179764,0.03169559297024517,0.024855620839571338,0.006750905041262402,-0.04449648711943799
2024-10-17,-0.014815085785141235,0.031738600273993126,0.024918725648517763,0.001355965752170777,-0.05854800936768145
2024-10-18,-0.01251580793183038,0.03194459740722143,0.024795918717683045,0.006469454880248692,-0.0658823529411765
2024-10-21,0.005025136202673863,0.030794325605034038,0.024804543027479305,-0.036672620192884864,-0.0545023696682464
2024-10-22,0.0,0.030473131274882655,0.024792202452535324,-0.010485082431887333,-0.050000000000000044
2024-10-23,0.0,0.030367419820288257,0.024787392648314907,-0.003475035131041828,-0.050000000000000044
2024-10-24,-0.0025094116054269477,0.03030070302382605,0.0247454962962892,-0.0021994021978921545,-0.05238095238095242
2024-10-25,-0.0050377940299561885,0.030319049732979803,0.0247516369019836,0.0006053044701282965,-0.05714285714285716
2024-10-28,0.03230094478832157,0.030007476845959145,0.024916596747248713,-0.010329636789221127,-0.02619047619047621
2024-10-29,-0.03230094478832157,0.030809351154651193,0.02524624905751967,0.026371665334814505,-0.05714285714285716
2024-10-30,0.0050377940299561885,0.02897940727837691,0.02523976978496466,-0.0612327484197314,-0.05238095238095242
2024-10-31,-0.035809452696710764,0.028590588702842788,0.02545675503746204,-0.01350788187109431,-0.08571428571428574
2024-11-01,0.05571060701400654,0.02970333614659254,0.02638917432605899,0.03818175722806344,-0.033333333333333326
2024-11-04,-0.022416878914542693,0.026710962309272945,0.02652066623628229,-0.10618527542779899,-0.05476190476190479
2024-11-05,0.0075282664207918515,0.025522068733022697,0.026487154935353644,-0.045530518688026475,-0.04761904761904767
2024-11-06,0.024692612590371255,0.024417967129643812,0.026625960993842936,-0.044224281587561025,-0.023809523809523836
2024-11-07,-0.017220597751670397,0.02380356741737937,0.026722789226512327,-0.025483747591134007,-0.04047619047619022
2024-11-08,0.024511031014350593,0.02216966287132861,0.026892864985139,-0.07111061298255893,-0.01666666666666672
2024-11-11,0.0,0.02216966287132861,0.026802048245205528,0.0,-0.01666666666666672
2024-11-12,-0.03198304585305145,0.02340990126542194,0.027127791986272437,0.054434222985702725,-0.04761904761904767
2024-11-13,0.024692612590371255,0.023651896039248724,0.02731445008280604,0.01028421427668578,-0.023809523809523836
2024-11-14,0.0,0.023385922304323056,0.027305243093300655,-0.011309047311776708,-0.023809523809523836
2024-11-15,0.0,0.02317210853973265,0.027305243093300655,-0.009184889137829904,-0.023809523809523836
2024-11-18,-0.007343974255757502,0.023241152532634764,0.027304145951397032,0.0029751847849033195,-0.03095238095238073
2024-11-19,0.007343974255757502,0.023282623317238824,0.027318329239455194,0.0017827778163996334,-0.023809523809523836
2024-11-20,0.0024360547978812264,0.023281507270533904,0.02730898812030869,-4.793587732394024e-05,-0.021428571428571463
2024-11-21,0.0,0.02326562315311732,0.025911100855629636,-0.0006824958300812147,-0.021428571428571463
2024-11-22,0.01688821802852125,0.023451873877021218,0.026004881657860055,0.007973527812140184,-0.004761904761904745
2024-11-25,-0.014458083175229675,0.02266343594721657,0.02606995675787169,-0.034197511724418685,-0.01904761904761909
2024-11-26,0.042761859338082076,0.02317853164271436,0.026604142856600003,0.022473605619769486,0.0
2024-11-28,-0.035506688456909075,0.024809552492729557,0.02573411151782473,0.06800224176866648,-0.03488372093023251
2024-11-29,0.009592399691438658,0.023182905108970468,0.0252394585753678,-0.06781357356988633,-0.025581395348837188
2024-12-02,-0.05393463923494757,0.02336448255078389,0.025855612125958823,0.007801867901145661,-0.07674418604651168
2024-12-03,0.0297788753556123,0.023772090625872096,0.026131552556184157,0.01729519288532778,-0.0488372093023256
2024-12-04,0.02653955523461171,0.024398146848745094,0.026341676610359917,0.0259949400068617,-0.023255813953488413
2024-12-05,0.023530497410193973,0.02434368335739438,0.026483724932735406,-0.002234774174030851,0.0
2024-12-06,-0.004662013105811269,0.02397056183286427,0.02638133094972493,-0.015445911934735532,-0.0046511627906976605
2024-12-09,0.0,0.023433963575155297,0.026227871568319534,-0.022640072734425268,-0.0046511627906976605
2024-12-10,-0.05031001013920111,0.02617540889455503,0.026479793155330583,0.11063392862406693,-0.05348837209302304
2024-12-11,0.029057734479541963,0.025896917128526382,0.026714056147045015,-0.010696442260428611,-0.025581395348837188
2024-12-12,-0.014423326961104266,0.025593670386900347,0.026792584097159015,-0.01177885685663877,-0.03953488372093028
2024-12-13,0.004830927269665608,0.025612838396395565,0.026723412698830096,0.000748654940920335,-0.03488372093023251
2024-12-16,-0.012121360532345804,0.025770858770784295,0.026783522936713114,0.006150620517984822,-0.046511627906976716
2024-12-17,-0.0024420036555508062,0.02572059796317946,0.02631934301023914,-0.001952199733049266,-0.0488372093023256
2024-12-18,0.0024420036555508062,0.025672701989979323,0.026194947408761785,-0.0018638993203846457,-0.046511627906976716
2024-12-19,0.0,0.025666314028859206,0.026156290603383366,-0.0002488539578631845,-0.046511627906976716
2024-12-20,0.0024360547978812264,0.025672701989979323,0.026128331870549353,0.00024885395786323686,-0.04418604651162794
2024-12-23,-0.0024360547978812264,0.02536545101702565,0.026128113844099254,-0.012040191354546962,-0.046511627906976716
2024-12-24,-0.00488998529419149,0.025187198101893172,0.025686754878533776,-0.007052195541792651,-0.051162790697674376
2024-12-25,-0.017305747097593027,0.023266654940146483,0.025753146404389755,-0.07931460373855019,-0.06744186046511624
2024-12-26,-0.035536734276787385,0.02326883179778951,0.025483997293154908,9.355684711333443e-05,-0.09999999999999998
2024-12-27,0.055290463013021096,0.026623254686653164,0.02594624087972709,0.1346702420758023,-0.0488372093023256
2024-12-30,-0.047568416919110845,0.025990197289567037,0.0260302157434273,-0.02406562145254994,-0.09302325581395354
2024-12-31,0.02030526616074546,0.025483223154257124,0.02494519113362387,-0.019699111826217,-0.07441860465116279
2025-01-02,-0.05420681783642678,0.027170408438647053,0.0254881545203646,0.06410811154096226,-0.12325581395348839
2025-01-03,0.013175421158564404,0.026684405211506015,0.025044856312545584,-0.018049129036109,-0.11162790697674418
2025-01-06,-0.026526754333428215,0.02707525768651897,0.025010805282310974,0.01454098464674142,-0.1348837209302326
2025-01-07,0.0,0.02707525768651897,0.024255277573262644,0.0,-0.1348837209302326
2025-01-08,0.018642350809280117,0.025622723397977627,0.02439006193578341,-0.0551406989056719,-0.11860465116279073
2025-01-09,0.01049878409821936,0.02469852258586724,0.024434239757718197,-0.03673614839448783,-0.1093023255813953
2025-01-10,-0.0026143805740712622,0.024589514425508382,0.024285992273656545,-0.004423316507241712,-0.11162790697674418
2025-01-13,-0.056542650273692985,0.027139753612845215,0.025263269143347703,0.09867942856870088,-0.16046511627906979
2025-01-14,0.024625047305388392,0.028002777997879775,0.02545040705230804,0.03130413211963631,-0.13953488372093026
2025-01-15,0.010752791776262427,0.028224065888680216,0.025484771441375856,0.00787129204922198,-0.13023255813953494
2025-01-16,-0.01889394935996158,0.028351874289888043,0.025587742395668463,0.004518124596450074,-0.1465116279069767
2025-01-17,-0.07055111099196587,0.03180504743575041,0.027099040350143294,0.1149318227840413,-0.20465116279069773
2025-01-20,0.011628037995119911,0.032045531266813254,0.027160960122331157,0.0075327396478506,-0.1953488372093023
2025-01-21,-0.047346120597199004,0.03314492400695711,0.027774617280903854,0.03373182900198742,-0.2325581395348837
2025-01-22,-0.003034903695153801,0.0331650796185051,0.027384466775404914,0.00060792052443169,-0.23488372093023258
2025-01-23,0.015083242211328951,0.03361635893246695,0.027226342032789515,0.013515313774081716,-0.22325581395348837
2025-01-24,-0.027315810646964422,0.033325620222828485,0.027387627045559124,-0.008686341650558012,-0.2441860465116279
2025-02-03,0.015267472130789272,0.030347557999494446,0.027155274761446902,-0.09361039481625355,-0.2325581395348837
2025-02-04,0.03863779270541379,0.030956029680771973,0.026618851183248846,0.019851740769277385,-0.20232558139534884
2025-02-05,0.020202707317519497,0.030951377572341496,0.02665541077949619,-0.00015029241710246309,-0.18604651162790697
2025-02-06,0.0,0.028849089593707654,0.02662702387530551,-0.07033904829099227,-0.18604651162790697
2025-02-07,0.0,0.02859237006739194,0.02639373014279951,-0.008938531426955996,-0.18604651162790697
2025-02-10,-0.002861232281032855,0.028113030908916623,0.026324263735280178,-0.016906693147771032,-0.18837209302325586
2025-02-11,-0.0028694424279525066,0.028103208572867272,0.026086131876097752,-0.00034944822867444985,-0.19069767441860463
2025-02-12,-0.014472032608534136,0.02771304680375922,0.026126170571822042,-0.01398044284771497,-0.20232558139534884
2025-02-13,0.002911210207459547,0.027541251411542244,0.025859238378637437,-0.006218371752641488,-0.19999999999999996
2025-02-14,0.008683122573460267,0.027716039115080367,0.02565554935461183,0.00632634070774015,-0.19302325581395352
2025-02-17,0.0,0.02490172693085606,0.02565554935461183,-0.107074078550486,-0.19302325581395352
2025-02-18,0.005747142255566828,0.024187832835626616,0.025676826264011403,-0.029087412524783394,-0.18837209302325586
2025-02-19,0.008559253395670652,0.024127462528438424,0.025709976026367546,-0.0024990145733861653,-0.1813953488372093
2025-02-20,0.055262678675049415,0.02707897642859929,0.026741964299912737,0.11540688836326798,-0.1348837209302326
2025-02-21,-0.0026917916657112073,0.021324390742306455,0.02673697202529276,-0.23890602676069692,-0.13720930232558137
2025-02-24,0.0,0.021265902386183276,0.02673697202529276,-0.0027465584821775003,-0.13720930232558137
2025-02-25,-0.008119124438504599,0.017868231504785385,0.026636921355595974,-0.1740805138705565,-0.14418604651162792
2025-02-26,-0.013680103904079033,0.018287889539207697,0.02663100396050971,0.02321469432569141,-0.15581395348837213
2025-02-27,0.06660250535842138,0.022853656104158526,0.027476301017904065,0.22287193289141707,-0.0976744186046512
2025-02-28,0.06727318060742604,0.024961153045860277,0.028517879474986095,0.08820959213841911,-0.03488372093023251
2025-03-03,0.06076635521614726,0.027224056201310368,0.02955597593677001,0.08678023011743022,0.0
2025-03-04,-0.036955706522428855,0.02889255244364244,0.029100293743611744,0.05948283818395661,-0.03628117913832196
2025-03-05,-0.060624621816435464,0.03287452939329091,0.029920947858542633,0.1291142724436406,-0.09297052154195007
2025-03-06,0.02712866738825248,0.03314312857630629,0.029930023438653232,0.00813723455211753,-0.0680272108843537
2025-03-07,-0.03214120921179742,0.03431177317350232,0.030039547803491568,0.03465311383177073,-0.0975056689342404
2025-03-10,0.036995587676596386,0.03489644912613676,0.030439017085151638,0.016896538424185075,-0.06349206349206349
2025-03-11,-0.024511031014350593,0.0355934735249179,0.030594981635721854,0.019777207692577695,-0.08616780045351458
2025-03-12,0.017220597751670397,0.035275502912751874,0.029986451175332458,-0.008973536012771377,-0.07029478458049887
2025-03-13,0.0,0.035307600101609944,0.02974488613917271,0.0009094862822664018,-0.07029478458049887
2025-03-14,0.01452810056290943,0.03533097518946608,0.02974774033267049,0.0006618220142409684,-0.05668934240362811
2025-03-17,0.06738902190497775,0.03756350697609409,0.030986158722866173,0.06127293983400713,0.0
2025-03-18,0.06734357206518027,0.03946319870680515,0.03208740379424959,0.04933552654925783,0.0
2025-03-19,0.06703016231910297,0.04105436421506298,0.03314259848932191,0.03952857572776675,0.0
2025-03-20,0.06650123030541977,0.04165737036934933,0.03412054242029063,0.01458116421438496,0.0
2025-03-21,0.03964483134723906,0.04157252056440804,0.03441035584577075,-0.002038926472089287,0.0
2025-03-24,-0.07139352966182066,0.046280042770879444,0.035808826316799096,0.10727141639016681,-0.06890459363957602
2025-03-25,-0.06264278597267214,0.04937415371833639,0.03682545831276646,0.06471624315050778,-0.1254416961130742
2025-03-26,0.025923685009791697,0.04896327872852621,0.03692629827003433,-0.00835647803677427,-0.1024734982332155
2025-03-27,-0.001970443987298509,0.04767660644834835,0.03683171895027567,-0.026629751202959205,-0.10424028268551233
2025-03-28,0.025317807984290397,0.04607644970717183,0.036563987598058977,-0.034138872323293504,-0.08127208480565373
2025-03-31,-0.029270382300113695,0.04537991731870466,0.03621774651419654,-0.015232306429404697,-0.107773851590106
2025-04-01,0.0,0.04424369753029159,0.035595896189760085,-0.02535671909836635,-0.107773851590106
2025-04-02,0.06701071028296113,0.04291474114416229,0.03645207412340757,-0.030497542291352774,-0.04593639575971731
2025-04-03,-0.07097896945858118,0.046879955580808735,0.03697502540421712,0.08837479472517436,-0.11130742049469966
2025-04-04,-0.07212187418209304,0.04955223530885655,0.03826503142248022,0.05543716268178635,-0.17314487632508835
2025-04-08,-0.07082605256861285,0.052045690244696,0.03926622045372172,0.04909460972516072,-0.22968197879858654
2025-04-09,-0.07128908374730081,0.05433413636618681,0.04040955448602583,0.04303069234387681,-0.2826855123674912
2025-04-10,0.06669137449867257,0.056234425301985205,0.0412237876521261,0.03437642123040136,-0.2332155477031802
2025-04-11,0.0,0.056234425301985205,0.04121049732894976,0.0,-0.2332155477031802
2025-04-14,0.06468251998582808,0.05787717269521912,0.04198891850264038,0.028793928599567885,-0.1819787985865724
2025-04-15,0.006458580039412354,0.05601343480280575,0.04125072681324806,-0.03273147796795208,-0.176678445229682
2025-04-16,0.062390292599282304,0.05572092023944835,0.041850565235480676,-0.005235904018129402,-0.12367491166077738
2025-04-17,0.0,0.05358209958791467,0.04184803304571385,-0.039140607649274725,-0.12367491166077738
2025-04-18,-0.016260520871780315,0.05121429699475281,0.041824236672915044,-0.04519630951369712,-0.13780918727915192
2025-04-21,-0.01652930195121094,0.05014120452755005,0.04074325053045941,-0.02117561133831523,-0.15194346289752647
2025-04-22,-0.004175371410481077,0.04788745572291677,0.04075502691460845,-0.04598952092115313,-0.15547703180212014
2025-04-23,0.0,0.04591867245841781,0.040170887842439815,-0.041981734750934425,-0.15547703180212014
2025-04-24,0.0,0.045460063578022715,0.040161003628057655,-0.0100376225466941,-0.15547703180212014
2025-04-25,-0.008403410796379518,0.04547482693538828,0.04018766069245899,0.0003247016445480632,-0.16254416961130747
2025-04-28,-0.008474626990972567,0.04497808457594048,0.03999740035315103,-0.010983554540269173,-0.16961130742049468
2025-04-29,0.006362693787830054,0.04467308921453389,0.03997950703201368,-0.00680407086992837,-0.1643109540636042
2025-05-05,-0.006362693787830054,0.04467120858341573,0.03977844617488492,-4.209850530603509e-05,-0.16961130742049468
2025-05-06,-0.004264398786457235,0.04147074091512691,0.039747961650119436,-0.07434103314994057,-0.17314487632508835
2025-05-07,-0.002139038248749614,0.038655934714886674,0.03975333726904913,-0.07028780939508789,-0.17491166077738518
2025-05-08,0.006403437035206849,0.03517296259477755,0.03974880974242148,-0.09442260846516533,-0.16961130742049468
2025-05-09,0.0,0.030956896514467855,0.039741039978128265,-0.127681838718241,-0.16961130742049468
2025-05-12,0.06187540371808886,0.028161297008827482,0.04039838312556965,-0.09464718106746471,-0.11660777385159016
2025-05-13,-0.004008021397540418,0.024983013961980695,0.04033086141318307,-0.11975239118419559,-0.12014134275618371
2025-05-14,-0.012121360532344028,0.025303615084830477,0.04039836591067576,0.012751116760385406,-0.1307420494699647
2025-05-15,-0.008163310639160315,0.021394055997275396,0.040437670328725306,-0.16783407572577547,-0.13780918727915192
2025-05-16,-0.004106781952653904,0.02142494803009712,0.040450926413990694,0.0014429118310462692,-0.1413427561837456
2025-05-19,-0.0061919702479205085,0.016092427579873867,0.0404796191375399,-0.28620705945623665,-0.14664310954063609
2025-05-20,-0.06633447382034241,0.02167271876976879,0.041522324441333934,0.29770528536399066,-0.20141342756183744
2025-05-21,0.04963262420240966,0.024621804276155033,0.04141111255205753,0.12757807772523108,-0.16077738515901063
2025-05-22,-0.05406722127027486,0.027141606100659556,0.04207912981551554,0.09743539025962782,-0.2049469964664311
2025-05-23,0.024150460232283066,0.02782007316505224,0.04216325337496287,0.024689976436241164,-0.18551236749116606
2025-05-26,-0.035323760830408446,0.02880299306837289,0.042437017563977726,0.034721479024394965,-0.21378091872791516
2025-05-27,0.0,0.02880299306837289,0.04238168497996072,0.0,-0.21378091872791516
2025-05-28,0.03315220731690083,0.02991392739569089,0.04175145347985958,0.03784485051203414,-0.1872791519434629
2025-05-29,-0.006543098588936758,0.029893332447714548,0.04089942228456859,-0.0006887104327205545,-0.1925795053003534
2025-05-30,-0.02436443887414086,0.030260589168065618,0.04028434059002697,0.012210713834753462,-0.21201413427561833
2025-06-02,0.0,0.03025614462172324,0.03998823626710423,-0.0001468864759602352,-0.21201413427561833
2025-06-03,-0.03189336377595353,0.030957756688496853,0.039407987029957015,0.022924288383849793,-0.23674911660777387
2025-06-04,0.0496716097972385,0.03320784142714968,0.03976442934088172,0.07016242599777453,-0.19787985865724378
2025-06-05,-0.011074310299093781,0.03322132589674464,0.039553373518290774,0.00040598027232881717,-0.20671378091872794
2025-06-06,-0.008948605576014401,0.03324917343945971,0.039308550412006454,0.0008378915832880939,-0.21378091872791516
2025-06-09,0.0022446698538232113,0.029626972743560603,0.03916292055935163,-0.11534468332017564,-0.21201413427561833
2025-06-10,-0.06006424074264949,0.032012550838992196,0.03990733307796895,0.07744282673157861,-0.25795053003533563
2025-06-11,0.041964199099032484,0.03391971286318965,0.04026628632735776,0.05786828858344587,-0.22614840989399299
2025-06-12,-0.0022857152808573034,0.03392373943729154,0.04022974848213358,0.00011870188745005717,-0.2279151943462897
2025-06-13,-0.020809999513792476,0.03409232711219414,0.039358077825862314,0.004957298448231613,-0.2438162544169611
2025-06-16,0.0023337233462203955,0.0341477202208343,0.03833613241622499,0.001623477905916212,-0.24204946996466437
2025-06-17,0.013889112160667239,0.03126899563195276,0.03732099180958085,-0.08806874728675565,-0.23144876325088337
2025-06-18,-0.023256862164267034,0.029118326514450957,0.03628808530030847,-0.07125927503203677,-0.24911660777385158
2025-06-19,0.018648559078071614,0.02722090221486676,0.03595869105548724,-0.06738258717482944,-0.19814814814814818
2025-06-20,0.013761685072681829,0.02679287878908279,0.03493830482667009,-0.01584900071538767,-0.187037037037037
2025-06-23,-0.0022805026987242627,0.025653280794962263,0.034050905908805044,-0.0434646491285735,-0.18888888888888888
2025-06-24,-0.03721359634043431,0.02691148367651611,0.0341475590821517,0.0478816100846557,-0.21851851851851856
2025-06-25,-0.004750602758598177,0.0255578322980899,0.0341478986632712,-0.05160926075871256,-0.2222222222222222
2025-06-26,0.023530497410193973,0.026307982583526224,0.034123426001099716,0.028928584716241875,-0.20370370370370372
2025-06-27,0.0,0.025828540754616495,0.033952726611454584,-0.01839229505684481,-0.20370370370370372
2025-06-30,0.0,0.025828540754616495,0.033952726611454584,0.0,-0.20370370370370372
2025-07-01,0.06744128079553313,0.02908773895739163,0.03396774802892701,0.11883658903234631,-0.08548707753479123
2025-07-02,0.06725222700916689,0.03078410906505501,0.03394408709641775,0.056681854728462655,-0.016000000000000014
2025-07-03,-0.045746021788204416,0.03260143225082759,0.03316084100031582,0.057357585983417315,-0.06000000000000005
2025-07-04,-0.02150620522096247,0.03294826048653055,0.031963293798539585,0.010582242326016957,-0.07999999999999996
2025-07-07,0.0,0.03294997853111834,0.030527372767506705,5.214233619498471e-05,-0.07999999999999996
2025-07-08,-0.010929070532190721,0.029795331872578452,0.029365519146659646,-0.1006388445867242,-0.08999999999999997
2025-07-09,-0.006615239118719529,0.0284892283387973,0.02938094068029533,-0.04482565447498617,-0.09599999999999997
2025-07-10,0.013187004281954628,0.028588833480771465,0.02820829553397823,0.0034901398192447616,-0.08399999999999996
2025-07-11,-0.006571765163235099,0.028155838589281428,0.028206471558437585,-0.015261455470262204,-0.08999999999999997
2025-07-14,-0.004405293467916849,0.02820525214914123,0.026977707938838708,0.001753463403155822,-0.09399999999999997
2025-07-15,-0.0066445427186678785,0.028151026029537365,0.026985035353305594,-0.0019244037699817338,-0.09999999999999998
2025-07-16,0.051959738930710486,0.029627676510596862,0.02778321177791801,0.05112512144610669,-0.052000000000000046
2025-07-17,0.0104932757158398,0.029492361799482645,0.02773770743496754,-0.004577632406739484,-0.04200000000000004
2025-07-18,0.02677811908139205,0.029836381307323433,0.027946456521242845,0.011597186442169774,-0.016000000000000014
2025-07-21,-0.0020345886977874983,0.029832970338445435,0.027948284525742065,-0.00011432896937350819,-0.018000000000000016
2025-07-22,-0.01229523685703704,0.028433450118258256,0.0279966525243423,-0.04804787946791383,-0.030000000000000027
2025-07-23,-0.0020639842208520776,0.02838152564790074,0.02797542547330053,-0.0018278443609475684,-0.03200000000000003
2025-07-24,-0.018770102681990863,0.028666709657983135,0.028061898003815623,0.009998075635026887,-0.050000000000000044
2025-07-25,0.027000601818507164,0.02905319040910656,0.028264761317337635,0.013391790099955668,-0.02400000000000002
2025-07-28,0.01424235671554186,0.02906450471682126,0.02830486240900235,0.0003893583164142743,-0.010000000000000009
2025-07-29,-0.032857165157773593,0.026646188753636727,0.028631476523155484,-0.08687149998201815,-0.04200000000000004
2025-07-30,0.0,0.021780677550541243,0.028629609299666285,-0.20162281956868006,-0.04200000000000004
2025-07-31,0.0020855064910207943,0.019110347549325044,0.028619746502623652,-0.1307932168424011,-0.040000000000000036
2025-08-01,-0.014690715410003108,0.01874416550241966,0.02868556399608225,-0.019347403854346044,-0.05400000000000005
2025-08-04,0.020921265160639635,0.01923954285182334,0.027659766720103323,0.026085140130862695,-0.030120481927710885
2025-08-05,0.008247469430015641,0.019014768091027163,0.027679241260596642,-0.011751733311948835,-0.016161616161616155
2025-08-06,-0.016563525671672963,0.01941638280617527,0.027717115252340625,0.020901228169418435,-0.03232323232323231
2025-08-07,0.010384309305715433,0.019348231715556597,0.027733014818674847,-0.00351615134124021,-0.022222222222222254
2025-08-08,-0.004140792666031956,0.019294077540626984,0.02773309767756761,-0.0028028440016244394,-0.02626262626262621
2025-08-11,0.0,0.01923154636025822,0.02772170537458529,-0.0032462136358794914,-0.02626262626262621
2025-08-12,-0.016736792355523278,0.01962905626054376,0.026420128879374324,0.0204589498989266,-0.042424242424242475
2025-08-13,0.014659948410685075,0.01615719129559374,0.025700327770808398,-0.19464558925495462,-0.028282828282828243
2025-08-14,0.004149383546812047,0.01601715888147719,0.024695780200231266,-0.008704648920455381,-0.024242424242424288
2025-08-15,0.010298752200574413,0.014979917586288582,0.02454166623355895,-0.06695005796875421,-0.014141414141414121
2025-08-18,0.020284671171504343,0.015667938193403824,0.024196220525854403,0.044905965224253136,0.0
2025-08-19,0.06604341231699173,0.021097540299072296,0.02557252410805653,0.29753982489639746,0.0
2025-08-20,0.0423246244047899,0.02263560730731722,0.02578252958787581,0.07036771859141178,0.0
2025-08-21,-0.07092523923800442,0.028089167019889474,0.02747602686809269,0.2158596899488929,-0.06846846846846844
2025-08-22,-0.07217560440266801,0.03229780423599328,0.028911080309384395,0.1396152145143471,-0.1333333333333333
2025-08-25,-0.023134575401657642,0.0324672502307989,0.029081921411498592,0.005232646849498438,-0.15315315315315314
2025-08-26,0.02105340919783316,0.03205755643425657,0.028873353827814516,-0.012698966380304665,-0.1351351351351351
2025-08-27,0.0,0.03205755643425657,0.02817999672061262,0.0,-0.1351351351351351
2025-08-28,0.0,0.03205416443567575,0.02813628429246028,-0.00010581520757231698,-0.1351351351351351
2025-08-29,0.0,0.031867581052402054,0.028105748364418977,-0.0058378835990930324,-0.1351351351351351
2025-09-03,0.0408219945202557,0.032827307370370845,0.02856609550142565,0.029671476534320524,-0.09909909909909909
2025-09-04,0.029558802241544058,0.03339105181745321,0.027597590728478075,0.017027238489337244,-0.07207207207207211
2025-09-05,0.04183119384512857,0.034153556506487756,0.027594445630935643,0.022578763151312468,-0.032432432432432434
2025-09-08,-0.05158736879049286,0.03644214021330495,0.028486143509046536,0.06485906053814328,-0.08108108108108103
2025-09-09,-0.009852296443012776,0.03652017359733615,0.028368563546305743,0.0021390054212406494,-0.09009009009009006
2025-09-10,-0.001982161203990529,0.03652951995565215,0.028375126578635848,0.0002558903495280243,-0.09189189189189184
2025-09-11,0.011834457647003305,0.03630666855207977,0.028362613283500815,-0.006119266873850418,-0.08108108108108103
2025-09-12,-0.02582069962174316,0.0367863689480516,0.02840420812346849,0.013125932876844737,-0.10450450450450455
2025-09-15,0.0040160696548898756,0.036785901654446486,0.028326865762020773,-1.2702978289728938e-05,-0.10090090090090087
2025-09-16,-0.0020060187268668983,0.03673614214690493,0.02829245847404275,-0.0013535940795545893,-0.10270270270270265
2025-09-17,0.004008021397540418,0.036466065833689255,0.028287597070214884,-0.00737894313081461,-0.09909909909909909
2025-09-18,-0.018163970627671944,0.03317664765352029,0.027942454543420932,-0.09453585326872911,-0.11531531531531536
2025-09-19,0.012145898302108549,0.03160753476418688,0.02795303832450629,-0.04845069546361002,-0.10450450450450455
2025-09-22,-0.028573372444055778,0.028233541689982707,0.028107191673990287,-0.11288480349322892,-0.12972972972972974
2025-09-23,0.014388737452099676,0.023347982878165224,0.02815173081210187,-0.19000002464999988,-0.11711711711711714
2025-09-24,-0.0020429016298013636,0.022670476648561824,0.02815564356561448,-0.02944709139007342,-0.11891891891891893
2025-09-25,0.0,0.02222265985047255,0.026819102423404764,-0.019950998641458283,-0.11891891891891893
2025-09-26,0.0,0.02222265985047255,0.02537027455642539,0.0,-0.11891891891891893
2025-09-29,-0.01857638557293484,0.022647669581250342,0.024777319680048343,0.01894446765689362,-0.1351351351351351
2025-09-30,-0.012578782206860595,0.022821661323222584,0.024670415328224424,0.00765318121997391,-0.1459459459459459
2025-10-01,0.0,0.02064057091878087,0.024670415328224424,-0.10045149565001481,-0.1459459459459459
2025-10-02,0.02294156924240731,0.020143821139285034,0.024791686631460422,-0.024360990920654236,-0.12612612612612617
2025-10-03,-0.0020639842208520776,0.017174520400584332,0.02477474877511921,-0.15947059888473014,-0.12792792792792795
2025-10-06,-0.004140792666031956,0.01325991591658594,0.024732897278749843,-0.2586810979440373,-0.13153153153153152
2025-10-07,-0.004158010148662683,0.013161818375112936,0.02472257963868505,-0.007425547231843571,-0.1351351351351351
2025-10-08,0.0,0.013173686448088324,0.02471312222497324,0.0009012976850446278,-0.1351351351351351
2025-10-09,0.0,0.012758024631960227,0.024693325037179865,-0.03206090786582114,-0.1351351351351351
2025-10-10,0.0,0.01158281330529411,0.023772518873376114,-0.096637989169361,-0.1351351351351351
2025-10-13,-0.010471299867296224,0.011656651818482662,0.023772876909856303,0.006354595316301642,-0.14414414414414412
2025-10-14,-0.004219415542706884,0.011662574830881196,0.023513388891923524,0.0005079934712272662,-0.1477477477477478
2025-10-15,-0.027868899008792525,0.012834822472375846,0.023774144096662956,0.09577692186926658,-0.1711711711711712
2025-10-16,0.004338401598596775,0.012526021655664084,0.02373818475954296,-0.02435375053586885,-0.16756756756756752
2025-10-17,-0.004338401598596775,0.012005437952028058,0.023742037260415277,-0.04244846853125148,-0.1711711711711712
2025-10-20,-0.03765671943800619,0.013110208616874282,0.02410609467956786,0.0880314304528006,-0.20180180180180185
2025-10-21,0.015677812719230744,0.013209829761006764,0.02392552894580107,0.007570015114350132,-0.18918918918918914
2025-10-23,0.0,0.013235731596710784,0.023838692786649775,0.001958878773449013,-0.18918918918918914
2025-10-24,0.0,0.013235731596710784,0.02348295957711554,0.0,-0.18918918918918914
2025-10-28,-0.0022246950221109785,0.013208287868099935,0.023483044558568034,-0.002075608645193027,-0.19099099099099104
2025-10-29,0.03286166448400074,0.015141789528396942,0.023885977031664903,0.13661384169256133,-0.16396396396396395
2025-10-30,-0.01739174271186883,0.015360533935180618,0.02391557741020413,0.014343039385872499,-0.17837837837837833
2025-10-31,-0.0221738574943231,0.01600037006721178,0.023905103148153025,0.04081033661921606,-0.1963963963963964
2025-11-03,-0.0090090699423655,0.014820839427128415,0.023891747152312365,-0.07657754166249162,-0.20360360360360363
2025-11-04,0.017937700686667668,0.01565529960799774,0.02394102658788708,0.05477519702703893,-0.18918918918918914
2025-11-05,-0.01117330059812538,0.0157458106017624,0.023928416488796532,0.005764839916615569,-0.19819819819819817
2025-11-06,0.0,0.015770954206293965,0.023926349412611955,0.001595569473155139,-0.19819819819819817
2025-11-07,-0.043634935896870175,0.01807029568299129,0.02454046994668645,0.1360994801499647,-0.2324324324324324
2025-11-10,0.004683849312426602,0.018181711285873224,0.024479047118083477,0.006146743395818981,-0.22882882882882882
2025-11-11,-0.002339182353171765,0.018150386860573183,0.024384663810422796,-0.0017243383903630823,-0.2306306306306306
2025-11-12,0.04800921918636014,0.021725278837055703,0.025214941532309132,0.17978454014135378,-0.19279279279279282
2025-11-13,0.0022296553272695974,0.021752914404003832,0.025173766399794902,0.0012712376433962282,-0.19099099099099104
2025-11-14,0.0022246950221109785,0.02093887570746186,0.02501772106789031,-0.03814021341464113,-0.18918918918918914
2025-11-17,0.0022197567383130945,0.020915265654952064,0.02339309503181087,-0.001128205857940475,-0.18738738738738736
2025-11-18,0.0,0.020903550544174337,0.02263667071528564,-0.0005602791540349673,-0.16014897579143395
2025-11-19,0.041265355201424825,0.02106571137687048,0.021578144073528528,0.0077276347006048456,-0.12476722532588458
2025-11-20,-0.06142281262640559,0.025253881772649037,0.021019377855136898,0.18133313332761564,-0.17690875232774672
2025-11-21,0.03337350881650636,0.026393159285716002,0.02129361969044074,0.044124964041606644,-0.14897579143389195
2025-11-24,-0.0401839778190336,0.027939238556653,0.02170816699304561,0.0569272210767419,-0.18249534450651772
2025-11-25,0.0401839778190336,0.029429891449067637,0.022364796170301127,0.05197875501140844,-0.14897579143389195
2025-11-26,-0.01543580812983869,0.0286386657630121,0.022443862469760767,-0.02725310988577047,-0.16201117318435754
2025-11-27,0.0,0.028394752142806182,0.022443862469760767,-0.008553407132238927,-0.16201117318435754
2025-11-28,0.0,0.027939862919108157,0.02176058555134278,-0.016149891097503245,-0.16201117318435754
2025-12-01,0.0,0.02785188029621424,0.02137072529193619,-0.003153967207967289,-0.16201117318435754
2025-12-02,-0.01117330059812538,0.027674560756247364,0.02059930789389109,-0.0063868699490409395,-0.12745098039215685
2025-12-03,0.013393057336438474,0.02772377824141723,0.019697004162930822,0.0017768576185138052,-0.11568627450980395
2025-12-04,0.011025470011707839,0.027819215418893872,0.0197411788532328,0.0034365175783807665,-0.10588235294117643
2025-12-05,-0.03571808260207909,0.02719672422206011,0.020223849993940973,-0.02263044278052297,-0.13725490196078427
2025-12-08,0.0,0.027189088754056803,0.02014156783049887,-0.00028078886120302634,-0.12
2025-12-09,-0.03468555798789019,0.028359003803848853,0.020347292505935328,0.042128814998073943,-0.15000000000000002
2025-12-10,0.06159301090781355,0.029705921891307108,0.021958900833636615,0.04640182598095107,-0.09599999999999997
2025-12-11,-0.004434597067865198,0.02972221533769373,0.02196180865104814,0.0005483409735252466,-0.09999999999999998
2025-12-12,0.004434597067865198,0.029734591030328335,0.021963753209342646,0.00041629173870561074,-0.0905432595573441
2025-12-15,-0.033748984736641674,0.0306800998344949,0.022252238781274417,0.03130317093759647,-0.12072434607645877
2025-12-16,0.04255961441879741,0.032231942994194455,0.022915121482947633,0.04934373303391698,-0.06938775510204087
2025-12-17,-0.058707600826778616,0.03331927921077956,0.023831894515568216,0.033178195331952876,-0.12244897959183676
2025-12-18,-0.016413029641329402,0.03068429675747014,0.023805993432404686,-0.08238514150420398,-0.13496932515337423
2025-12-19,-0.014285957247476944,0.02960824634805039,0.023854860027529644,-0.035698090243942576,-0.14723926380368102
2025-12-22,-0.0024009615375391036,0.02839758444548887,0.02385234515776971,-0.04174881415740437,-0.1492842535787321
2025-12-23,0.004796172263493048,0.026633213457875015,0.023869559158430836,-0.06414500034699491,-0.13814432989690717
2025-12-24,0.025975486403261527,0.027335485839335857,0.02405683109140568,0.02602663293083069,-0.11546391752577323
2025-12-25,-0.00467290569939216,0.027333957148118,0.024018815647272884,-5.592486681669983e-05,-0.1195876288659794
2025-12-26,-0.018913093306487383,0.027564616963977082,0.024119482907690983,0.008403172317703963,-0.13608247422680408
2025-12-29,-0.002389487397381984,0.02755351048694823,0.02389517226111177,-0.0004030061855420722,-0.13636363636363635
2025-12-30,0.002389487397381984,0.027526484731200274,0.023903394834345896,-0.0009813271768260255,-0.13070539419087135
2025-12-31,-0.002389487397381984,0.02725638976267285,0.023902306787916733,-0.00986063841690074,-0.12916666666666665
2026-01-05,0.0283037761628524,0.028014292794101083,0.024226439166026067,0.027426846617631395,-0.10416666666666663
2026-01-06,-0.023530497410193973,0.027389238978810383,0.024386185992762995,-0.022564630469679724,-0.125
2026-01-07,0.03509131981127034,0.028641443463099228,0.02485672450817863,0.04470452685516098,-0.09375
2026-01-08,-0.059188871390331244,0.03063239018711584,0.025941349647705905,0.06720318822328722,-0.13684210526315788
2026-01-09,-0.012270092591814219,0.026800615220637723,0.02595160600548564,-0.13363306206494918,-0.14376321353065535
2026-01-12,0.02679819315472365,0.027758176098660544,0.026227429617109662,0.03510557486346897,-0.11489361702127665
2026-01-13,-0.03672383295469395,0.028617931182793717,0.026399011676456016,0.030503043993839057,-0.14680851063829792
2026-01-14,0.009925639799970298,0.028048604734341436,0.026432614023218257,-0.020094590066050678,-0.13829787234042556
2026-01-15,-0.012422519998557036,0.025875703853742604,0.026464311342921175,-0.08063440540880673,-0.14893617021276595
2026-01-16,-0.025317807984290397,0.023280503131908374,0.026232059501007703,-0.10568817538645206,-0.17021276595744683
2026-01-19,0.027814688182877134,0.024209558952692292,0.02641779522894007,0.0391313019075203,-0.14680851063829792
2026-01-20,0.01975372873623371,0.02454421025537992,0.026564826920973204,0.013728432767213902,-0.1297872340425532
2026-01-21,-0.01975372873623371,0.02490161903519692,0.02666697124855482,0.014456825387245159,-0.14680851063829792
2026-01-22,-0.020151815437307263,0.025175254872636332,0.026770655699737283,0.010928735374992336,-0.1638297872340425
2026-01-23,0.017654935238720526,0.02473466628889572,0.026503546756731264,-0.01765580238005419,-0.14893617021276595
2026-01-26,-0.012578782206860595,0.024817438772379078,0.026464885511163067,0.0033408278804268597,-0.15957446808510634
2026-01-27,0.0025284463533594703,0.02459666951854111,0.026343818706442347,-0.008935530399557837,-0.1574468085106383
2026-01-28,0.0050377940299561885,0.024659545345460703,0.026342725602049318,0.002553011258150055,-0.15319148936170213
2026-01-29,0.0025094116054269477,0.02466079897462187,0.02622233982704863,5.083616792859589e-05,-0.1510638297872341
2026-01-30,-0.007547205635383136,0.02468713657341749,0.026205023695778436,0.001067424212568223,-0.1574468085106383
2026-02-02,0.0050377940299561885,0.023676611998333336,0.026219425920268418,-0.04179457880277975,-0.15319148936170213
2026-02-03,0.0248151691197247,0.024028681131506944,0.025857634798608184,0.014760432420236589,-0.13191489361702124
2026-02-04,-0.019802627296179764,0.02273546364992752,0.025963923481487867,-0.05532215958947806,-0.14893617021276595
2026-02-05,0.0,0.01869297821392398,0.025963829661514552,-0.19577792885084327,-0.14893617021276595
2026-02-06,-0.012578782206860595,0.01870269449408576,0.025188558831253503,0.0005196470329505208,-0.15957446808510634
2026-02-09,-0.06538275926285131,0.02241646025108505,0.026471387133582786,0.18112782898658872,-0.21276595744680848
2026-02-10,0.06030660623099138,0.025651492434730874,0.027707217757888213,0.1348061766127363,-0.1638297872340425
2026-02-11,0.005076153031859931,0.025565481199511346,0.02771749265549282,-0.0033587022577164136,-0.15957446808510634
2026-02-12,-0.002534855603187225,0.025433319829361138,0.027715999308911138,-0.005182930245658692,-0.16170212765957448
2026-02-13,0.03246227614466157,0.025775783397140987,0.027504221767099837,0.013375299232200108,-0.10940919037199104
2026-02-23,0.0,0.025057580901813044,0.026390635894286165,-0.028258999444582978,-0.10940919037199104
2026-02-24,-0.017348638334613753,0.024949216379990112,0.02606910601482586,-0.004333996736266826,-0.12472647702407003
2026-02-25,0.02225060893482045,0.025065102969405027,0.02577244533116755,0.004634142860377831,-0.10503282275711157
2026-02-26,-0.02225060893482045,0.025162469898072554,0.025330685506505916,0.0038770343180806305,-0.1228070175438597
2026-02-27,-0.0779615414697119,0.03035564448128086,0.027107413621739646,0.18762881717403893,-0.1885964912280702
2026-03-02,0.0,0.030296575245720322,0.027107413621739646,-0.0019478012519170802,-0.1885964912280702
2026-03-03,-0.010869672236903938,0.030309758389549104,0.027121558904578322,0.0004350416497927231,-0.19736842105263153
2026-03-04,0.005449604767564509,0.030316316819231224,0.02714240347252534,0.00021635665912893707,-0.19298245614035092
