date,log_return,vol_20,vol_60,vol_change,max_drawdown_60
2017-06-22,,0.04653363205610243,0.03357135627836604,-0.011628445854761759,0.0
2017-06-23,0.06378000129841865,0.04653363205610243,0.03357135627836604,-0.011628445854761759,0.0
2017-06-26,0.06758266351879882,0.04653363205610243,0.03357135627836604,-0.011628445854761759,0.0
2017-06-27,0.06472847270049442,0.04653363205610243,0.03357135627836604,-0.011628445854761759,0.0
2017-06-28,0.06747224773832272,0.04653363205610243,0.03357135627836604,-0.011628445854761759,0.0
2017-06-29,0.06445529530422434,0.04653363205610243,0.03357135627836604,-0.011628445854761759,0.0
2017-06-30,0.06640942907338321,0.04653363205610243,0.03357135627836604,-0.011628445854761759,0.0
2017-07-03,0.06665368913377989,0.04653363205610243,0.03357135627836604,-0.011628445854761759,0.0
2017-07-04,0.06556258676726046,0.04653363205610243,0.03357135627836604,-0.011628445854761759,0.0
2017-07-05,0.021266624268681866,0.04653363205610243,0.03357135627836604,-0.011628445854761759,0.0
2017-07-06,-0.048239213766073874,0.04653363205610243,0.03357135627836604,-0.011628445854761759,0.0
2017-07-07,-0.057343994243190366,0.04653363205610243,0.03357135627836604,-0.011628445854761759,0.0
2017-07-10,0.03608920897486634,0.04653363205610243,0.03357135627836604,-0.011628445854761759,0.0
2017-07-11,0.05434984287009925,0.04653363205610243,0.03357135627836604,-0.011628445854761759,0.0
2017-07-12,0.033019507991260966,0.04653363205610243,0.03357135627836604,-0.011628445854761759,0.0
2017-07-13,0.06754825898278227,0.04653363205610243,0.03357135627836604,-0.011628445854761759,0.0
2017-07-14,-0.07149303727379852,0.04653363205610243,0.03357135627836604,-0.011628445854761759,0.0
2017-07-17,0.06780639715358028,0.04653363205610243,0.03357135627836604,-0.011628445854761759,0.0
2017-07-18,-0.025246782734784645,0.04653363205610243,0.03357135627836604,-0.011628445854761759,0.0
2017-07-19,0.018762276455523974,0.04653363205610243,0.03357135627836604,-0.011628445854761759,0.0
2017-07-20,0.04808182342793188,0.04653363205610243,0.03357135627836604,-0.011628445854761759,0.0
2017-07-21,0.027949417548230215,0.04599565211648495,0.03357135627836604,-0.011628445854761759,0.0
2017-07-24,-0.013877065709552383,0.046263458060750634,0.03357135627836604,0.005805532654233518,0.0
2017-07-25,0.0034873618604152057,0.04570683939171154,0.03357135627836604,-0.0121044589310667,0.0
2017-07-26,0.00347524242030417,0.04478087096146485,0.03357135627836604,-0.02046687987187939,0.0
2017-07-27,0.01804948011898233,0.04362177203234999,0.03357135627836604,-0.026224670577703776,0.0
2017-07-28,0.025232625480724025,0.042221379148035386,0.03357135627836604,-0.032629669015304306,0.0
2017-07-31,0.014839513862774822,0.04057551291974085,0.03357135627836604,-0.039761943435156925,0.0
2017-08-01,0.0,0.03884148253919491,0.03357135627836604,-0.04367593047654206,0.0
2017-08-02,0.0,0.038842142346759506,0.03357135627836604,1.6987039307432816e-05,0.0
2017-08-03,0.0016353233407304657,0.03642359969245514,0.03357135627836604,-0.06428887530714714,0.0
2017-08-04,-0.014815085785139459,0.0332251718645872,0.03357135627836604,-0.09190910399403786,0.0
2017-08-07,-0.030305349495328926,0.03428045164991298,0.03357135627836604,0.03126748236097599,0.0
2017-08-08,0.04020642047803946,0.03348500355439876,0.03357135627836604,-0.023477578520434403,0.0
2017-08-09,-0.016556669594447015,0.03358203315650006,0.03357135627836604,0.0028935120924480423,0.0
2017-08-10,0.00665559861173648,0.030544902355933913,0.03357135627836604,-0.09479335748941464,0.0
2017-08-11,0.01399775840004125,0.024663991197053998,0.03357135627836604,-0.2138533976368214,0.0
2017-08-14,0.017025137611952346,0.02062552654741167,0.03357135627836604,-0.17881479281597587,0.0
2017-08-15,-0.0032206147000426455,0.01936664677580863,0.03357135627836604,-0.06297708182827108,0.0
2017-08-16,0.0016116038943412292,0.01924580568313519,0.03357135627836604,-0.00625919447778549,0.0
2017-08-17,-0.00484262447578665,0.016809269842688598,0.03357135627836604,-0.13536256449948877,0.0
2017-08-18,0.0,0.015896586284258947,0.03357135627836604,-0.055826089359287144,0.0
2017-08-21,0.0466303361160012,0.018095241391035598,0.03357135627836604,0.12954453362699256,0.0
2017-08-22,0.016845727609643646,0.018237558748666772,0.03357135627836604,0.007834133709477616,0.0
2017-08-23,0.0,0.01828762301209058,0.03357135627836604,0.0027413562342307263,0.0
2017-08-24,0.0,0.018140201926466516,0.03357135627836604,-0.008093912263298132,0.0
2017-08-25,-0.003803732239246571,0.017654046961144542,0.03357135627836604,-0.027165514322980314,0.0
2017-08-28,0.0,0.017498716890743445,0.03357135627836604,-0.00883748393917549,0.0
2017-08-29,0.0,0.017498716890743445,0.03357135627836604,0.0,0.0
2017-08-30,-0.009188426054407728,0.017716182095556803,0.03357135627836604,0.01235089987410179,0.0
2017-08-31,-0.017067908512148122,0.018281821182820412,0.03357135627836604,0.03142870606696305,0.0
2017-09-01,0.013214339196158775,0.01798407947181885,0.03357135627836604,-0.01642028634601441,0.0
2017-09-05,0.0,0.016165267068273592,0.03357135627836604,-0.10662189773655317,0.0
2017-09-06,-0.01634913800153015,0.014563637194567469,0.03357135627836604,-0.10433704550874284,0.0
2017-09-07,0.003134798805371375,0.013874799408898875,0.03357135627836604,-0.048453582289926266,0.0
2017-09-08,0.0,0.013868181989191767,0.03357135627836604,-0.0004770514723804962,0.0
2017-09-11,0.010120755909163393,0.01373130411023562,0.03357135627836604,-0.009918945701001112,0.0
2017-09-12,0.06376362764664556,0.01918914571759546,0.03357135627836604,0.3346663870260982,0.0
2017-09-13,0.003627134916003527,0.01909480974305443,0.03357135627836604,-0.004928232469995288,0.0
2017-09-14,0.017940918961318886,0.01927325581342611,0.03357135627836604,0.009301864007408378,0.0
2017-09-15,0.06737943213917497,0.02341581234480834,0.03357135627836604,0.1946930178135227,0.0
2017-09-18,0.049929332699687023,0.024927414560187496,0.03328339820900657,0.06255662290103121,0.0
2017-09-19,-0.016582012596138895,0.02434734685258846,0.032831798564338634,-0.02354528985875695,-0.0164452877925364
2017-09-20,0.0353795585636405,0.024999713889396,0.032282291860382915,0.02644148489454641,0.0
2017-09-21,0.015399133985718905,0.024910063849018966,0.03150677513500589,-0.0035924864799171514,0.0
2017-09-22,-0.010445563485058429,0.02525650581642761,0.030910750388127777,0.013811880664256765,-0.010391198044009675
2017-09-25,-0.021224267366253713,0.026057031478356914,0.030348501461218556,0.03120386337672645,-0.03117359413202936
2017-09-26,0.0,0.026057031478356914,0.029456338793517018,0.0,-0.03117359413202936
2017-09-27,0.01316220819532532,0.02597182983739762,0.028517481498364413,-0.003275170058088312,-0.018337408312958492
2017-09-28,0.004349183618503005,0.025616386197394644,0.028470534455534855,-0.013780244957297138,-0.014058679706601573
2017-09-29,0.011710457398843133,0.024763467451713816,0.02749870015535949,-0.03386273862045493,-0.0024449877750610804
2017-10-02,-0.010471299867296224,0.025274777624416787,0.02621794132308657,0.02043747796817102,-0.012836185819070978
2017-10-03,-0.008082108028451884,0.025523982835218822,0.02608655258592588,0.00981154302199829,-0.020782396088019572
2017-10-04,0.0024937668784019706,0.024813307217242793,0.025410408279582925,-0.0282384116858868,-0.018337408312958492
2017-10-05,0.011145626214917215,0.024734351400797525,0.025204092036681,-0.00318706690119807,-0.007334963325183463
2017-10-06,0.0,0.024734351400797525,0.02396917605428297,0.0,-0.007334963325183463
2017-10-09,0.016488923198505034,0.02475014427096228,0.02168768037212415,0.0006382954541056231,0.0
2017-10-10,0.019196750270676688,0.021689692978827474,0.02028419690639739,-0.1319940913426462,0.0
2017-10-11,-0.004764749931638335,0.021901031683410063,0.019894979460486586,0.009696570320949104,-0.004753416518122444
2017-10-12,-0.004187861340474441,0.02201879964524948,0.019899090631342917,0.005362870799006636,-0.0089126559714795
2017-10-13,0.014285957247476944,0.0172323454066183,0.01919104991206239,-0.24510832693767678,0.0
2017-10-16,-0.013087634755368782,0.01426099726861031,0.019153687350479388,-0.18925969656612338,-0.013002364066193817
2017-10-17,-0.004801929995407406,0.013651271023793644,0.019029014632757742,-0.0436956833144753,-0.01773049645390068
2017-10-18,-0.031166592238419,0.013537180044647072,0.019629492739885877,-0.008392649115128275,-0.0478723404255319
2017-10-19,-0.01060852382681432,0.013225647262425382,0.01973962696951943,-0.023282041017867426,-0.05791962174940901
2017-10-20,-0.02156075910657762,0.013849013459665197,0.019970352540132238,0.04605604682859099,-0.07801418439716312
2017-10-23,-0.07243284735939426,0.02067154077146191,0.02213455869700092,0.40054367428728826,-0.14243498817966904
2017-10-24,0.06664691029235037,0.026084237214678223,0.02356419303343464,0.23257318101545654,-0.08333333333333337
2017-10-25,0.01662442378649942,0.026195014827639685,0.02361436320240817,0.0042379235376065584,-0.06796690307328601
2017-10-26,-0.023741891555362216,0.026647321781824513,0.023884172384813086,0.01711952418193488,-0.08983451536643028
2017-10-27,-0.013730192811902242,0.026549569523483293,0.02399051419046267,-0.0036751144367813808,-0.10224586288416071
2017-10-30,-0.07092269251843497,0.030518856744951618,0.025749462887955942,0.13933116376659713,-0.16371158392434992
2017-10-31,-0.04332807676353667,0.031606568890809504,0.026084774961666637,0.035020217498702294,-0.19917257683215128
2017-11-01,-0.015619506838232766,0.031538251658968605,0.02570799345278449,-0.0021638270966252045,-0.21158392434988182
2017-11-02,-0.04602039034346106,0.03217388563402634,0.02633287073544336,0.019953964590057528,-0.24704491725768318
2017-11-03,-0.01025650016718771,0.03205176626566276,0.02636207823133675,-0.0038028256278331727,-0.25472813238770686
2017-11-06,0.06745852024283572,0.0362428479729606,0.02768778728403681,0.12288973691734212,-0.20271867612293148
2017-11-07,0.002960771963032016,0.03573028483802936,0.02761471745562788,-0.014243416618554113,-0.20035460992907805
2017-11-08,-0.05702799323330865,0.037140320518115125,0.028622616780451127,0.03870453129886992,-0.24468085106382975
2017-11-09,-0.003134798805371375,0.0371549990977961,0.028626059948650657,0.00039514133585894184,-0.24704491725768318
2017-11-10,0.003134798805371375,0.036798471707430475,0.02861970934135092,-0.009642010096522447,-0.24468085106382975
2017-11-13,-0.06547792937950625,0.038550792897682803,0.029862684307524232,0.04652034085560537,-0.29255319148936165
2017-11-14,0.04252480456760388,0.04070847796061427,0.02975729993158872,0.05445969287688902,-0.26182033096926716
2017-11-15,0.02685785449005884,0.041501872452203735,0.029884603652592275,0.019302166395983478,-0.24172576832151305
2017-11-16,0.02235160488839938,0.042183052507543554,0.030029092500738045,0.016279991592071462,-0.22458628841607564
2017-11-17,-0.013041995370397075,0.04210028280082976,0.03007579197971943,-0.0019640825408243044,-0.23463356973995275
2017-11-20,0.011516442061559218,0.039585288523455685,0.030110388274888124,-0.06159689563059041,-0.2257683215130024
2017-11-21,-0.01616041325601003,0.035838010659277296,0.030182349192360212,-0.09944844048167345,-0.23817966903073284
2017-11-22,-0.03152349281361033,0.03562483541962262,0.030450310251754372,-0.005966059959866328,-0.26182033096926716
2017-11-23,-0.02431238064430552,0.03563524608992249,0.03058306462313243,0.0002921879187201494,-0.27955082742316784
2017-11-24,0.02030114381785353,0.03633813712797266,0.030632261562634436,0.019532587145947758,-0.264775413711584
2017-11-27,0.017530329404996436,0.03382728348488005,0.030669936129172355,-0.07160009835647727,-0.25177304964539005
2017-11-28,0.04856445600912451,0.03465837171884833,0.031314131597191285,0.024271616842215845,-0.21453900709219853
2017-11-29,0.034753959780042365,0.03536087880384541,0.03154410068145172,0.020066780277404366,-0.18676122931442085
2017-11-30,-0.030998792017719268,0.03444495567987124,0.03181676834612469,-0.026243520639000564,-0.21158392434988182
2017-12-01,0.0,0.034324295572477306,0.03181676834612469,-0.0035091321752883974,-0.21158392434988182
2017-12-04,0.0,0.030767754043837785,0.03179287551834047,-0.10938620055961933,-0.21158392434988182
2017-12-05,-0.025817683025941562,0.03126342801941526,0.03086363446552789,0.015981780438057733,-0.23167848699763594
2017-12-06,-0.010050335853501124,0.02855910956131901,0.0308797843329769,-0.09047299106175603,-0.23936170212765961
2017-12-07,0.013122534890472437,0.028685758662834217,0.030835462447885657,0.004424825065902651,-0.2293144208037825
2017-12-08,0.0129525620357267,0.02880501964223571,0.029556178822786525,0.004148877872260355,-0.2192671394799054
2017-12-11,-0.016024761072698013,0.024546790097970245,0.02880284315055769,-0.15996850874575172,-0.23167848699763594
2017-12-12,-0.003853569315989347,0.022861287280311445,0.02874989706875468,-0.07113609782718729,-0.23463356973995275
2017-12-13,-0.019493794681000765,0.02253536722187279,0.02837708709941508,-0.014359010296469726,-0.24940898345153661
2017-12-14,0.013297028143488987,0.02213940145676741,0.028354064030538133,-0.017727051254717945,-0.23936170212765961
2017-12-15,0.008510689667909688,0.022044793897606683,0.028386607379938752,-0.00428242090470151,-0.2328605200945626
2017-12-18,0.0015396461855914367,0.021885539115887347,0.0283001813758283,-0.007250361922135088,-0.23167848699763594
2017-12-19,-0.017067908512148122,0.021920883566509917,0.02835214412787611,0.0016136648459823934,-0.24468085106382975
2017-12-20,0.007017572658646998,0.020703742024194473,0.02830166740437331,-0.05712528509079143,-0.23936170212765961
2017-12-21,0.008510689667909688,0.019832659136462615,0.02832679229687916,-0.04298440664882632,-0.2328605200945626
2017-12-22,-0.01866306113192806,0.019971409658121032,0.0283195582536578,0.006971700036487618,-0.24704491725768318
2017-12-25,0.007039528483527846,0.019654952044973535,0.028343292199766373,-0.01597240663153046,-0.24172576832151305
2017-12-26,0.0031128429804905267,0.016138452658489885,0.028351710259412962,-0.19712441990797172,-0.23936170212765961
2017-12-27,-0.029970697470549368,0.014906083225658055,0.028541638525686253,-0.07943533722480839,-0.26182033096926716
2017-12-28,0.009561825839343285,0.013884218916234798,0.028527944061712603,-0.07101648504081437,-0.25472813238770686
2017-12-29,-0.020024697947283343,0.014383663049046928,0.028594835061067518,0.03534016165165484,-0.2695035460992907
2018-01-02,0.0032310205814454207,0.01444677383586882,0.028480497087165806,0.0043780705855704346,-0.2671394799054374
2018-01-03,0.0,0.013483414943740897,0.028314021606258073,-0.06901066871594018,-0.2671394799054374
2018-01-04,0.007231851526494637,0.01351853919833463,0.028358687890990112,0.0026016078839318684,-0.26182033096926716
2018-01-05,-0.017771065414665443,0.01352495934668299,0.02840715405268355,0.0004748012695377939,-0.274822695035461
2018-01-08,0.012150817782512036,0.013476153580080566,0.028383763000842385,-0.003615094217561557,-0.2562874251497006
2018-01-09,0.06619777183878384,0.020189739696260398,0.029817486798038858,0.4042525707429149,-0.20156438026474133
2018-01-10,-0.003018870217252001,0.020179978466679377,0.029817391986448283,-0.0004835914333580171,-0.17877094972067042
2018-01-11,0.020943173845243024,0.020036480779165255,0.029765689579183807,-0.007136293340092102,-0.15244667503136766
2018-01-12,-0.008175445015242033,0.020036131329274724,0.02975671228287479,-1.7440825428953926e-05,-0.150285351934052
2018-01-15,-0.018832948333091792,0.020497363266525105,0.029729779072524574,0.02275903535689759,-0.16613823715916298
2018-01-16,-0.04829598971579685,0.023230532386314496,0.028924642075062207,0.12517115044378901,-0.20545339251743822
2018-01-17,-0.017713828711613644,0.023253253219048156,0.027525722476425235,0.0009775806540459665,-0.21940393151553583
2018-01-18,0.00405351183318281,0.023202995586032445,0.027414847375645906,-0.002163654288850358,-0.19740259740259736
2018-01-19,0.006451635281488066,0.023158328456628866,0.027324424178239604,-0.0019269132138710428,-0.18104015799868334
2018-01-22,-0.013759828588213452,0.022999440989042278,0.027324611448597005,-0.006884562586843829,-0.13286219081272088
2018-01-23,0.0,0.022909452843138334,0.025855613741719425,-0.003920295804996782,-0.10828488372093026
2018-01-24,0.0,0.022881791196529732,0.02529136424981683,-0.0012081627600123877,-0.10828488372093026
2018-01-25,-0.06047182175501753,0.025664244885080834,0.026351766796531957,0.11475727621660091,-0.16061046511627908
2018-01-26,-0.0017331026868347976,0.02547572366009073,0.0257220009212228,-0.007372785341630212,-0.1620639534883721
2018-01-29,-0.028146097196898978,0.025799262119628984,0.025926173623275702,0.012619901199535627,-0.18531976744186052
2018-01-30,-0.03540996366573346,0.026594262859170485,0.02462640797420747,0.030349607447644117,-0.21366279069767447
2018-01-31,0.030939683534828788,0.02788033719749979,0.0250160229788385,0.04722615253693975,-0.18895348837209303
2018-02-01,0.0,0.027756308928880865,0.02399927860367772,-0.004458515677186291,-0.18895348837209303
2018-02-02,-0.0017937224540265362,0.027618049597800724,0.023999073699182978,-0.004993631425421061,-0.19040697674418605
2018-02-05,-0.07066135676139496,0.03094543477692911,0.02555939806428015,0.11375591623755607,-0.24563953488372092
2018-02-06,-0.0729229623868477,0.028714986813372288,0.025881589326102204,-0.07480628488971564,-0.2986918604651163
2018-02-07,0.032622668622851236,0.0306022201679235,0.0256127206900216,0.06365336426538162,-0.2754360465116279
2018-02-08,0.01097267866947682,0.03007723621548059,0.02537187918221448,-0.01730394140398962,-0.2674418604651163
2018-02-09,0.005934735519813827,0.030400697301497647,0.025170378154484214,0.01069692843482659,-0.26308139534883723
2018-02-12,0.06675499784846295,0.03530397137875457,0.026758385648450206,0.14952986987469208,-0.21220930232558144
2018-02-13,0.06689966134016068,0.037965311732343646,0.02818366243128761,0.07267741256248172,-0.15770348837209303
2018-02-21,0.06432279467788504,0.04072553959306945,0.029389745945265694,0.07018249254749608,-0.10174418604651159
2018-02-22,-0.04976150955906533,0.04220851121417845,0.029805323544194136,0.035766475541736974,-0.14534883720930236
2018-02-23,0.0,0.04216121994056823,0.029647918325884245,-0.0011210481935937844,-0.14534883720930236
2018-02-26,-0.059562261151342,0.04399148716832608,0.03047493178442845,0.04249529209844466,-0.19476744186046513
2018-02-27,0.038074541414653496,0.045035293016032346,0.030810842860579137,0.02345032460002807,-0.16351744186046513
2018-02-28,-0.038074541414653496,0.045692973852495135,0.030448681131218423,0.014498066240763469,-0.19476744186046513
2018-03-01,0.038074541414653496,0.044710587429222653,0.030521453550039362,-0.021734207435921506,-0.14803849000740188
2018-03-02,-0.026409985649722856,0.04509473727443251,0.030455722445482256,0.008555218835253411,-0.17024426350851218
2018-03-05,-0.030799535950951196,0.04518136519870692,0.030664868351027094,0.0019191774854859277,-0.19541080680977052
2018-03-06,0.026329255820046527,0.04485338162353707,0.030902003949305062,-0.007285741665823836,-0.1739452257586973
2018-03-07,-0.007194275634025971,0.044345806141052414,0.030761875990336605,-0.011380840116713739,-0.17986676535899337
2018-03-08,0.015226447331290416,0.04448279780639928,0.03083200026214,0.0030844060814098464,-0.16728349370836415
2018-03-09,-0.015226447331290416,0.0446188899467253,0.030809761936135074,0.0030547617904813553,-0.17986676535899337
2018-03-12,-0.019134980186020556,0.04173491552795004,0.030811688571423475,-0.06681921398603947,-0.19541080680977052
2018-03-13,-0.04902018142174036,0.039762888913027365,0.03133359459510867,-0.04840403148037344,-0.23390081421169506
2018-03-14,0.00865806274311609,0.03919619246781426,0.03137483359619148,-0.014354423135369474,-0.2272390821613619
2018-03-15,0.02459915901336629,0.03947227838501087,0.03151211790760351,0.0070189995430592214,-0.20799407846039975
2018-03-16,0.003731347612859537,0.03946668529045252,0.031453153024741116,-0.00014170677926912434,-0.2050333086602517
2018-03-19,0.007421184337616182,0.036533097978058114,0.03144669987401745,-0.07723824170340723,-0.19911176905995553
2018-03-20,-0.003703707937484424,0.03295495346784108,0.03144106074462877,-0.10307703138567427,-0.20207253886010368
2018-03-21,0.03911367160321788,0.030618701089548245,0.03185255139689721,-0.07353059035806618,-0.17024426350851218
2018-03-22,-0.02896130013919951,0.02934068678620351,0.03201462980675269,-0.04263577448869591,-0.19393042190969656
2018-03-23,-0.0018382358117516873,0.029330892442816375,0.03198060571455848,-0.0003338700020732411,-0.19541080680977052
2018-03-26,0.0,0.02624722164871442,0.031915948175743544,-0.11108112863358505,-0.19541080680977052
2018-03-27,-0.004610427714782261,0.02458949673903674,0.031891455846745624,-0.06524072586086843,-0.19911176905995553
2018-03-28,-0.0328822485358895,0.024225417214956378,0.03211535109065563,-0.01491700370035958,-0.22501850481125096
2018-03-29,0.018922040431215592,0.022863579192594085,0.03205098364219364,-0.05785713932133029,-0.2102146558105107
2018-03-30,0.06617729008678808,0.027035138781011686,0.033227634898288526,0.16759217250047517,-0.156180606957809
2018-04-02,0.06618190688130099,0.029633943341879864,0.03426851572407725,0.09178295021319259,-0.0984455958549223
2018-04-03,0.03707112643696142,0.03012105442665874,0.03460352438542029,0.01630396553178471,-0.06439674315321986
2018-04-04,0.06656376325339508,0.03278858353495662,0.03564447446593701,0.08485595498987433,0.0
2018-04-05,-0.06261587024581061,0.03653130423479744,0.036580056366505756,0.10808912019517831,-0.060695780903034735
2018-04-06,-0.021506205220964247,0.03674988382189526,0.03661443226482614,0.005965519431721182,-0.0806809770540341
2018-04-09,-0.010522152927388007,0.03649300935891249,0.0366060269022229,-0.0070143445975484045,-0.09030347890451518
2018-04-10,-0.0595064514330943,0.03739148932138885,0.036339149966344804,0.024322395857051052,-0.1428571428571429
2018-04-11,0.0,0.03740451688847932,0.03634018606030681,0.00034834918062754474,-0.1428571428571429
2018-04-12,0.044752085420151744,0.0382177477800353,0.036725352776336144,0.021508534054071632,-0.10362694300518138
2018-04-13,-0.010792964877698097,0.038404453762907284,0.03673457973633976,0.004873425714857022,-0.11324944485566246
2018-04-16,-0.053140179394297604,0.040568509135719605,0.03726629210017848,0.054818678427371564,-0.15914137675795703
2018-04-17,0.053140179394297604,0.04207889374574085,0.03745108723658722,0.0365541413294739,-0.11324944485566246
2018-04-18,0.018197359051907114,0.04144888165048606,0.03746230975896527,-0.015085374630036388,-0.09696521095484822
2018-04-19,-0.0057542287832514916,0.0407903568737383,0.03746505649185742,-0.016015194293539026,-0.10214655810510731
2018-04-20,-0.05072938867499133,0.04266825028531193,0.03801332223550995,0.045009377494123815,-0.14655810510732792
2018-04-23,0.0,0.04266825028531193,0.03797816076504788,0.0,-0.14655810510732792
2018-04-24,-0.00347524242030417,0.042658421441716034,0.03797920285612829,-0.00023038145369128464,-0.14951887490747595
2018-04-26,-0.04358181906229319,0.04319586360376898,0.03837263203263085,0.012520028719310712,-0.18578830495928944
2018-04-27,0.03571808260207909,0.04369298481801976,0.037887016773600506,0.011442815348101893,-0.156180606957809
2018-05-02,-0.07087433958665734,0.04405977572274287,0.03896989325110655,0.00835969045177261,-0.2139156180606958
2018-05-03,-0.0722265040540151,0.04339647760671924,0.039887932572988234,-0.015168970945952936,-0.2686898593634345
2018-05-04,-0.008130126083250033,0.04194326978986772,0.03965667392198372,-0.03406028274235624,-0.27461139896373055
2018-05-07,-0.053443832850780026,0.038441299010469325,0.03997631792480556,-0.0871855875038167,-0.3123612139156181
2018-05-08,0.0646057955161492,0.041221592721873195,0.040919008167442754,0.06982981998357199,-0.2664692820133234
2018-05-09,-0.046471965278108485,0.0418856893514339,0.041320121133224794,0.015982007560879846,-0.2997779422649889
2018-05-10,0.0,0.041992485260668316,0.04034650366865042,0.0025464536388145943,-0.2997779422649889
2018-05-11,0.0063224657394869155,0.0407231493335363,0.03925261240729133,-0.030693962038629344,-0.2953367875647669
2018-05-14,-0.0063224657394869155,0.040667619638108284,0.03902153608455576,-0.0013645205985983386,-0.2997779422649889
2018-05-15,0.04039907212020921,0.04036909831805155,0.03935645320676115,-0.007367588526633425,-0.27091043671354553
2018-05-16,-0.011230337529553935,0.0403694819156995,0.03937212215321836,9.50221199875161e-06,-0.27905255366395265
2018-05-17,-0.005146691751768628,0.03909845900572522,0.03836649978214987,-0.03199103873486374,-0.28275351591413767
2018-05-18,0.005146691751768628,0.03654083935353556,0.037304024951994204,-0.0676525151947239,-0.27905255366395265
2018-05-21,-0.02284626885116836,0.0360017633286921,0.03632630396493931,-0.014862598792925289,-0.2953367875647669
2018-05-22,-0.0063224657394869155,0.03599646470950324,0.03583549033888065,-0.0001471874481061701,-0.2997779422649889
2018-05-23,-0.005299429466498751,0.03486818350266184,0.0358329295304584,-0.0318459562139025,-0.3034789045151739
2018-05-24,-0.018231067943697,0.03482690258661947,0.03513154522016425,-0.0011846146217782,-0.3160621761658031
2018-05-25,0.011834457647003305,0.035169200206338104,0.034772717459784525,0.00978055168530509,-0.307920059215396
2018-05-28,-0.042606116313756104,0.03512125471425732,0.03485399190487664,-0.0013642104302403837,-0.33678756476683935
2018-05-29,0.02425697764556034,0.03441809793731725,0.034619230798308684,-0.020223959934988007,-0.3205033308660251
2018-05-30,-0.03660974561256225,0.03204275584478506,0.03475705685692482,-0.07151137619154899,-0.3449296817172465
2018-05-31,-0.0033955890011370116,0.028396570579348142,0.03457770964887651,-0.12080270743538334,-0.3471502590673575
2018-06-01,0.058354473281895025,0.03178348849863603,0.03528563263467518,0.11267850418323214,-0.307920059215396
2018-06-04,0.06620824935986747,0.03290137394430829,0.036391102533884376,0.03456748209731043,-0.26054774241302736
2018-06-05,0.002998502996256036,0.029611848273296888,0.03632874215218981,-0.10533982361773062,-0.2583271650629163
2018-06-06,0.03336914117461731,0.028291119061278854,0.03656819114959269,-0.045626603667512984,-0.23316062176165808
2018-06-07,-0.010674531246918306,0.0284814059911298,0.03651381842583705,0.00670350931959539,-0.2413027387120651
2018-06-08,-0.03980625040042085,0.030105749746539786,0.036327245965172804,0.05546470305717873,-0.27091043671354553
2018-06-11,-0.016377029281322564,0.030329947447585187,0.03636023573026689,0.0074194115637842535,-0.28275351591413767
2018-06-12,-0.01246122043781206,0.029008779263383706,0.03622835174938651,-0.044537056603155524,-0.29163582531458176
2018-06-13,0.034911142877033896,0.030006977935287383,0.0365322649348614,0.03383142359883266,-0.2664692820133234
2018-06-14,0.0,0.029974759095748277,0.03651465650475312,-0.0010742880579862524,-0.2664692820133234
2018-06-15,-0.028661122531861594,0.03068083479310332,0.03668236640348789,0.023282514092978664,-0.28719467061435977
2018-06-18,0.02258822937396232,0.03062646283036881,0.03643052844893582,-0.0017737516204457968,-0.27091043671354553
2018-06-19,-0.034076606380722296,0.031621884402693555,0.03650024145989155,0.031984981391643505,-0.2953367875647669
2018-06-20,-0.003156236181437677,0.031605480099474205,0.0365003916609698,-0.0005188986929189172,-0.29755736491487783
2018-06-21,0.0,0.03130057746505678,0.0365003916609698,-0.009693976605789134,-0.29755736491487783
2018-06-22,0.003156236181437677,0.031207376588187435,0.036505696365778856,-0.002982049805569466,-0.2953367875647669
2018-06-25,0.0,0.029487991898566844,0.03628239577420768,-0.05667135110420597,-0.2953367875647669
2018-06-26,-0.02445629597752763,0.029653857771719746,0.0362990149640507,0.0056090992371384185,-0.3123612139156181
2018-06-27,0.02445629597752763,0.02875149452691677,0.035352114575211056,-0.030902467303853032,-0.2953367875647669
2018-06-28,-0.0063224657394869155,0.028796651042076793,0.03416641923734992,0.0015693471366588464,-0.2997779422649889
2018-06-29,-0.005299429466498751,0.025774163319858774,0.033733820691369765,-0.11088648793749566,-0.3034789045151739
2018-07-02,-0.012834400771541965,0.020699867070236178,0.03241369045509344,-0.21924519482654609,-0.2679275019700552
2018-07-03,-0.023966288698701987,0.021119153041774776,0.031649402617772146,0.020053067731220803,-0.26972624798711753
2018-07-04,0.0,0.019156950816299995,0.03158789921852346,-0.09751469066665396,-0.2620016273393002
2018-07-05,-0.03135755242995941,0.019928430995019213,0.03176101490466061,0.03948176844956573,-0.27950819672131144
2018-07-06,0.003407158321614645,0.018557784967062316,0.030979621136611096,-0.07125799248575498,-0.27704918032786885
2018-07-09,0.005652926302788686,0.018533382059763102,0.031002242494570717,-0.0013158333704734021,-0.2729508196721312
2018-07-10,-0.005652926302788686,0.01844022114688325,0.030322035661947706,-0.00503932814533965,-0.27704918032786885
2018-07-11,-0.02875413740901145,0.016774921184008126,0.030465669767887036,-0.09464917257558722,-0.29754098360655734
2018-07-12,-0.014101291240606884,0.016749873433763524,0.029843299372884723,-0.0014942814861703666,-0.3073770491803278
2018-07-13,-0.005934735519813827,0.016027529027748285,0.028852978673445818,-0.0440828671432252,-0.3114754098360656
2018-07-16,-0.010772096981911616,0.014464189019942137,0.02868450933808438,-0.10263186869497777,-0.314921681780709
2018-07-17,0.010772096981911616,0.013749212922434006,0.02877002982549202,-0.05069425544686993,-0.27146574154379877
2018-07-18,0.0,0.013804691783678439,0.028176246393270467,0.004026935313755985,-0.27146574154379877
2018-07-19,0.013010236736015202,0.014400945894718584,0.02826747235950894,0.04228534285922868,-0.2593559617058312
2018-07-20,0.0,0.01431873224514032,0.028274338028183257,-0.00572526032470891,-0.2535087719298246
2018-07-23,-0.013010236736015202,0.014346070670415179,0.02783946808055307,0.001907455255828649,-0.26315789473684215
2018-07-24,0.005934735519813827,0.013920259308097104,0.02737190889867397,-0.030130779322412534,-0.20433145009416198
2018-07-25,-0.016706832501725444,0.012328560736557675,0.026022084198694315,-0.12142660866201016,-0.19787644787644787
2018-07-26,0.007194275634027747,0.012720194985770381,0.024471044066495865,0.031272280112475605,-0.1920849420849421
2018-07-27,0.06139739223671015,0.01974826953878826,0.025821568979539855,0.439874702576928,-0.14092664092664098
2018-07-30,0.06734357206518027,0.02503225649988282,0.026413292219663365,0.23709927708529502,-0.08108108108108103
2018-07-31,0.0431721718652085,0.025961046146065713,0.025664656891242043,0.03643192192313368,-0.04054054054054057
2018-08-01,0.003013563305263034,0.02594180455603132,0.024928861708033455,-0.0007414461148527129,-0.037644787644787625
2018-08-02,-0.07064203114799916,0.02998953155818646,0.02658411926804909,0.14499257766864534,-0.10328185328185324
2018-08-03,0.05037791322894414,0.03182536279442395,0.027367074974146442,0.0594151521061291,-0.056949806949807
2018-08-06,0.0030659196218358886,0.03182831738234868,0.02735463768047286,9.283318703052796e-05,-0.05405405405405406
2018-08-07,-0.006141268022084034,0.03183709419699034,0.026862046828750805,0.0002757168051651461,-0.05984555984555984
2018-08-08,-0.005146691751768628,0.030946474941599418,0.02683112047131095,-0.028372987733892685,-0.06467181467181471
2018-08-09,0.0020618564005587814,0.030599120891391034,0.026824213054809542,-0.011287814206368417,-0.06274131274131278
2018-08-10,-0.0020618564005587814,0.030525458665817243,0.026817069617926945,-0.002410232926429802,-0.06467181467181471
2018-08-13,-0.003100777678247013,0.030336107239106753,0.026653683042472273,-0.006222382635542753,-0.06756756756756754
2018-08-14,-0.009360442759565046,0.030555976034032085,0.02666924821423829,0.007221617866727989,-0.07625482625482627
2018-08-15,-0.005238356661587673,0.030637148996775703,0.026669036209750998,0.0026530099184741305,-0.08108108108108103
2018-08-16,-0.0063224657394869155,0.030717778924105706,0.026573733958305035,0.0026283120262800973,-0.08687258687258692
2018-08-17,-0.005299429466498751,0.030788600717835516,0.026540730625401087,0.0023029091425194634,-0.09169884169884168
2018-08-20,0.0,0.030523759469514286,0.025941783657886266,-0.008639132739704963,-0.09169884169884168
2018-08-21,-0.012834400771541965,0.030802675720999564,0.025815371045390677,0.009096177946507349,-0.10328185328185324
2018-08-22,0.006437790474848271,0.030386534878369696,0.0253693945389435,-0.013601977162203202,-0.09749034749034746
2018-08-23,-0.0032137146030954966,0.0304521801181905,0.025368881503483477,0.0021580088836610197,-0.10038610038610041
2018-08-24,-0.005379249119735974,0.027504658023239384,0.024232057821165328,-0.10180218006628347,-0.10521235521235517
2018-08-27,0.005379249119735974,0.022858618690921196,0.0226284192667489,-0.18502706727329893,-0.10038610038610041
2018-08-28,0.0032137146030954966,0.02040334011273994,0.02262910617681761,-0.11362956071348199,-0.09749034749034746
2018-08-29,0.003203419717538125,0.020406358327263313,0.02217974240557932,0.00014791645932643583,-0.08487804878048777
2018-08-30,0.029413885206293955,0.014320834667088876,0.02250489711728894,-0.35413088011456223,-0.031093279839518595
2018-08-31,-0.003110422414392744,0.00868825430532125,0.021923195391333136,-0.4997429603128054,-0.034102306920762326
2018-09-04,-0.01781084274624689,0.009431559166133124,0.021941705689177866,0.08208929968886837,-0.051153460381143434
2018-09-05,-0.026782532796572056,0.010943715682804694,0.022152018925825693,0.14870381073193908,-0.07622868605817457
2018-09-06,-0.0032626456348161526,0.010930531267108062,0.02165632326074081,-0.0012054728346706726,-0.0792377131394183
2018-09-07,0.006514681021192459,0.011077068256166642,0.021679144774227724,0.013317129055420207,-0.07321965897693083
2018-09-10,0.01503787736454143,0.011750550128933068,0.021472865333291208,0.05902295874785689,-0.05917753259779335
2018-09-11,-0.009641210192386396,0.011884014897015936,0.021289412959059298,0.011294142599732,-0.06820461384152454
2018-09-12,-0.005396667172155034,0.011786628255010706,0.020851071757456645,-0.008228513993935946,-0.07321965897693083
2018-09-13,0.0,0.011763317631215726,0.020848231775652686,-0.0019796743248523194,-0.07321965897693083
2018-09-14,-0.006514681021192459,0.01176754909203934,0.020862834396552125,0.00035965162885620463,-0.0792377131394183
2018-09-17,-0.030975927894305144,0.013479699260718788,0.02122221306500118,0.13583902114436983,-0.10732196589769305
2018-09-18,0.025514417868782502,0.014890743166612309,0.02149890319512716,0.09955489040352601,-0.08425275827482448
2018-09-19,0.017372858218870135,0.015210226292202767,0.021393343875802738,0.021228214010426127,-0.06820461384152454
2018-09-20,-0.00864870255853134,0.015248198322365998,0.02117772195699657,0.002493367623727399,-0.07622868605817457
2018-09-21,0.0,0.015237846750349034,0.02116424694307268,-0.0006791019037780686,-0.07622868605817457
2018-09-24,0.0,0.015196348287630664,0.021154706422006515,-0.002727094382779582,-0.07622868605817457
2018-09-25,-0.006535970979784977,0.01519452431367812,0.021107320946482048,-0.000120034247013463,-0.08224674022066203
2018-09-26,0.0,0.015165468752107988,0.02087647101748977,-0.0019140683752655644,-0.08224674022066203
2018-09-27,0.028019074309858283,0.016491641835923165,0.021184251337331914,0.08383259334851899,-0.056168505516549616
2018-09-28,0.011621895205985666,0.015264779102250752,0.020808179810117074,-0.0773054932129112,-0.04513540621865597
2018-10-01,-0.0063224657394869155,0.015307978529376383,0.020829616267453107,0.002826007920936348,-0.051153460381143434
2018-10-02,0.0031662295580492383,0.014797775210145097,0.02082301316924827,-0.03389729663248902,-0.0481444332998997
2018-10-03,-0.008465659024547989,0.013557474644514362,0.020841691166632023,-0.0875387544953509,-0.056168505516549616
2018-10-04,-0.006396610296693694,0.013628164846698576,0.020496266203328194,0.005200562563512261,-0.06218655967903708
2018-10-05,0.003203419717538125,0.01357660361852725,0.020395204262206347,-0.003790603994301325,-0.05917753259779335
2018-10-08,-0.01503787736454143,0.01357660361852725,0.02048691834902132,0.0,-0.07321965897693083
2018-10-09,0.005396667172155034,0.013474414587131863,0.02042782918877435,-0.007555312052758111,-0.06820461384152454
2018-10-10,-0.005396667172155034,0.013474414587131863,0.020414886338777534,0.0,-0.07321965897693083
2018-10-11,-0.07294314965742821,0.021156441160157594,0.022569310567550693,0.45115146474649476,-0.13841524573721165
2018-10-12,0.016166633855347,0.021597936770887942,0.022602919949900165,0.02065337489246633,-0.12437311935807427
2018-10-15,0.0034305350967898107,0.020556661112271522,0.022606164308513095,-0.049412736672342285,-0.12136409227683054
2018-10-16,0.0034188067487850304,0.019641803582574245,0.02253936234671838,-0.04552487666151909,-0.1183550651955868
2018-10-17,0.003407158321614645,0.019163078252605666,0.022531880707395473,-0.024674698094174424,-0.11534603811434307
2018-10-18,-0.010256500167189486,0.01919315548426972,0.022462632982395567,0.0015683094618782931,-0.12437311935807427
2018-10-19,-0.038533664002242674,0.020778935177831838,0.023011792443692357,0.0793859716669556,-0.15747241725175531
2018-10-22,0.0,0.020778935177831838,0.021557124777026496,0.0,-0.15747241725175531
2018-10-23,-0.0035778213478838694,0.02077497904040377,0.019604130191084642,-0.0001904097657393249,-0.16048144433299905
2018-10-24,0.0,0.02077497904040377,0.018683276933084466,0.0,-0.16048144433299905
2018-10-25,-0.034025153430983224,0.02029745838724447,0.019093144734513963,-0.02325364492080062,-0.17448979591836733
2018-10-26,0.0037014231031857747,0.019978319240389543,0.01695329440228421,-0.015848020161045983,-0.17142857142857149
2018-10-29,-0.01739174271186883,0.020083812720569683,0.015590822800957912,0.005266503113158462,-0.18571428571428572
2018-10-30,-0.007547205635383136,0.019898103090249464,0.015576731488992903,-0.009289743585628243,-0.18685831622176596
2018-10-31,0.06477523554274711,0.025857148594831868,0.017894806739549247,0.2619625832009021,-0.12976313079299695
2018-11-01,0.06749273303500303,0.030556004341184894,0.020033052753380978,0.1669740441698119,-0.06900102986611745
2018-11-02,-0.047574089728483315,0.03219400531055772,0.02090380177233148,0.052219040335654006,-0.1104231166150671
2018-11-05,-0.005817352065912829,0.0320968821553569,0.02090965892378848,-0.003021367496982472,-0.11283643892339545
2018-11-06,0.0,0.032038450472865417,0.020910842434789356,-0.001822136973259945,-0.11283643892339545
2018-11-07,-0.010557282805876866,0.032070771544502566,0.0209185565908224,0.0010083124790894505,-0.12215320910973082
2018-11-08,0.003531492781471357,0.027718411144284683,0.02092629233772827,-0.14584816794185856,-0.11904761904761907
2018-11-09,-0.013010236736015202,0.027564219309495777,0.0209681834979475,-0.0055783227961797395,-0.13043478260869568
2018-11-12,0.0,0.027539790761367387,0.020965128165472125,-0.0008866338704188332,-0.13043478260869568
2018-11-13,0.0,0.027514342698179595,0.020965128165472125,-0.0009244739370637484,-0.13043478260869568
2018-11-14,-0.0035778213478838694,0.027482812496411563,0.020917247641422353,-0.001146611807276124,-0.13354037267080743
2018-11-15,-0.009603915354180259,0.027473652668322482,0.020913494680005022,-0.0003333483990631893,-0.14182194616977228
2018-11-16,0.002409639720152512,0.02614747201207937,0.020920587251313145,-0.04947492890699919,-0.13975155279503104
2018-11-19,0.0,0.02614747201207937,0.02091700139586666,0.0,-0.13975155279503104
2018-11-20,0.0036036075032992443,0.026152848290141112,0.02090789419991483,0.00020559247032087124,-0.1366459627329193
2018-11-21,0.0,0.026152848290141112,0.02089881225435047,0.0,-0.1366459627329193
2018-11-22,0.02369779142982331,0.02539525621717902,0.02114969907559664,-0.029395700922852947,-0.1159420289855072
2018-11-23,0.0035067248092097714,0.02539489211498986,0.020767555923707385,-1.4337506691660819e-05,-0.11007268951194182
2018-11-26,0.0023310033864749613,0.02495284202270456,0.020774484315981407,-0.017560324554534906,-0.09768907563025209
2018-11-27,0.0,0.02483083915003151,0.020670338036615433,-0.0049013277052003205,-0.09768907563025209
2018-11-28,-0.005837728195684733,0.020361482886993246,0.020413242315501873,-0.19844128398400726,-0.1029411764705882
2018-11-29,-0.012964235786714795,0.013081901111830472,0.02046773406367623,-0.44241506867945535,-0.11449579831932777
2018-11-30,-0.007142887512380014,0.008078696520765228,0.020453929102798276,-0.48199866916879236,-0.12079831932773111
2018-12-03,0.0035778213478838694,0.00808584953491358,0.02034870940657366,0.000885024019897188,-0.11764705882352944
2018-12-04,-0.007168489478612372,0.008197218289267665,0.020335139590942058,0.013679283952452857,-0.12394957983193278
2018-12-05,0.007168489478612372,0.008108268498917095,0.02036213269176137,-0.010910506969214183,-0.11764705882352944
2018-12-06,-0.0035778213478838694,0.008079212615002624,0.020362640731741426,-0.003589919767708377,-0.12079831932773111
2018-12-07,0.0,0.007553499490242031,0.020353618269436397,-0.0672833684857866,-0.12079831932773111
2018-12-10,0.0,0.007553499490242031,0.019983804977868017,0.0,-0.12079831932773111
2018-12-11,-0.009603915354180259,0.007841317886409035,0.01970572379567281,0.037395904882628575,-0.1292016806722689
2018-12-12,0.013181736702064129,0.008389355108042935,0.019644632273302477,0.0675566518669613,-0.11764705882352944
2018-12-13,0.0,0.008068656851877217,0.01962434026268895,-0.03897657455110764,-0.11764705882352944
2018-12-14,-0.0035778213478838694,0.008111251819537976,0.019625034881984672,0.005265173527943301,-0.12079831932773111
2018-12-17,-0.0035906681307285027,0.008159228529989378,0.019625566644902982,0.0058974030878736075,-0.12394957983193278
2018-12-18,-0.009638628837768337,0.008400527908787273,0.01964272871885361,0.029144893340978226,-0.13235294117647056
2018-12-19,-0.003638572843909671,0.00842889354101404,0.019642990802585497,0.0033709566858872025,-0.13550420168067223
2018-12-20,-0.003651860418770525,0.006189620296543499,0.01925064745525736,-0.3087913382543284,-0.1386554621848739
2018-12-21,-0.0036652453982952693,0.006058244394330205,0.01916431715157035,-0.021453654146065405,-0.13909378292939933
2018-12-24,-0.01977814779164433,0.007082097000856515,0.019287558678937496,0.1561497575779805,-0.15595363540569018
2018-12-25,0.013639393093319185,0.008029706317763976,0.01938934265811893,0.12557773711151124,-0.13708820403825728
2018-12-26,-0.013639393093319185,0.008366786782414678,0.019427344794391864,0.04112190949735471,-0.14605543710021318
2018-12-27,0.013639393093319185,0.008834988421421178,0.019534363027779885,0.054449818066587774,-0.13432835820895528
2018-12-28,-0.0074165976550499835,0.008843788249075132,0.019531297282747242,0.0009955234561193705,-0.13240043057050577
2019-01-02,-0.041804693919205604,0.012453317278817861,0.020118738949689036,0.3422713879616794,-0.16792249730893438
2019-01-03,0.020487272258451483,0.013585206144529733,0.020318489549488446,0.08699431476412628,-0.14610389610389607
2019-01-04,-0.006357300495466234,0.013399638178068198,0.020321010878314026,-0.013753702036101838,-0.1327433628318584
2019-01-07,0.00381922806699464,0.013497641141196889,0.018123751144449453,0.007287229521334021,-0.12942477876106195
2019-01-08,-0.00381922806699464,0.013478779305544059,0.017977387393185575,-0.0013983934436249106,-0.1327433628318584
2019-01-09,0.00381922806699464,0.013554399202763277,0.017979371214009266,0.005594609489928,-0.12942477876106195
2019-01-10,-0.007653098577716122,0.013511931719235898,0.0179818682018237,-0.00313803057521136,-0.13606194690265483
2019-01-11,-0.0038486256612948466,0.012965233158990133,0.01796948593568237,-0.04130169238979438,-0.13938053097345138
2019-01-14,-0.0038634948250440004,0.0129338497555968,0.017939176620391347,-0.0024235139616604097,-0.14269911504424782
2019-01-15,0.007712120486338847,0.01319815713861917,0.017325190742915855,0.020229306931311395,-0.13606194690265483
2019-01-16,-0.0038486256612948466,0.013198415080194183,0.017327745026408554,1.954355114354756e-05,-0.13938053097345138
2019-01-17,0.0,0.013137354992603939,0.017325852301712647,-0.00463705070796339,-0.13938053097345138
2019-01-18,0.0038486256612948466,0.013224391687528817,0.017337559344834934,0.0066032760427375565,-0.13606194690265483
2019-01-21,-0.007712120486338847,0.013272160292931384,0.01681697655357237,0.003605648095903428,-0.14269911504424782
2019-01-22,0.0038634948250440004,0.01335350576227028,0.0168177110545418,0.00611031935575112,-0.13938053097345138
2019-01-23,-0.006447475590968921,0.01276244371440455,0.01669263214844407,-0.04527214635699425,-0.14491150442477874
2019-01-24,-0.0038885337396923347,0.01223901864428006,0.016673237052212304,-0.04187764198937088,-0.14823008849557517
2019-01-25,-0.011757156986044848,0.012157075152514019,0.014364932892113134,-0.006717774856595737,-0.1581858407079646
2019-01-28,0.0,0.011568762455355744,0.011129423033221588,-0.04960270157763663,-0.11716937354988399
2019-01-29,0.0,0.011546797332882115,0.009460025371332333,-0.0019004610125205044,-0.11408614668218864
2019-01-30,0.003934431304834618,0.007105442744203106,0.009478428194653072,-0.4855464959273878,-0.11059371362048898
2019-01-31,0.011711259420902564,0.005905196424805486,0.009637766134922855,-0.18502807476511243,-0.10011641443538999
2019-02-01,0.0,0.005772639153044467,0.009569809858660154,-0.02270330620314718,-0.10011641443538999
2019-02-11,0.0025839807659249203,0.005728105472886556,0.009562072174179242,-0.007744511637431558,-0.09778812572759021
2019-02-12,0.03299791771501148,0.009421375372298767,0.01043327853156083,0.49759555607017397,-0.06752037252619325
2019-02-13,0.0024937668784019706,0.009405686582527129,0.010441452466700892,-0.001666619759848346,-0.06519208381839359
2019-02-14,-0.010012599292428703,0.009533940940371568,0.01050904249702029,0.0135436858762415,-0.07450523864959258
2019-02-15,-0.0037807228399060477,0.00953217719566974,0.010509945621564551,-0.00018501331462872226,-0.07799767171129224
2019-02-18,-0.010152371464018373,0.009797336704587484,0.010517860998314693,0.027437406889049536,-0.08731082654249123
2019-02-19,-0.003833870510721482,0.00969442482119021,0.010515143125168089,-0.010559613499560605,-0.09080325960419089
2019-02-20,-0.0038486256612948466,0.00969442482119021,0.010520464382947518,0.0,-0.09429569266589055
2019-02-21,-0.006447475590968921,0.009801039214721868,0.01052434652808476,0.010937451583215534,-0.10011641443538999
2019-02-22,0.006447475590968921,0.009876188661832139,0.010570306366821472,0.0076382442250369255,-0.09429569266589055
2019-02-25,0.0038486256612948466,0.009750424606509116,0.010078356474320581,-0.012815827854584846,-0.09080325960419089
2019-02-26,-0.0038486256612948466,0.009758138270113922,0.010061276523035458,0.0007907969590179281,-0.09429569266589055
2019-02-27,0.0038486256612948466,0.009671296327438465,0.010073257233623054,-0.008939264922434468,-0.09080325960419089
2019-02-28,-0.0038486256612948466,0.009670344074461797,0.010075236505112667,-9.846651814271108e-05,-0.08899297423887587
2019-03-01,0.007682496172016329,0.009343158751057238,0.010131043050835863,-0.03441946315003675,-0.06998813760379596
2019-03-04,0.06541505013906779,0.017058710374994925,0.013204873069981422,0.6020160705116658,-0.0035714285714285587
2019-03-05,0.01658805808389907,0.01721763932399828,0.01334557554437645,0.009273449279876729,0.0
2019-03-06,0.00935679341088047,0.01723290031119908,0.0133905833224768,0.0008859646032249414,0.0
2019-03-07,-0.018801963982399528,0.018020324865209873,0.013584450297435803,0.04467988917648524,-0.01862630966239809
2019-03-08,-0.02766261774355705,0.01938077032066244,0.014018012163467273,0.07278103489355482,-0.0454016298020955
2019-03-11,0.016929062100448533,0.019630301180518332,0.0141882207602398,0.012792990579960722,-0.029103608847497076
2019-03-12,0.016647233433156217,0.018661093650485665,0.014351244511744556,-0.050633521529414284,-0.012805587892898762
2019-03-13,-0.013056565302427714,0.01899767825311353,0.01445322675381728,0.01787596194852319,-0.025611175785797413
2019-03-14,0.013056565302427714,0.018925435259050258,0.014494025928811265,-0.003809974269633752,-0.012805587892898762
2019-03-15,-0.009478743954543845,0.01907874738011818,0.014449900101747154,0.008068210465566715,-0.02211874272409775
2019-03-18,-0.0035778213478838694,0.018897030360488867,0.014457280508810384,-0.009570221950868455,-0.025611175785797413
2019-03-19,-0.009603915354180259,0.019054594840112474,0.014502995074097974,0.00830348113237561,-0.03492433061699651
2019-03-20,-0.0036253816143165807,0.01905044763548253,0.014503134940088572,-0.0002176721084751471,-0.038416763678696175
2019-03-21,0.0036253816143165807,0.018920425390506205,0.01445723325963065,-0.006848548601981733,-0.03492433061699651
2019-03-22,0.0,0.01892243636443098,0.014449083276785662,0.0001062801686029473,-0.03492433061699651
2019-03-25,-0.014581060275292046,0.019332196844953603,0.014565870950299303,0.021423597829649914,-0.04889406286379516
2019-03-26,0.0036652453982952693,0.019280316641850974,0.014565870950299303,-0.00268722249680819,-0.0454016298020955
2019-03-27,0.003651860418770525,0.019279711676531183,0.014337257480273683,-3.1377829967722785e-05,-0.04190919674039584
2019-03-28,0.003638572843909671,0.019220115583073044,0.014239139121049729,-0.0030959157140097375,-0.038416763678696175
2019-03-29,0.009638628837768337,0.01925018672414966,0.014170276097024174,0.0015633426182945144,-0.029103608847497076
2019-04-01,0.049132688577644856,0.016643515128414204,0.01540758866238219,-0.145500020501686,0.0
2019-04-02,-0.00917437627604123,0.01647369994847551,0.015426034811850868,-0.010255485876219748,-0.0091324200913242
2019-04-03,-0.0034622077284716113,0.016380105750292882,0.01437094899867423,-0.005697628777612914,-0.01255707762557079
2019-04-04,-0.009291588334098932,0.01592668572849838,0.014230769656831989,-0.02807146700669558,-0.02168949771689499
2019-04-05,0.005817352065912829,0.01446767370627712,0.014205381833998089,-0.0960792257113264,-0.01598173515981738
2019-04-08,-0.005817352065912829,0.014164367813638857,0.014234092110101902,-0.021187244131407434,-0.02168949771689499
2019-04-09,-0.0035067248092097714,0.013729803349565818,0.014232199522692833,-0.03116058277612979,-0.02511415525114158
2019-04-10,-0.012964235786714795,0.013725072118834003,0.014348808567469465,-0.0003446548018435455,-0.03767123287671237
2019-04-11,-0.010733555643108517,0.013596834637393152,0.014386286724710123,-0.009387216668316987,-0.047945205479452024
2019-04-12,-0.0060132472234517564,0.013502603055307892,0.014401598390786644,-0.0069545275001151145,-0.053652968036529636
2019-04-16,0.0060132472234517564,0.013563664884596026,0.014400835179731572,0.0045120286178227005,-0.047945205479452024
2019-04-17,-0.026733062197068946,0.014684556207990735,0.014818281393415898,0.07940176942673387,-0.07305936073059371
2019-04-18,-0.0074165976550499835,0.014744090989403423,0.014843772670017616,0.004046045458402612,-0.07990867579908667
2019-04-19,0.0074165976550499835,0.014833838782257419,0.014869640201926259,0.006068579396481308,-0.07305936073059371
2019-04-22,-0.0037014231031857747,0.014843320158980128,0.01487459964260306,0.000638967542303715,-0.07648401826484019
2019-04-23,0.0037014231031857747,0.014537044794398664,0.014839606192345338,-0.020849724065410975,-0.07305936073059371
2019-04-24,-0.0074165976550499835,0.0145887779849624,0.014871264083517995,0.003552394714177124,-0.07990867579908667
2019-04-25,-0.0037290285598672313,0.014561939901417194,0.014853592778204087,-0.0018413318546306884,-0.08333333333333348
2019-04-26,-0.010012599292428703,0.01464143916271862,0.014906148693111338,0.005444534556371045,-0.09246575342465757
2019-05-02,-0.01393309430392442,0.014611353931192221,0.014939165802076741,-0.0020569127514055577,-0.10502283105022836
2019-05-03,-0.007682496172016329,0.007909643153249957,0.014976367786359754,-0.6137156457359079,-0.11187214611872143
2019-05-06,-0.01423972281113528,0.008097787964657885,0.015094662222116615,0.023508236832212343,-0.12442922374429222
2019-05-07,0.0039037134804740248,0.008390372144553758,0.015094531551763163,0.035493898560752746,-0.12100456621004563
2019-05-08,-0.01834913866819754,0.008821174397549173,0.015202120387314446,0.05007007937516157,-0.136986301369863
2019-05-09,0.0,0.008491382596077323,0.015202120387314446,-0.03810313176094958,-0.136986301369863
2019-05-10,0.0,0.00861689303870754,0.015197267686042322,0.014672729189718571,-0.136986301369863
2019-05-13,0.0,0.008711236569925132,0.014550990055100408,0.010889156149796568,-0.136986301369863
2019-05-14,-0.00796816964917646,0.008574430937617682,0.014571525836172506,-0.015829105870875177,-0.14383561643835618
2019-05-15,0.026317308317374,0.011094690704762995,0.014946499001110837,0.25768178618730936,-0.12100456621004563
2019-05-16,-0.00782272568121023,0.011119390035939715,0.014970477182872014,0.002223753429712993,-0.1278538812785388
2019-05-17,-0.006566011770889446,0.010871267575626105,0.01493881669054959,-0.022567107281289717,-0.13356164383561642
2019-05-20,-0.011928570865274324,0.009737840955687208,0.01500546925276597,-0.1101037742733157,-0.14383561643835618
2019-05-21,-0.006688988150797215,0.00972564366086561,0.015020124269336216,-0.0012533504791258875,-0.1495433789954338
2019-05-22,-0.012154099650683037,0.00950545521807892,0.015074958852720997,-0.02290018242416674,-0.15981735159817356
2019-05-23,-0.02615427812925475,0.010615813408522273,0.01539285973938077,0.11047874312036114,-0.18150684931506844
2019-05-24,-0.008403410796379518,0.010373730849871293,0.015403843350622923,-0.023067967543063127,-0.18835616438356162
2019-05-27,0.0,0.010476611653932762,0.015402186049291507,0.009868570773631732,-0.18835616438356162
2019-05-28,0.05739279799665198,0.017689126926970798,0.017167411088246987,0.5238044525717502,-0.1404109589041096
2019-05-29,0.003976148379639,0.0176827381119394,0.017172100115164693,-0.00036123690291579006,-0.136986301369863
2019-05-30,-0.00796816964917646,0.017529660460653913,0.01716490516421077,-0.008694581163379409,-0.14383561643835618
2019-05-31,-0.038048067637529215,0.019257799508309408,0.015525057124727714,0.09402176704487916,-0.17579908675799083
2019-06-03,-0.015352709089585304,0.01929133138865453,0.015407897276963982,0.0017396953251645208,-0.18835616438356162
2019-06-04,0.008403410796379518,0.019411654137727847,0.015395429196758324,0.006217767074297528,-0.18150684931506844
2019-06-05,0.00278551712142594,0.019137851240810678,0.015271906772730012,-0.014205492730421076,-0.17922374429223742
2019-06-06,-0.011188927917805458,0.01922399281298505,0.014959524057859956,0.004491007884135192,-0.18835616438356162
2019-06-07,0.0,0.01922399281298505,0.01474736234038032,0.0,-0.18835616438356162
2019-06-10,0.011188927917805458,0.019479103335156327,0.014642711587054906,0.013183135741833761,-0.17922374429223742
2019-06-11,-0.006978395381462832,0.019465756503856964,0.014591135783597447,-0.0006854216460323426,-0.18493150684931503
2019-06-12,-0.012685159527315193,0.018352967188200554,0.014499671644234447,-0.05886555292775268,-0.1952054794520548
2019-06-13,0.019663554908778025,0.019097934889799655,0.014767259467364216,0.03978892594194567,-0.17922374429223742
2019-06-14,0.008310297133627742,0.01924233721204021,0.014833417436864765,0.0075327023935016476,-0.17237442922374424
2019-06-17,-0.004146515961847896,0.019115470879627592,0.014805164240481306,-0.006614910245543622,-0.17579908675799083
2019-06-18,-0.015352709089585304,0.019326651408848025,0.014900021941221425,0.010987038756576556,-0.18835616438356162
2019-06-19,-0.024200469296436822,0.019829913231317317,0.015137329567835716,0.025706508408266434,-0.2077625570776256
2019-06-20,0.0,0.019065969767093363,0.015137329567835716,-0.03928648831639601,-0.2077625570776256
2019-06-21,0.004313450253718543,0.019040230778190503,0.015087981169390979,-0.001350907670659189,-0.204337899543379
2019-06-24,0.0,0.019040230778190503,0.01506939738855143,0.0,-0.204337899543379
2019-06-25,0.0,0.013209466864420327,0.015050635413205454,-0.36562015892873834,-0.204337899543379
2019-06-26,-0.011544139746865412,0.013180494397528776,0.015068692736696076,-0.002195718007078807,-0.2134703196347032
2019-06-27,0.0,0.013195018204468431,0.014982558423656056,0.0011013092040101985,-0.2134703196347032
2019-06-28,-0.013148472843505843,0.010793558217814697,0.013366953622453437,-0.20088968612380942,-0.21658986175115202
2019-07-01,0.013148472843505843,0.010956594094389151,0.01353634084263665,0.014991966764404384,-0.20346820809248556
2019-07-02,-0.024982930490509148,0.011862706052894889,0.013808303675826106,0.07945798876444898,-0.2204176334106729
2019-07-03,-0.016504500671462807,0.01212816041835104,0.01388450047584645,0.022130503576467717,-0.2331786542923434
2019-07-04,0.016504500671462807,0.01284837879725745,0.014083976131867897,0.05768753760605106,-0.21586931155192535
2019-07-05,0.011834457647003305,0.013251316915837405,0.014232138700802583,0.030879273957215493,-0.20374707259953162
2019-07-08,-0.011834457647003305,0.013022392982935631,0.014269235972681513,-0.017426511357089204,-0.20284697508896798
2019-07-09,-0.008968669982760247,0.013058890465761593,0.014235950630316293,0.0027987486684831918,-0.20143884892086328
2019-07-10,0.0,0.012895284835416014,0.014216407090287257,-0.012607425928323436,-0.20143884892086328
2019-07-11,0.0,0.0117911413427785,0.014221369623427446,-0.08951313943156237,-0.20143884892086328
2019-07-12,0.0,0.011483264324822632,0.014173231703598039,-0.026457793804873543,-0.17980295566502458
2019-07-15,0.0,0.01152248375877043,0.013855078972236192,0.0034095338002930646,-0.17980295566502458
2019-07-16,-0.0075358306887025606,0.0112477432349526,0.013855687443522379,-0.02413270769994152,-0.18596059113300478
2019-07-17,0.003021150334175715,0.010230585845455423,0.013809580031860709,-0.09478557307666513,-0.18349753694581272
2019-07-18,-0.05582844955294064,0.015718726241360552,0.0153805648223997,0.42947056881859214,-0.2278325123152708
2019-07-19,0.012678458259770764,0.016088658339566197,0.015502380876404315,0.023261802346792853,-0.21215880893300254
2019-07-22,-0.007905179507114113,0.016065287699012963,0.015504281847134585,-0.0014536710426753074,-0.21544209215442078
2019-07-23,0.0,0.016065287699012963,0.01551329033027282,0.0,-0.2075471698113207
2019-07-24,-0.0095694510161497,0.01602932424142896,0.015510505744415376,-0.0022410895817650124,-0.20408163265306123
2019-07-25,0.0,0.01602932424142896,0.015464057596904406,0.0,-0.19794344473007708
2019-07-26,0.0,0.01594498506596611,0.015463207478048368,-0.005275442699712047,-0.18961038961038956
2019-07-29,-0.0048192864359499765,0.015407432079199491,0.015401836345180274,-0.03429434643409069,-0.19350649350649352
2019-07-30,0.0,0.014715967426474394,0.015378175082135268,-0.04591684129009757,-0.19350649350649352
2019-07-31,0.06242275791820795,0.020583989715782004,0.017458429058706464,0.3355802578747646,-0.14155844155844155
2019-08-01,-0.009118604216434179,0.020298088119724365,0.01747829352618008,-0.013986868196574404,-0.14935064935064934
2019-08-02,-0.016936509530898647,0.020339121796633004,0.017575531212947075,0.0020195122029320837,-0.1636363636363637
2019-08-05,-0.01722830396017727,0.020501455272919862,0.017671601767906622,0.007949655139735187,-0.17792207792207793
2019-08-06,-0.014320053774747876,0.020618188089177984,0.017721072298661978,0.005677727894756464,-0.18961038961038956
2019-08-07,0.0,0.020618188089177984,0.01730222803546243,0.0,-0.18324607329842935
2019-08-08,0.036195926131473044,0.022428247548203672,0.01803377130166349,0.08414757331641273,-0.14756258234519104
2019-08-09,-0.049099330967381505,0.02482104001384734,0.01899581259601312,0.10137042250361385,-0.18518518518518523
2019-08-12,0.008084118399958484,0.024953401297713857,0.01902062131950741,0.005318454178136439,-0.1785714285714286
2019-08-13,-0.008084118399958484,0.02495837159614326,0.019025878329887908,0.00019916329018280528,-0.18518518518518523
2019-08-14,0.01290340483590846,0.025191529686319776,0.019100173915970846,0.00929850991427566,-0.17460317460317465
2019-08-15,-0.0048192864359499765,0.02193675636830331,0.01885411164817459,-0.13834415264901107,-0.1785714285714286
2019-08-16,-0.003225809248881717,0.021721838261555396,0.018837990920036674,-0.009845472405746626,-0.18121693121693117
2019-08-19,0.003225809248881717,0.021685614813616444,0.01884929362255525,-0.0016689963170505111,-0.1785714285714286
2019-08-20,-0.008084118399958484,0.02174675438955956,0.01715681962984265,0.0028153927264747414,-0.18518518518518523
2019-08-21,0.0,0.02165623452235266,0.017135720333622328,-0.004171139315817211,-0.17866666666666664
2019-08-22,0.0,0.02165623452235266,0.017130697197000114,0.0,-0.15034482758620693
2019-08-23,0.008084118399958484,0.021744175223784912,0.016569873506045246,0.004052532304445826,-0.14344827586206899
2019-08-26,-0.003225809248881717,0.021729431017414688,0.01648432535944693,-0.0006783058240293617,-0.14620689655172414
2019-08-27,0.0,0.021729431017414688,0.016427363047228853,0.0,-0.14620689655172414
2019-08-28,0.003225809248881717,0.016043839071064034,0.01642983935499896,-0.3033425292596352,-0.14344827586206899
2019-08-29,0.03169837498719197,0.017746487059654294,0.016966993607772877,0.100862607018897,-0.1158620689655172
2019-08-30,0.021605778714581803,0.018024516623817197,0.017231487669183074,0.015545272930885855,-0.096551724137931
2019-09-03,0.009118604216434179,0.017591542273680493,0.01720797500189542,-0.02431461825988829,-0.08827586206896554
2019-09-04,-0.035415556506896095,0.019191610102529854,0.017747336692089343,0.0870549284024445,-0.12
2019-09-05,-0.01739174271186883,0.019633453992594904,0.01780622780367832,0.022761726170996213,-0.1351724137931034
2019-09-06,-0.009615458699443025,0.017804977949283006,0.017603795703733018,-0.09775681702510876,-0.14344827586206899
2019-09-09,0.0,0.013942415385495774,0.01755037368576769,-0.24454226223298225,-0.13988919667590027
2019-09-10,-0.008084118399958484,0.013942415385495774,0.017563685081063724,0.0,-0.13361462728551332
2019-09-11,0.008084118399958484,0.013942415385495774,0.017536902215679325,0.0,-0.10903873744619796
2019-09-12,-0.008084118399958484,0.013740500754099822,0.01731713254004083,-0.014587918789292977,-0.11621233859397417
2019-09-13,0.01769957709940151,0.0142920246563172,0.017501329989022076,0.03935390614270118,-0.1004304160688666
2019-09-16,0.01739174271186883,0.014746927211823404,0.017658133960011542,0.03133304953475439,-0.08464849354375892
2019-09-17,-0.007867861200614001,0.014887028627353869,0.017676205972412845,0.00945552902700953,-0.09182209469153513
2019-09-18,0.007867861200614001,0.014804239713017486,0.01771745212666405,-0.00557666127132079,-0.07402031930333819
2019-09-19,-0.0047132844520980655,0.01487100426854444,0.01767354034799237,0.004499684870052603,-0.07837445573294632
2019-09-20,0.014073727211661335,0.015126139244795654,0.01778494148958573,0.017011016963340866,-0.06531204644412192
2019-09-23,0.007733990599737339,0.015119199316047303,0.017749969662810935,-0.0004589086855218039,-0.05805515239477499
2019-09-24,0.0,0.015075356480903171,0.0176560403811909,-0.002904022646370658,-0.045588235294117596
2019-09-25,-0.007733990599737339,0.015237571239473374,0.017397402294456434,0.010702773516454475,-0.05294117647058827
2019-09-26,0.0,0.015240758931804991,0.017273464730433452,0.0002091774866635728,-0.05294117647058827
2019-09-27,0.012345835822300089,0.013789052095320456,0.017212580886562127,-0.10009832772863007,-0.04117647058823526
2019-09-30,0.013709277925032737,0.013266646080340994,0.017237042796079634,-0.03862185044219735,-0.016369047619047672
2019-10-01,-0.009118604216434179,0.013266646080340994,0.017210245333956944,0.0,-0.016516516516516533
2019-10-02,-0.03416481349107592,0.013095015503167124,0.017721985143140037,-0.013021400149948213,-0.0495495495495496
2019-10-03,0.03873450918114152,0.015118218749272543,0.018444156734121944,0.14366879216933087,-0.012012012012011963
2019-10-04,0.012084739215071139,0.014987657217259413,0.018512251132512637,-0.008673540270817577,0.0
2019-10-07,-0.0045146803545268455,0.015076846656046855,0.018521424017560705,0.005933218886713967,-0.0045045045045044585
2019-10-08,0.0045146803545268455,0.014838705106698064,0.018530903073755715,-0.015921245408894995,0.0
2019-10-09,-0.0075358306887025606,0.015016999420014991,0.018530903073755715,0.011943869103916269,-0.007507507507507505
2019-10-10,-0.026055113747332825,0.016212800689317033,0.01882835891770556,0.07661819303712693,-0.033033033033033066
2019-10-11,-0.014073727211661335,0.01617307505890725,0.017470839783222374,-0.0024532685859774313,-0.04654654654654655
2019-10-14,0.0047132844520980655,0.01572389780477088,0.01740463841927547,-0.028166100241255525,-0.042042042042042094
2019-10-15,-0.027007201411311854,0.016775213940649535,0.017724913803723676,0.0647206882368702,-0.06756756756756754
2019-10-16,0.019139340210697853,0.01726935209121522,0.017900653521967933,0.02903092164815921,-0.0495495495495496
2019-10-17,0.003154576748515936,0.017255375024499538,0.017859733193381806,-0.0008096839888464733,-0.04654654654654655
2019-10-18,0.0,0.016935229692437402,0.017859733193381806,-0.0187276302523987,-0.04654654654654655
2019-10-21,-0.007905179507114113,0.01688611391358361,0.017891049327489385,-0.0029044253775832706,-0.05405405405405406
2019-10-22,0.004750602758598177,0.016941433561702697,0.017888568844005442,0.003270687286289453,-0.0495495495495496
2019-10-23,0.0,0.016873728763668,0.017888568844005442,-0.0040044077157613085,-0.0495495495495496
2019-10-24,-0.004750602758598177,0.01689438875674481,0.015930820320733088,0.001223638445688952,-0.05405405405405406
2019-10-25,0.012618463959212178,0.016905913818744005,0.015985521402602634,0.0006819498494491706,-0.042042042042042094
2019-10-28,0.00936044275956327,0.016732692212981105,0.015885701280291105,-0.01029906136719535,-0.033033033033033066
2019-10-29,-0.004669269183683156,0.01665269518406252,0.01573689048152437,-0.004792344216254492,-0.037537537537537524
2019-10-30,0.0,0.014720469843867422,0.015620964324239105,-0.12333296588808555,-0.037537537537537524
2019-10-31,-0.012559034776494116,0.011937089318863352,0.015710953808214783,-0.20958857052667962,-0.0495495495495496
2019-11-01,-0.004750602758598177,0.011481181223853682,0.014995612263177884,-0.038940989679324675,-0.05405405405405406
2019-11-04,0.004750602758598177,0.011593813182861849,0.013578723995120843,0.009762321403954539,-0.0495495495495496
2019-11-05,0.02496229455991461,0.013039260427136453,0.013910258497163945,0.11749313403788952,-0.02552552552552556
2019-11-06,0.009202518931161308,0.013154133238160828,0.013903519136088978,0.008771178049250462,-0.016516516516516533
2019-11-07,-0.021605778714581803,0.012729165161741135,0.01411588951891157,-0.03284016850902636,-0.037537537537537524
2019-11-08,-0.004691173575880114,0.012359777573566572,0.01411508893725199,-0.02944835035710033,-0.042042042042042094
2019-11-11,-0.022187914975361878,0.013276615822543565,0.014408027357884538,0.07155676685963992,-0.06306306306306309
2019-11-12,0.004796172263493048,0.01183818241037841,0.014415163324570181,-0.11467408237830337,-0.058558558558558516
2019-11-13,-0.012841267948324742,0.011334403539779762,0.014474238859775715,-0.04348740601891545,-0.07057057057057059
2019-11-14,-0.01957648162509784,0.012003331213667581,0.014695054773256961,0.057341501764986584,-0.08858858858858853
2019-11-15,-0.023334392061773457,0.012875025079413807,0.014994182160457878,0.07010512565613791,-0.10960960960960964
2019-11-18,-0.008467451099098966,0.012885940001023537,0.014983317813343609,0.0008473994475601675,-0.11711711711711714
2019-11-19,-0.01025650016718771,0.012820070909428733,0.015029157102521897,-0.005124807947815652,-0.12612612612612617
2019-11-20,-0.008628181223338416,0.01281647106326686,0.015060407423669559,-0.0002808368914183392,-0.13363363363363367
2019-11-21,-0.024562638368410106,0.013569684841585855,0.015347445268544325,0.057107060100885634,-0.15465465465465467
2019-11-22,0.0,0.012956448146517594,0.014713054667835693,-0.0462446234604372,-0.15465465465465467
2019-11-25,0.00884179058146195,0.012924031370668825,0.014453556696549567,-0.0025051133792927194,-0.14714714714714716
2019-11-26,0.010507977598415152,0.013458065487154216,0.014473382589191982,0.040490084811720936,-0.13813813813813813
2019-11-27,0.0,0.013458065487154216,0.013809038694858734,0.0,-0.13813813813813813
2019-11-28,-0.005240186663556301,0.013355706564415532,0.013664271641175688,-0.007634833577857097,-0.1426426426426426
2019-11-29,0.0,0.013405411731643389,0.013624513928724848,0.003714731700551283,-0.1426426426426426
2019-12-02,-0.019452425926814954,0.013578128061430944,0.013820689824303492,0.012801771887190448,-0.15915915915915912
2019-12-03,0.0,0.011568563657051336,0.013797012759727304,-0.16016874967091022,-0.15915915915915912
2019-12-04,-0.0017873105740964235,0.010986056779842615,0.013738447806038303,-0.05166444064775329,-0.16066066066066065
2019-12-05,-0.018051031645569537,0.010779882252222586,0.013875865234211237,-0.01894524325788192,-0.17567567567567566
2019-12-06,0.0,0.010900228702639321,0.013637812737243238,0.011102118044724827,-0.17567567567567566
2019-12-09,0.003636367643384375,0.010595538443602398,0.013416465139874698,-0.028350733559836014,-0.17267267267267272
2019-12-10,-0.003636367643384375,0.010297659062716498,0.013398577313045773,-0.028516389725972785,-0.17567567567567566
2019-12-11,0.0,0.010291142318945934,0.013335003536752292,-0.0006330371095445693,-0.17567567567567566
2019-12-12,0.003636367643384375,0.009983822074090123,0.013355109495351136,-0.030317535941235187,-0.17267267267267272
2019-12-13,0.03565440050309654,0.012602405603454851,0.01407645705048161,0.23292151815902207,-0.1426426426426426
2019-12-16,0.013913267916985106,0.012975765085883884,0.014171205483899538,0.02919565399498666,-0.13063063063063063
2019-12-17,-0.024476746426554286,0.013880902603820397,0.014464784155993626,0.06743053833459477,-0.15165165165165162
2019-12-18,-0.014260491219157956,0.01408908277295091,0.014530652572373372,0.014886233356395339,-0.1636636636636637
2019-12-19,0.005371543801912182,0.013094533259454401,0.014562321325361708,-0.07320533748014178,-0.15915915915915912
2019-12-20,0.0,0.013094533259454401,0.014438141000570703,0.0,-0.15915915915915912
2019-12-23,-0.030827463795260357,0.014564100303207853,0.014730719500602063,0.10636470562530478,-0.18468468468468469
2019-12-24,0.0,0.014266099400060041,0.014716465901803701,-0.020673551560297383,-0.18468468468468469
2019-12-25,0.0018399269220079617,0.014290853907317004,0.014152614684186842,0.0017336930767053987,-0.18318318318318316
2019-12-26,-0.0055299680094620385,0.014293728553505398,0.013078310029409436,0.0002011324944627194,-0.18768768768768773
2019-12-27,0.0018467225931644293,0.014318022241845491,0.012940736289740686,0.0016981608270200783,-0.1861861861861862
2019-12-30,0.0,0.013763385874679481,0.012947468184032848,-0.03950714353673731,-0.1861861861861862
2019-12-31,-0.009267906930780612,0.013861163923452123,0.012927665512760911,0.007079093562050939,-0.18759455370650524
2020-01-02,0.007421184337616182,0.014023972596818457,0.012994289232447625,0.01167721782432491,-0.17404580152671756
2020-01-03,0.0,0.013482374434033679,0.012653162998161539,-0.039384930021835685,-0.17404580152671756
2020-01-06,-0.02811806610877099,0.014803152900657186,0.01298873694844597,0.09345689080202355,-0.19694656488549622
2020-01-07,0.0,0.014750711680050323,0.012954651811472621,-0.003548858391351701,-0.19694656488549622
2020-01-08,-0.019194447256147384,0.015226268145418163,0.012749110619887042,0.03173075146033588,-0.21221374045801522
2020-01-09,0.0,0.015226268145418163,0.012418726190351299,0.0,-0.21221374045801522
2020-01-10,0.00579711768432567,0.015284134196352255,0.01244704103254697,0.0037932034941477338,-0.2076335877862595
2020-01-13,0.0019249284095845809,0.012380521754651565,0.012458329105028908,-0.21069074495221368,-0.20610687022900764
2020-01-14,0.020933209666464947,0.013018416464441188,0.012829583407266736,0.05024055515895482,-0.18931297709923667
2020-01-15,0.0018814680997056854,0.012178281794455662,0.01280610214657359,-0.06671076852554784,-0.1877862595419847
2020-01-16,0.025975486403261527,0.013476035502842333,0.013333891641688928,0.10125869643669931,-0.166412213740458
2020-01-17,0.0,0.013395711694955145,0.013334189350025206,-0.005978322640945578,-0.166412213740458
2020-01-20,-0.0018331810816611949,0.01339286545544318,0.013188307009342383,-0.0002124963473597486,-0.16793893129770987
2020-01-21,0.005489492284771913,0.011517648063409734,0.013138049736054303,-0.15084154163992283,-0.16335877862595416
2020-01-22,0.0,0.011517648063409734,0.01313995819129264,0.0,-0.16335877862595416
2020-01-30,-0.003656311203110718,0.011548476326779751,0.013136114433394215,0.0026730329269125047,-0.166412213740458
2020-01-31,-0.011049836186584727,0.011756295809916585,0.013118297426596629,0.017835386889915452,-0.17557251908396942
2020-02-03,-0.04352626504989132,0.015227735536813395,0.014139030498093032,0.2587293668525594,-0.21068702290076335
2020-02-04,-0.003875973844692737,0.01522076683195306,0.014099639953022911,-0.000457736825295605,-0.2137404580152672
2020-02-05,0.0,0.015146534228041193,0.013607095129271512,-0.00488898916209687,-0.2137404580152672
2020-02-06,0.0436916594980481,0.018207525880850044,0.014840594207548552,0.18406316559508076,-0.16068642745709827
2020-02-07,0.04542106797790524,0.020880541305387447,0.015921088273871044,0.13698259840941363,-0.11755485893416928
2020-02-10,0.06697781716913198,0.02422279112384355,0.018246784491692893,0.14847621859490281,-0.03987240829346095
2020-02-11,-0.004995847193372427,0.02432159666574255,0.018041748494075176,0.00407073369885988,-0.044657097288676284
2020-02-12,0.004995847193372427,0.02356643061932849,0.018042794392412735,-0.031541426110759406,-0.02746365105008075
2020-02-13,0.0,0.02356643061932849,0.017972093964668544,0.0,-0.008237232289950547
2020-02-14,0.022989518224697747,0.02380542486869384,0.018044844071919384,0.010090218072079002,0.0
2020-02-17,-0.004882027597307825,0.023953586044013455,0.017791628260034043,0.006204550125676731,-0.004870129870129913
2020-02-18,0.06627029969904008,0.027151168689826716,0.019666845164975973,0.12530199886616392,0.0
2020-02-19,0.03303603727702331,0.027522231954457535,0.020008273249108848,0.013574016687789544,0.0
2020-02-20,0.02480068759452969,0.027492187313478807,0.020157452363187604,-0.0010922457582214606,0.0
2020-02-21,0.06687728266057569,0.029916953216738318,0.021447686791049404,0.08452342083127684,0.0
2020-02-24,0.018692133012152112,0.029647805506184604,0.021515368738911397,-0.009037204472850027,0.0
2020-02-25,0.003960401216097864,0.02967927573974328,0.021509488002158593,0.0010609059215592688,0.0
2020-02-26,0.02472474678276093,0.029479453780647365,0.02165092130290182,-0.006755474740272578,0.0
2020-02-27,0.014039796667482562,0.029073095798007115,0.02167107594862064,-0.013880330436116238,0.0
2020-02-28,-0.020487272258451483,0.029647282625655767,0.021885131296017348,0.019557262706206113,-0.020278833967046883
2020-03-02,-0.0077922472201663595,0.026676215221334534,0.02193865080665592,-0.10559808258742172,-0.027883396704689534
2020-03-03,-0.04125668263838023,0.02956925224503749,0.022522016436011608,0.10296265653294065,-0.06717363751584282
2020-03-04,0.004067802219326566,0.02945375170218441,0.022514193900782787,-0.0039137503489279765,-0.0633713561470215
2020-03-05,0.004051322219178033,0.028967646314456683,0.022498631573262998,-0.01664172568781483,-0.05956907477820028
2020-03-06,0.0,0.02831903215026725,0.022308866114393196,-0.0226454621997057,-0.05956907477820028
2020-03-09,-0.07120941939971104,0.03135726355687846,0.024378643221865084,0.10191180567617318,-0.12420785804816226
2020-03-10,0.028532606035572172,0.03158357880226209,0.0245862118694743,0.007191392435555107,-0.09885931558935357
2020-03-11,0.0277410299465366,0.031856411869136854,0.024748811630463278,0.008601346250508662,-0.07351077313054499
2020-03-12,-0.01933761915015708,0.03245441046283998,0.024937203538382757,0.01859766745061214,-0.09125475285171103
2020-03-13,0.056925936796009324,0.034084782601077245,0.025840369006672786,0.049014662351001444,-0.03802281368821292
2020-03-16,-0.030771658666754576,0.03517152058096986,0.025942246695391545,0.031385645003537084,-0.06717363751584282
2020-03-17,0.008119124438504599,0.032502755728654444,0.025916364056992075,-0.07891177998518634,-0.05956907477820028
2020-03-18,0.004034975212178438,0.03188522634503161,0.025642819577496305,-0.01918209289777419,-0.055766793409378956
2020-03-19,-0.016238516492908417,0.03184988501326902,0.025668748660981344,-0.001109006434334902,-0.07097591888466415
2020-03-20,0.0,0.028044449656874276,0.025675294618097387,-0.12724298995531155,-0.07097591888466415
2020-03-23,-0.038947899074381453,0.028904939538079395,0.026275975060446013,0.03022174897699532,-0.10646387832699622
2020-03-24,0.0,0.028864734621231566,0.02588514447014072,-0.0013919036243475677,-0.10646387832699622
2020-03-25,0.036215656937509166,0.02956593997683547,0.02620225529277791,0.02400241943888736,-0.07351077313054499
2020-03-26,-0.004112411553093054,0.029288905983665098,0.026225507492486446,-0.009414210183371323,-0.07731305449936632
2020-03-27,0.006844653689965341,0.029117418009055502,0.026191082373300107,-0.005872254816054068,-0.07097591888466415
2020-03-30,-0.02626273954706626,0.029578149037271947,0.026499163160226623,0.01569932304440787,-0.09505703422053235
2020-03-31,0.006978395381462832,0.02828250881016982,0.02649397356308057,-0.04479231470741368,-0.08871989860583018
2020-04-01,0.04221184880930906,0.029894365292602944,0.026864617522819212,0.05542644149626699,-0.049429657794676785
2020-04-03,0.00796816964917646,0.029930017168047766,0.02686534988082298,0.0011918841876882747,-0.041825095057034245
2020-04-06,0.0,0.029930017168047766,0.02686534988082298,0.0,-0.041825095057034245
2020-04-07,0.0,0.024669271905063503,0.02651051624341676,-0.1933034074895499,-0.041825095057034245
2020-04-08,-0.00796816964917646,0.024141906107016744,0.02656122450619781,-0.021609234802019452,-0.049429657794676785
2020-04-09,0.0,0.023411532531657602,0.026368594740219745,-0.03072041596285916,-0.049429657794676785
2020-04-10,-0.03390155167568132,0.02429645222238899,0.026863000166671456,0.03710158086222546,-0.08111533586818753
2020-04-13,-0.015288692515090574,0.020556208483372838,0.02699886104898243,-0.1671672544270668,-0.09505703422053235
2020-04-14,0.0,0.019496868092039807,0.027004102430469013,-0.05290914285596949,-0.09505703422053235
2020-04-15,-0.004210532536342626,0.019370650371198728,0.026952184523659266,-0.006494785597960912,-0.09885931558935357
2020-04-16,-0.024200469296436822,0.019918570564836924,0.027210219318495387,0.027893423521672026,-0.12040557667934093
2020-04-17,0.0,0.01970374892421023,0.027067887729509996,-0.010843566954379588,-0.12040557667934093
2020-04-20,0.01288493130386037,0.02000616199002115,0.02708674087572182,0.01523139957012421,-0.10899873257287707
2020-04-21,-0.004276556767260686,0.01805082917519605,0.027097818313676213,-0.10284865004922007,-0.11280101394169839
2020-04-22,-0.008608374536599683,0.018144287440945896,0.02714727298786487,0.005164145362368223,-0.12040557667934093
2020-04-23,0.004313450253718543,0.015995169940385284,0.027142382398006943,-0.1260688976333223,-0.1166032953105196
2020-04-24,0.004294924282881141,0.01605763721942322,0.027123729489884212,0.003897775245436831,-0.11280101394169839
2020-04-27,-0.008608374536599683,0.015983237425762187,0.027102376834853448,-0.004644060548355712,-0.12040557667934093
2020-04-28,-0.0043321367391353505,0.015006498342233145,0.026396141986712543,-0.06305714134332614,-0.12420785804816226
2020-04-29,0.0,0.01487619521692639,0.02637919974203739,-0.008721025345440855,-0.12420785804816226
2020-05-04,-0.011644964196879215,0.01075940756477258,0.026458577733861514,-0.3239815475355575,-0.13434727503168564
2020-05-05,-0.046450297644136995,0.0138342882474514,0.02676479045129491,0.25136946536314053,-0.17363751584283904
2020-05-06,0.05519670908700469,0.01966509018072312,0.027054330870449426,0.351694611273857,-0.1267427122940431
2020-05-07,0.011544139746865412,0.01997542333011632,0.02576078979383263,0.01565768480228301,-0.1166032953105196
2020-05-08,-0.011544139746865412,0.020028154359222672,0.025806666055535655,0.002636315866218537,-0.1267427122940431
2020-05-11,0.0,0.020028154359222672,0.02580598828998497,0.0,-0.1267427122940431
2020-05-12,0.0,0.018781604706883663,0.02580598828998497,-0.0642610506898106,-0.1267427122940431
2020-05-13,0.0,0.018545334787185563,0.02566310638239169,-0.012659647525988527,-0.1267427122940431
2020-05-14,0.0,0.018545334787185563,0.025649082311673572,0.0,-0.1267427122940431
2020-05-15,-0.004363643287772945,0.01854642158526772,0.02422842125388484,5.860048715675604e-05,-0.13054499366286443
2020-05-18,0.004363643287772945,0.017815211177363205,0.023861224217345833,-0.04022418896443712,-0.1267427122940431
2020-05-19,0.022956531798611124,0.018563553179797226,0.023830287975085077,0.04114747638902251,-0.10646387832699622
2020-05-20,0.03210324538441611,0.019686238766371468,0.022572368279425676,0.05871966924013477,-0.07731305449936632
2020-05-21,0.0,0.01964053875218493,0.022434125524348706,-0.002324116767237989,-0.07731305449936632
2020-05-22,0.06642547598170623,0.024161422258266323,0.024042447877633703,0.20716141044756545,-0.013941698352344711
2020-05-25,0.06590327067705637,0.02764720440159492,0.025302926701400146,0.13476732440128278,0.0
2020-05-26,-0.026830877796955477,0.028767058018605584,0.025498013048599562,0.039706283379495076,-0.026474127557160054
2020-05-27,-0.02503259621261833,0.02946903542537179,0.02556783016470076,0.0241091435193269,-0.05054151624548742
2020-05-28,-0.04670109304598036,0.031719241216726535,0.026261635019949735,0.07358338563535353,-0.09386281588447654
2020-05-29,0.018421573567362515,0.03185509423263177,0.02581067405444895,0.0042738372015661665,-0.07701564380264736
2020-06-01,-0.003919012200736205,0.03168624516262208,0.025813540971189968,-0.005314631888565087,-0.08062575210589651
2020-06-02,0.011711259420902564,0.029231288228612772,0.02585004428707021,-0.08064300338117472,-0.06979542719614917
2020-06-03,0.024282343227003622,0.027392215314204264,0.026028647361786308,-0.0649807669165253,-0.04693140794223827
2020-06-04,-0.010152371464018373,0.027629959280283556,0.02428969684602197,0.008641801636745005,-0.056558363417569146
2020-06-05,0.006357300495466234,0.027324020831797295,0.024048262981326545,-0.011134461863157748,-0.05054151624548742
2020-06-08,-0.014039796667482562,0.02768523707316902,0.023886825793644113,0.013133109429978019,-0.06377858002406744
2020-06-09,-0.010336009330661255,0.027900229568587745,0.023784729530558702,0.007735600801359416,-0.07340553549939832
2020-06-10,0.024375805998143818,0.02817573524125462,0.022844509048070113,0.009826234541665469,-0.05054151624548742
2020-06-11,0.03487277401412925,0.028806304570156285,0.02288623189388273,0.022133108997187866,-0.016847172081829176
2020-06-12,-0.04891257068161181,0.03145550938806235,0.023783555607386438,0.08797984596725725,-0.06377858002406744
2020-06-15,-0.006447475590968921,0.03158303477685153,0.023797808405711062,0.004045953915405317,-0.06979542719614917
2020-06-16,0.01412997176298525,0.03139105701956951,0.02375619574333211,-0.0060970562830290455,-0.056558363417569146
2020-06-17,0.03509131981127034,0.03153208056088121,0.024156710158609766,0.004482412607854037,-0.022864019253911017
2020-06-18,-0.011145626214917215,0.031731516102510855,0.023624462715783716,0.006304925731808809,-0.03369434416365835
2020-06-19,0.031865441188534405,0.02903093600536533,0.0239310562476256,-0.08894833628694133,-0.002406738868832692
2020-06-22,-0.02071981497361719,0.025416532935841205,0.02370733819142959,-0.13296210595988475,-0.022864019253911017
2020-06-23,-0.028734019315804105,0.025521062184879786,0.02402156880595047,0.004104212398633124,-0.05054151624548742
2020-06-24,-0.0654683998976715,0.028884228233507867,0.0255087807295483,0.12379158538708514,-0.1107099879663056
2020-06-25,0.03718888041905366,0.028331712525587992,0.02571028710480876,-0.019313942327231947,-0.07701564380264736
2020-06-26,-0.022413594836899975,0.028475194076130673,0.02587765826586309,0.005051561992268043,-0.09747292418772568
2020-06-29,-0.05340077672711452,0.03078691836085353,0.026219901669866066,0.07805651986606053,-0.14440433212996395
2020-06-30,0.015352709089585304,0.030892787359233863,0.02627945035098756,0.0034328655360469887,-0.13116726835138393
2020-07-01,-0.011142176553242678,0.030229740309046117,0.026313285101225322,-0.021696512512490884,-0.1407942238267148
2020-07-02,-0.012685159527315193,0.030256942752781468,0.026356426545306545,0.0008994520842531958,-0.15162454873646214
2020-07-03,0.03210324538441611,0.03130888585504497,0.026686715950832694,0.03417626865246118,-0.12394705174488563
2020-07-06,-0.008275909303858242,0.031238280562466598,0.02670548848358689,-0.002257665823590803,-0.13116726835138393
2020-07-07,-0.015352709089585304,0.031314123313539166,0.02641968477037683,0.0024249352315369073,-0.14440433212996395
2020-07-08,0.015352709089585304,0.030946844582608456,0.02642168288995025,-0.01179817422339391,-0.13116726835138393
2020-07-09,0.012388320856951296,0.029831976399789288,0.026468569731520453,-0.03669017798809268,-0.12033694344163659
2020-07-10,-0.004112411553093054,0.028033252588240996,0.026468283564822982,-0.06218943228159506,-0.12394705174488563
2020-07-13,-0.01941808585710092,0.02825850980082208,0.026400078168570543,0.008003243292920315,-0.1407942238267148
2020-07-14,0.006978395381462832,0.02806198784778993,0.02641332518948305,-0.006978726717401063,-0.13477737665463296
2020-07-15,-0.011188927917805458,0.026505393359896948,0.026406236816858938,-0.05706765869618965,-0.14440433212996395
2020-07-16,0.0,0.026522870426107927,0.026399751033137887,0.0006591601913542947,-0.14440433212996395
2020-07-17,-0.008474626990972567,0.024973638942696465,0.0263989951660792,-0.0601865460893197,-0.15162454873646214
2020-07-20,0.004246290881450676,0.024933629636647008,0.026398821899598704,-0.0016033455537020223,-0.148014440433213
2020-07-21,0.0,0.024429192496171776,0.02639352065174903,-0.02043864083882466,-0.148014440433213
2020-07-22,-0.004246290881450676,0.019929622575073826,0.02637487743841461,-0.2035715420070447,-0.15162454873646214
2020-07-23,0.0,0.017650531122828918,0.026368016177608013,-0.12144125685669128,-0.15162454873646214
2020-07-24,-0.061422812626407364,0.02150249148728018,0.027547190372217107,0.19740283518471255,-0.20216606498194944
2020-07-27,-0.06866971750126538,0.023450678887922415,0.028882906416708556,0.0867305947332066,-0.25511432009626955
2020-07-28,0.02236514945957957,0.02385036397868652,0.028436205480320262,0.01690002631500415,-0.2382671480144405
2020-07-29,-0.027223458610656337,0.024279554691735886,0.027681120316610325,0.01783513969464523,-0.2587244283995187
2020-07-30,-0.00978800636616306,0.024254878268075028,0.02764292243919328,-0.0010168622198170702,-0.2659446450060169
2020-07-31,0.0,0.02251417720123246,0.02761710194061894,-0.07447252235519748,-0.2659446450060169
2020-08-03,0.0370114649768194,0.024741353911264516,0.028072791977459315,0.09433084246614,-0.2382671480144405
2020-08-04,0.0,0.02469289098978853,0.028072791977459315,-0.0019607022416012,-0.2382671480144405
2020-08-05,0.06424226872835348,0.028950955719603287,0.029324782998545695,0.1590877686490735,-0.18772563176895307
2020-08-06,0.06314866684851772,0.03242167258780546,0.030448938720125465,0.11322385299360735,-0.13477737665463296
2020-08-07,0.06462544364620904,0.035547743443440805,0.0315372271998822,0.09204954532873831,-0.07701564380264736
2020-08-10,-0.04534109948060561,0.03684221943534679,0.03211782334407632,0.03576776628419462,-0.1179302045728039
2020-08-11,-0.010974047031975687,0.036915549964312955,0.03202381910058062,0.0019884151551771345,-0.12755716004813478
2020-08-12,0.023177588312705666,0.037146080602347635,0.031894835583666514,0.006225391435320292,-0.10709987966305656
2020-08-13,0.06521214864704561,0.03972171832235103,0.032976594973283396,0.06703981802786499,-0.04693140794223827
2020-08-14,0.0,0.03961103055065067,0.031852567680659055,-0.0027904696910833926,-0.04693140794223827
2020-08-17,-0.0178348676360347,0.039963310811372124,0.030744527815282533,0.008854172528600884,-0.06151990349819059
2020-08-18,0.0,0.039963310811372124,0.030558468712878824,0.0,-0.06151990349819059
2020-08-19,0.0,0.0399244618400095,0.03039037220830179,-0.0009725885053431253,-0.06151990349819059
2020-08-20,-0.01423972281113528,0.04014331156169245,0.029832957439963656,0.005466624154186204,-0.07478890229191792
2020-08-21,0.01423972281113528,0.03708045214692272,0.02979478039017382,-0.07936588523476311,-0.06151990349819059
2020-08-24,0.0,0.03250469555138749,0.02978980958426372,-0.13170533907750795,-0.06151990349819059
2020-08-25,0.0038486256612948466,0.03244050865632438,0.029756047584666635,-0.0019766477595562913,-0.0579010856453559
2020-08-26,0.06565825251906077,0.03338956312293698,0.03078590931227866,0.02883545200356793,0.0
2020-08-27,0.05935424264918154,0.03424030229746005,0.031659785293845534,0.025160002773249007,0.0
2020-08-28,0.05174516967766252,0.03471209858347243,0.032300930520888955,0.013684904547101969,0.0
2020-08-31,0.06741795527624639,0.03608026050269749,0.033279214500333935,0.038657615853380976,0.0
2020-09-01,-0.014141649814671808,0.03668237284056269,0.03331087158356779,0.016550415746713957,-0.014042126379137376
2020-09-03,-0.02680572869421205,0.03681439855540683,0.03343716424758845,0.0035926971598711733,-0.04012036108324979
2020-09-04,0.04094737850888386,0.03568134853390737,0.033543664482017246,-0.03126092288720582,0.0
2020-09-07,-0.04618573517047153,0.036386111029597074,0.033473472588754646,0.019559029048500962,-0.04513540621865597
2020-09-08,0.0,0.03404076805550249,0.033451783563789604,-0.06662825099872255,-0.04513540621865597
2020-09-09,0.02284626885116836,0.033620879374610516,0.03351771633124125,-0.012411579171861831,-0.02306920762286857
2020-09-10,0.011230337529553935,0.03356958234850694,0.033278645893348016,-0.0015269137757161334,-0.012036108324974926
2020-09-11,-0.016377029281322564,0.031958462159029415,0.033323741741364876,-0.0491833526219688,-0.028084252758274864
2020-09-14,0.022449922439221837,0.0319798453551422,0.03320810724888159,0.0006688694478366184,-0.006018054162487463
2020-09-15,0.017008914301326783,0.031255299805859296,0.03310888920410172,-0.022916908880716222,0.0
2020-09-16,-0.005970166986504211,0.031413597283141685,0.03286155023920862,0.005051876474029557,-0.005952380952380931
2020-09-17,-0.022200709980191746,0.03226488485914036,0.031768197959700255,0.026738640706232837,-0.02777777777777779
2020-09-18,-0.009226103373293881,0.0320729433170684,0.031527975965583266,-0.005966693539249389,-0.03670634920634919
2020-09-21,0.026424301670513017,0.032237188626552414,0.03146668255468771,0.005107923449989741,-0.010912698412698374
2020-09-22,-0.006036235631849962,0.03238730899344731,0.030564442525498278,0.004645934467251944,-0.016865079365079416
2020-09-23,-0.014227882287205063,0.0328781885943886,0.030641853276839916,0.015042824317365703,-0.030753968253968256
2020-09-24,-0.0030753484002481457,0.03038333256057373,0.03058729161754465,-0.07891526526115583,-0.03373015873015872
2020-09-25,-0.011357891844408385,0.028091160253438198,0.030574632972051128,-0.07843921504654044,-0.044642857142857095
2020-09-28,0.006211200092639757,0.02578770399691219,0.030370487094515546,-0.08555712426664175,-0.038690476190476164
2020-09-29,-0.01246122043781206,0.020821495779891053,0.030405735679607256,-0.2139117925439365,-0.05059523809523814
2020-09-30,-0.014737108819495859,0.020840117162399502,0.030398958853295736,0.0008939344155952227,-0.06448412698412698
2020-10-01,0.014737108819495859,0.02030922118343071,0.030395408431907744,-0.02580479792339567,-0.05059523809523814
2020-10-02,-0.00839459284302535,0.017930971018821396,0.03042467108057352,-0.12454552084383978,-0.058531746031746046
2020-10-05,0.00839459284302535,0.014808570163503322,0.030408550645858626,-0.1913232463793427,-0.05059523809523814
2020-10-06,0.017607912189580688,0.01530719515395036,0.03028919603417863,0.03311688908020382,-0.03373015873015872
2020-10-07,0.017303230687453208,0.014939300956580574,0.03032891546240374,-0.02432758471248867,-0.016865079365079416
2020-10-08,-0.006072893157899273,0.014807894744012324,0.03028880165445072,-0.008834915417995148,-0.022817460317460347
2020-10-09,-0.005089069507469901,0.014359155939903707,0.03031139010000125,-0.030772662758443103,-0.02777777777777779
2020-10-12,-0.023749180211664722,0.014369151674344062,0.03049304845384545,0.0006958800371496309,-0.05059523809523814
2020-10-13,-0.011560822401074589,0.013816038767136196,0.030568682375881215,-0.03925348919486115,-0.06150793650793651
2020-10-14,0.04748053823299436,0.01783254729546908,0.031052275430620932,0.255194977548952,-0.015873015873015928
2020-10-15,0.0,0.017086078847464107,0.0310342385443724,-0.04276123341371125,-0.015873015873015928
2020-10-16,-0.01728563628702595,0.017421978006239,0.031167918598062734,0.01946847223891365,-0.03273809523809523
2020-10-19,0.007153837356618453,0.016398442254083462,0.02990770275358319,-0.06054613134471077,-0.025793650793650813
2020-10-20,-0.01642747414194723,0.01673562788738829,0.028403437696161084,0.02035349527503573,-0.04166666666666663
2020-10-21,-0.02728395894846969,0.017504350000113737,0.02868243731312345,0.04490954186157814,-0.06746031746031744
2020-10-22,-0.006403437035206849,0.017531605837342708,0.028390884998946847,0.0015558774702737605,-0.07341269841269837
2020-10-23,0.016985546365743787,0.01788557819771995,0.028333902149100032,0.019989389705135342,-0.05753968253968256
2020-10-26,-0.0245084190287308,0.018568692868312163,0.02861739199056697,0.03748226206176443,-0.0803571428571429
2020-10-27,-0.020709186964561255,0.018896908827654733,0.028560681473569945,0.01752136178441034,-0.09920634920634919
2020-10-28,-0.0290523225945023,0.019636351300587884,0.028908501647899803,0.03838413215047928,-0.125
2020-10-29,0.02131320160154715,0.02000661022846541,0.027945933974905506,0.018680214270822393,-0.1061507936507936
2020-10-30,0.007739120992955151,0.020103309306137723,0.02688074838478249,0.004821710834760968,-0.09920634920634919
2020-11-02,-0.014420660326438295,0.0201173073956098,0.025767607674097123,0.0006960650643627874,-0.11210317460317465
2020-11-03,0.006681539333483144,0.019661431262950353,0.024991623908684493,-0.022921584664729214,-0.1061507936507936
2020-11-04,0.007739120992955151,0.019230286011559312,0.0249253805743723,-0.022172468740434423,-0.09920634920634919
2020-11-05,0.006586192852855888,0.019379164891805342,0.024797917601543654,0.0077120776149996045,-0.09325396825396826
2020-11-06,-0.006586192852855888,0.019387537648275388,0.023464743484058956,0.0004319558658370183,-0.09920634920634919
2020-11-09,0.0,0.01882139973164494,0.023464743484058956,-0.02963594878942737,-0.09920634920634919
2020-11-10,0.031438903637127424,0.020155921436329518,0.023610690588795842,0.06850357177148086,-0.07043650793650791
2020-11-11,0.009559286813457746,0.016932978701127217,0.02362167241749971,-0.1742348957483381,-0.06150793650793651
2020-11-12,0.04039907212020921,0.019453165527501405,0.0240981804566546,0.13874660951984663,-0.022817460317460347
2020-11-13,0.007081466112785151,0.019096719157804577,0.0239826032724158,-0.018493250827985527,-0.015873015873015928
2020-11-16,-0.04010820363067147,0.021096906730057638,0.024618247673486762,0.09960983116150539,-0.05456349206349209
2020-11-17,0.006276171229236738,0.02086084598261511,0.02461696996498164,-0.011252419895032357,-0.04861111111111116
2020-11-18,0.013464729577000512,0.020068068762683685,0.024650650053486794,-0.03874405196770994,-0.0357142857142857
2020-11-19,0.06762018767497935,0.024774275979669996,0.024735457997276764,0.21067582820158404,0.0
2020-11-20,0.0,0.024646116270464605,0.023633437294628502,-0.005186520737541395,0.0
2020-11-23,-0.031252543504104224,0.025106109952434702,0.02313727133026107,0.0184919003557063,-0.03076923076923077
2020-11-24,-0.02919180610080474,0.025615343428836562,0.02178031023286925,0.02008027580134705,-0.05865384615384617
2020-11-25,-0.004094171532662116,0.02451685434996689,0.021710627032895762,-0.04383069345752249,-0.0625
2020-11-26,0.0,0.024232575596142246,0.0214264634944483,-0.011662981902491425,-0.0625
2020-11-27,0.004094171532662116,0.024216252738559985,0.020759656213712795,-0.0006738182128536151,-0.05865384615384617
2020-11-30,0.0061099986415786844,0.023836993103917965,0.019879818947800845,-0.01578529588556011,-0.05288461538461542
2020-12-01,-0.0061099986415786844,0.023954909800858872,0.019898417887769967,0.0049345968544017415,-0.05865384615384617
2020-12-02,0.03216357648996215,0.024756607731422773,0.020111252449708156,0.03291911394072803,-0.027884615384615397
2020-12-03,-0.006947918768796413,0.02490620837614596,0.020085631734022613,0.006024669912086164,-0.0346153846153846
2020-12-04,0.0,0.024792467973302437,0.01996582526106874,-0.004577206638309774,-0.0346153846153846
2020-12-07,-0.00599402394021098,0.024892438605271173,0.019774792969920137,0.004024188974971152,-0.04038461538461535
2020-12-08,0.003001503003755346,0.02408533655679188,0.019654311640091668,-0.032960859726463114,-0.03749999999999998
2020-12-09,0.015857616733340407,0.02421227602013223,0.01974591852091364,0.005256562231345666,-0.022115384615384648
2020-12-10,-0.03197075487647183,0.023830945851759523,0.019973152524306214,-0.015874789531215655,-0.05288461538461542
2020-12-11,0.013111635139376077,0.02396303654688275,0.02000481762182691,0.005527514952184413,-0.04038461538461535
2020-12-14,-0.006030169026590926,0.0220757010705959,0.01972763958408855,-0.08203495898683474,-0.0461538461538461
2020-12-15,-0.026559273072354728,0.022945230426011043,0.020008517486088673,0.038632568603914105,-0.07115384615384612
2020-12-16,0.013367808317990892,0.02294232787964943,0.020003043052604728,-0.0001265068444513391,-0.05865384615384617
2020-12-17,-0.007175838070070384,0.01662846446143403,0.020020843510118343,-0.3218674644412662,-0.06538461538461537
2020-12-18,-0.01974090080623725,0.016998978980528955,0.02013015789303456,0.022037315686149913,-0.08365384615384619
2020-12-21,0.026916738876307633,0.017132793592449416,0.02041691021952838,0.00784109403227128,-0.05865384615384617
2020-12-22,0.0,0.015840597814164928,0.020349500658392937,-0.07841820682992164,-0.05865384615384617
2020-12-23,-0.007175838070070384,0.015897404324918863,0.020277589432798202,0.003579717171198811,-0.06538461538461537
2020-12-24,-0.01974090080623725,0.016489161256948465,0.020355808181151038,0.03654740307032232,-0.08365384615384619
2020-12-25,0.01974090080623725,0.017110117214378353,0.020484448582665685,0.036966644967804836,-0.06538461538461537
2020-12-28,0.007175838070070384,0.017132970227856505,0.020476988717099753,0.0013347513457732712,-0.05865384615384617
2020-12-29,0.05755556569901721,0.0213846725905567,0.021661830809015205,0.2216696246364762,-0.0028846153846153744
2020-12-30,0.06532172447911044,0.02478899959255248,0.023111240255364745,0.14772549440715563,0.0
2020-12-31,0.011675031580502093,0.024684484675060417,0.02312175808926606,-0.004225092785216154,0.0
2021-01-04,0.06732481438625548,0.02823495773638702,0.024581799928609715,0.13438589987264185,0.0
2021-01-05,-0.024504817203325757,0.02903852577943248,0.02459610707487017,0.028062567424364564,-0.024207011686143587
2021-01-06,0.029500664396696408,0.029405126171615153,0.024745414037570936,0.012545590934236453,0.0
2021-01-07,0.05729683172376099,0.03129569962003677,0.025067976828550328,0.06231165650727221,0.0
2021-01-08,-0.010248414491368152,0.030067629869003354,0.025131795462173277,-0.040031509283189735,-0.010196078431372602
2021-01-11,-0.02081740508352148,0.03096846923216175,0.02518660014037544,0.029520382206572163,-0.030588235294117694
2021-01-12,0.03809984623226903,0.03128466489025045,0.02556722837989444,0.010158469291369779,0.0
2021-01-13,0.05160477235300398,0.03097649568784349,0.02612722328958176,-0.009899321412424581,0.0
2021-01-14,-0.009661910911736626,0.031534161178717234,0.025848833019830555,0.017842721075519107,-0.009615384615384581
2021-01-15,-0.024188632066950433,0.032400080125073026,0.026093095325645986,0.027089447246133377,-0.03328402366863903
2021-01-18,0.009897301956193871,0.03139911433034392,0.02605669492830089,-0.03138119947579417,-0.023668639053254448
2021-01-19,0.029117398570727815,0.031442145534866434,0.02592995738799135,0.0013695205234694817,0.0
2021-01-20,-0.009611903946471045,0.03177766125446635,0.025772589344104486,0.010614355865690508,-0.009565857247976428
2021-01-21,0.01840316935764008,0.03131059140688105,0.02538642657571935,-0.01480713805143301,0.0
2021-01-22,0.005092772011289881,0.030242857455885508,0.02532151348676266,-0.03469637320187735,0.0
2021-01-25,-0.013884037422458917,0.031089436688640087,0.025465459283881813,0.027608056735175364,-0.013788098693759077
2021-01-26,0.004405293467915072,0.03114050753273742,0.025316094266801085,0.00164135898845492,-0.009433962264150941
2021-01-27,-0.014017197414386118,0.03028941129003064,0.025461600497244073,-0.0277112666039422,-0.023222060957910018
2021-01-28,-0.07239495854462952,0.03328430362999402,0.027431135453667974,0.09428770462720616,-0.09143686502177073
2021-01-29,0.05288946392037275,0.03488160976677111,0.028109324355675043,0.04687381239065537,-0.0420899854862119
2021-02-01,-0.019893540519570152,0.032471527392717546,0.02826340284057875,-0.07159610313896247,-0.06095791001451378
2021-02-02,0.05341623255821304,0.03354664703738065,0.028908200818529628,0.03257328415135095,-0.009433962264150941
2021-02-03,0.06591120494954339,0.0357075106988396,0.029736982134271273,0.062424113189661276,0.0
2021-02-04,0.013624188939544979,0.03392622972937095,0.0297466856845538,-0.05117258214023854,0.0
2021-02-05,0.014775285582153685,0.033702297854049615,0.029447870512955686,-0.006622430962365938,0.0
2021-02-08,0.001998002662672249,0.03303226294579439,0.02945497232985595,-0.020081265707868994,0.0
2021-02-09,0.017150816176087602,0.03241329610637228,0.02882617076080268,-0.018916030834820685,0.0
2021-02-17,-0.012504276120091973,0.03109339038309933,0.028945588505495584,-0.04157343045180423,-0.012426422498364897
2021-02-18,-0.02412985705968751,0.03162903187759508,0.029221327353550545,0.017080154952282267,-0.03597122302158273
2021-02-19,-0.0261183231411124,0.03172492310197433,0.028416850654584262,0.0030271596261056298,-0.06082406801831264
2021-02-22,-0.004886571678301976,0.031769808774690975,0.028439516803710672,0.001413839061244541,-0.065402223675605
2021-02-23,-0.038521167829195235,0.032542335750356824,0.028612794060494797,0.024025443428106592,-0.1007194244604317
2021-02-24,-0.05071929647644957,0.03446184060458405,0.02918038226200099,0.057310745231965776,-0.145192936559843
2021-02-25,0.03385054297868706,0.03509792455075861,0.029394397917808537,0.01828935139793799,-0.11576193590582085
2021-02-26,0.025558163711922433,0.03557077745037557,0.02949910618614852,0.013382439730881185,-0.09287115761935905
2021-03-01,0.014316636799556193,0.035536786797601465,0.029518164537702174,-0.0009560345980683453,-0.07979071288423811
2021-03-02,-0.014316636799556193,0.03570892566501377,0.029634961840623628,0.004832267040488049,-0.09287115761935905
2021-03-03,0.009329095288517664,0.03558044264730583,0.029597645403042532,-0.0036045520900761085,-0.08436886854153036
2021-03-04,-0.025317807984290397,0.03175345862359628,0.029665366797571983,-0.11379443675703704,-0.10725964682799216
2021-03-05,-0.007352974305257831,0.029694268206932637,0.029668178644149414,-0.06704759307540165,-0.11379986919555263
2021-03-08,-0.011878387622628495,0.02944611251080526,0.029741627943926274,-0.008392136324366433,-0.12426422498364942
2021-03-09,0.0,0.02681421598821326,0.02971481555697351,-0.09362967082190189,-0.12426422498364942
2021-03-10,0.06784708213699808,0.027070586672673733,0.03080393324232512,0.009515578088502572,-0.06278613472858074
2021-03-11,0.015235751777421314,0.027118340677116527,0.03080065772564427,0.001762500256610952,-0.04839764551994763
2021-03-12,-0.015235751777421314,0.027042267592093862,0.03052581413552298,-0.0028091673778816956,-0.06278613472858074
2021-03-15,0.02413078134629032,0.02767227924636369,0.030600862313926277,0.023030046148690142,-0.039895356442119057
2021-03-16,-0.008895029568869006,0.027375582468695106,0.03062286379828481,-0.010779693658586031,-0.04839764551994763
2021-03-17,-0.008974861760698616,0.0273188819477251,0.030385464422950464,-0.002073354996834151,-0.056899934597776314
2021-03-18,0.015824203606273457,0.02709879269232404,0.03039628492397307,-0.00808892978310174,-0.04185742315238716
2021-03-19,-0.03401924719750227,0.027548740468786848,0.030799127267649152,0.01646763372080478,-0.07390451275343357
2021-03-22,-0.008510689667909688,0.027589607571899204,0.03067223521564578,0.001482347484985186,-0.08175277959450622
2021-03-23,-0.01651743117646376,0.0264237882401682,0.030693736556893347,-0.0431744744375685,-0.09679529103989537
2021-03-24,-0.03537583323058335,0.025054326025190962,0.031142236428021934,-0.05321814521311241,-0.12818835840418574
2021-03-25,0.011931536029047507,0.02399815907986559,0.03111179728344308,-0.04306936827078822,-0.11772400261608895
2021-03-26,-0.027048981904959746,0.023919477961533736,0.031226235702001216,-0.0032840165359911285,-0.1412688031393068
2021-03-29,0.06701071028295935,0.02838294240404084,0.03217751434531579,0.1710951749082496,-0.08175277959450622
2021-03-30,0.004264398786459012,0.028196826347452273,0.032178103791446915,-0.0065789120810061255,-0.0778286461739699
2021-03-31,-0.016446563057382235,0.028376036585445522,0.0315843945115468,0.00633557379976996,-0.09287115761935905
2021-04-01,-0.00868941021415992,0.027848265232300017,0.030612834050951495,-0.01877432535201142,-0.1007194244604317
2021-04-02,-0.007299302481612813,0.027847484926012696,0.03062614513318975,-2.8020306933649306e-05,-0.10725964682799216
2021-04-05,-0.019231361927886326,0.028065354572225663,0.029579769091216963,0.0077932250594261706,-0.12426422498364942
2021-04-06,0.019231361927886326,0.028392893324647554,0.029457830560560734,0.01160299241586059,-0.10725964682799216
2021-04-07,0.018868484304382704,0.024109412818793582,0.02932484470794681,-0.1635364785939992,-0.0902550686723349
2021-04-08,-0.007215038514150507,0.023810605550191873,0.028447713451159175,-0.01247123965666755,-0.09679529103989537
2021-04-09,-0.004354143308619385,0.02363055961500339,0.028417209597176,-0.007590316261061497,-0.1007194244604317
2021-04-12,-0.02131649989599893,0.023159308134181864,0.028423904244198883,-0.02014398575244062,-0.11968606932635706
2021-04-13,-0.0074571561080816195,0.023146646097870587,0.028033294396129987,-0.0005468856594359652,-0.12622629169391764
2021-04-14,0.03746306621824047,0.024911339490591006,0.027654613090847623,0.07347317737641686,-0.09287115761935905
2021-04-15,0.005034171005636523,0.02462142618324984,0.02762882015910455,-0.011706049397240513,-0.08829300196206669
2021-04-16,-0.02542817716932433,0.024111963907839675,0.027648180249814667,-0.020908893301727252,-0.11118378024852849
2021-04-19,-0.014826068459971253,0.024241968420126547,0.027692228364415837,0.005377216102449303,-0.12426422498364942
2021-04-20,0.03305479048644244,0.025233326373489153,0.02776639030395021,0.0400802163944569,-0.09483322432962715
2021-04-22,0.022858138076049528,0.02426448877525106,0.02788602039441863,-0.03915166589791593,-0.07390451275343357
2021-04-23,0.027169905351927426,0.024792538063237977,0.028002302761526352,0.021528800337222705,-0.04839764551994763
2021-04-26,0.026451186087170342,0.024169299417561473,0.028190453436477973,-0.02545950427321499,-0.022890778286461688
2021-04-27,-0.010767264184615044,0.019770283138244093,0.028164771485450886,-0.20090315792289196,-0.03335513407455859
2021-04-28,0.04433408782369774,0.021870009550535724,0.02870357506159765,0.10093626413116007,0.0
2021-04-29,-0.04230637506404733,0.023852617218846923,0.029200253415328652,0.08677763856274459,-0.04142394822006468
2021-05-04,-0.008816605093336705,0.02385599290796699,0.027578364241115313,0.00014151272491903116,-0.049838187702265335
2021-05-05,-0.03818582648993463,0.02551818944983624,0.02727114380640976,0.06735602159495725,-0.08543689320388348
2021-05-06,-0.006389798098771493,0.025121535636242184,0.027150114136128146,-0.01566603170172248,-0.09126213592233012
2021-05-07,0.033616610798985036,0.025825767092226913,0.026621861951732884,0.027647235436810257,-0.060194174757281504
2021-05-10,-0.006910877539846538,0.025639433676892927,0.025237771208701038,-0.00724117090109016,-0.06666666666666665
2021-05-11,0.006910877539846538,0.025572489558480266,0.02519035392191685,-0.0026143962643874214,-0.060194174757281504
2021-05-12,0.03252319170556106,0.026368855012641013,0.02547294365530681,0.030666420499818013,-0.029126213592232997
2021-05-13,-0.01748531434101963,0.026185861247770347,0.025571037042992906,-0.006963958624512928,-0.04595469255663431
2021-05-14,-0.044390089377067454,0.028294005563944267,0.02608721973648505,0.07743031815699183,-0.08737864077669899
2021-05-17,-0.03243527575315497,0.02808966892748346,0.02635715534522728,-0.007248107200951261,-0.11650485436893199
2021-05-18,0.0043859719432539634,0.02808295698356169,0.02620217146213047,-0.00023897553141230397,-0.11262135922330097
2021-05-19,-0.03790866398189685,0.028788082140536148,0.0264353343399483,0.024798598914667645,-0.1456310679611651
2021-05-20,-0.03468555798789019,0.029604453600599892,0.026779555676706368,0.02796331298059112,-0.1747572815533981
2021-05-21,0.020187020919978593,0.028924261461378976,0.02648980299679835,-0.02324406167689068,-0.15792880258899678
2021-05-24,0.002303263974093639,0.02831236442893793,0.025672198939403573,-0.021382117549498286,-0.15598705501618126
2021-05-25,0.016730428259208452,0.027796670709348267,0.025382663814878376,-0.018382353428754012,-0.14174757281553396
2021-05-26,-0.014432457121584363,0.026877833182945118,0.02521602763490671,-0.033614340917733694,-0.15404530744336564
2021-05-27,-0.01231732277758013,0.02689245144460344,0.02517640121698294,0.0005437299312223853,-0.16440129449838192
2021-05-28,0.016897483456153495,0.02476426522008423,0.025228133527852407,-0.08244390432506658,-0.15016181229773462
2021-05-31,-0.014576399241949645,0.023494114390571048,0.02525238343885542,-0.05265173535681332,-0.1624595469255663
2021-06-01,-0.01479201746832004,0.023559694691659274,0.025118998054918597,0.0027874604396809295,-0.1747572815533981
2021-06-02,0.010144449071772144,0.022659173800780197,0.02514716110048242,-0.03897258882685133,-0.16634304207119743
2021-06-03,0.014643806959924177,0.02305786609646914,0.025183010234394978,0.017442171668900285,-0.15404530744336564
2021-06-04,-0.0022979711376240886,0.021343351312072077,0.025184134128955527,-0.07726666148636047,-0.15598705501618126
2021-06-07,-0.005382558170154539,0.021340299709409174,0.023539332989481722,-0.00014298688913449073,-0.1605177993527508
2021-06-08,-0.010073700066538294,0.021166081565618153,0.023458026478832612,-0.008197312128361332,-0.16893203883495145
2021-06-09,-0.00938974034983886,0.019110844420781918,0.02341457399724026,-0.10214397881682835,-0.1766990291262136
2021-06-10,0.01482664694657565,0.019646742764453846,0.023269032376159647,0.02765560302569165,-0.16440129449838192
2021-06-11,0.0,0.01755193559115156,0.023253605344980603,-0.11274726727996215,-0.16440129449838192
2021-06-14,0.0,0.01627830196647658,0.023236793350064983,-0.07533113602644287,-0.16440129449838192
2021-06-15,-0.0023264841823440463,0.01619159736501841,0.02312074338373724,-0.005340623526479476,-0.16634304207119743
2021-06-16,0.02454110891611805,0.015116019052782587,0.02298809911367613,-0.06873733663493639,-0.1456310679611651
2021-06-17,0.058840500022933284,0.01801044571432303,0.02423419990390536,0.17519675479849453,-0.09385113268608414
2021-06-18,-0.0136643621940582,0.018066614685132775,0.024204116186629532,0.003113833800970657,-0.10614886731391582
2021-06-21,-0.002174701835688353,0.018103202053315153,0.02375704106679973,0.002023087962820419,-0.10809061488673144
2021-06-22,0.018692133012152112,0.018187996034044897,0.02382784781413965,0.004672983685906453,-0.09126213592233012
2021-06-23,0.0204448432424158,0.018114812448406913,0.02367996322685786,-0.004031844780982156,-0.0724919093851133
2021-06-24,-0.025443068571210148,0.018977278585075974,0.022310471618246952,0.04651240361161708,-0.09579288025889965
2021-06-25,0.004998225328794348,0.018734824943765244,0.022313096379080303,-0.012858304393397899,-0.09126213592233012
2021-06-28,-0.009302392662313252,0.018504921809326186,0.022243182871492104,-0.01234734131471356,-0.09967637540453078
2021-06-29,0.026951986006425344,0.018673007288358082,0.02248053864538197,0.00904227523952367,-0.07508090614886731
2021-06-30,-0.02264781867290644,0.01967514603423108,0.022659052941864252,0.05227716877112894,-0.09579288025889965
2021-07-01,0.0,0.019532582784578936,0.022512393589204312,-0.007272229711652196,-0.09579288025889965
2021-07-02,-0.03718984905228773,0.021518902711945533,0.0229005207827378,0.09684771433542486,-0.12880258899676378
2021-07-05,-0.005214164513500208,0.021516065778457695,0.02277072402289551,-0.00013184311609984898,-0.1333333333333333
2021-07-06,-0.05448221069400283,0.024821078587301468,0.023796750770917363,0.1428932717303082,-0.17928802588996762
2021-07-07,0.005505322595356077,0.02476771938821995,0.023810203311837034,-0.0021520666091213317,-0.1747572815533981
2021-07-08,-0.04163932190535391,0.026180792178635063,0.02424103069527673,0.055484829423066324,-0.20841423948220061
2021-07-09,-0.02903563576458268,0.02682010820061737,0.024488252426979298,0.02412588411819388,-0.23106796116504857
2021-07-12,-0.038614836127779384,0.027874275699258398,0.024381924182021623,0.03855231928756466,-0.26019417475728157
2021-07-13,0.0026212334798749737,0.02793131404392704,0.024370058021342362,0.0020441803178276293,-0.25825242718446606
2021-07-14,-0.028320476787456528,0.027401096507022615,0.024417455221752937,-0.019165388584455795,-0.2789644012944984
2021-07-15,0.030934857361526014,0.02433096203392432,0.02476396962209612,-0.11883328797672817,-0.25631067961165044
2021-07-16,-0.002614380574069486,0.024365916059464744,0.02431887687187937,0.001435575279410297,-0.25825242718446606
2021-07-19,-0.04005876055200552,0.02523763063258717,0.0245341494936766,0.03515087264014504,-0.28737864077669906
2021-07-20,0.009041652916950582,0.02472261959565694,0.024251356603722546,-0.020617553828552834,-0.2809061488673139
2021-07-21,0.0026966308475984135,0.023809614991510224,0.02392933879761854,-0.03762909182771883,-0.2789644012944984
2021-07-22,0.025699243307581554,0.025069600017319473,0.024238678883242243,0.05156644596492356,-0.26019417475728157
2021-07-23,0.02931244346546613,0.02639159075314532,0.02380163243656575,0.05138944994273324,-0.21533333333333338
2021-07-26,-0.005965079468474244,0.02639891509718773,0.023280837809097964,0.00027748706690927004,-0.21999999999999997
2021-07-27,-0.01637261906991938,0.02506765056010259,0.023328115413164357,-0.05174470180199821,-0.2326666666666667
2021-07-28,-0.02284809408336308,0.025072664776433103,0.02302989509473533,0.00020000729207635576,-0.25
2021-07-29,0.007085946389485898,0.025282898229073633,0.023069874582438966,0.008350004571195729,-0.2446666666666667
2021-07-30,0.0,0.02457213473557852,0.02255378006800496,-0.02851512982020669,-0.2446666666666667
2021-08-02,0.019231361927888102,0.02534592637227695,0.02275088906302957,0.03100494274245557,-0.22999999999999998
2021-08-03,0.016316377432147533,0.02328288119982789,0.022857384950928664,-0.08489960870679261,-0.21733333333333338
2021-08-04,-0.0068376334776036884,0.0231851986107755,0.022364271540058617,-0.004204292120294425,-0.20895522388059706
2021-08-05,-0.0034364294985813615,0.021472045795642606,0.022296240625798838,-0.07676215614797509,-0.18911374738311237
2021-08-06,0.006861090379945978,0.020625950253447514,0.021694859714922504,-0.04020187043631901,-0.18353105373342637
2021-08-09,0.012739025777429802,0.018779730493546476,0.021442289933593362,-0.09377183343024417,-0.1730635031402652
2021-08-10,0.009239880941345646,0.01885305667207701,0.02147728875784966,0.003896933385948395,-0.16538729937194696
2021-08-11,0.009155286586953082,0.017479047622030928,0.021008161900520333,-0.07567213184461129,-0.15771109560362873
2021-08-12,-0.003319505122851396,0.01634313774767915,0.020553498629814693,-0.06719474549509451,-0.16050244242847178
2021-08-13,-0.012547216052089638,0.01664829284213532,0.020416412662031255,0.0184995683319354,-0.17096999302163296
2021-08-16,0.003361347702705686,0.013420706498817235,0.02042022264537827,-0.21550875933562727,-0.1681786461967899
2021-08-17,0.018288123994148364,0.01375957344792265,0.02044476427706676,0.024936038874747834,-0.15282623866015355
2021-08-18,-0.002474228066351003,0.01384224919858298,0.02037443274383373,0.005990614392734961,-0.15491974877878578
2021-08-19,-0.003308522455562013,0.012959767618708873,0.020324786186060928,-0.06587564203299652,-0.15771109560362873
2021-08-20,-0.03113419330572853,0.013471036189628452,0.020547738426423053,0.03869212380345511,-0.18353105373342637
2021-08-23,-0.018982450912290005,0.014060810058488585,0.02060153304590946,0.042849554790822385,-0.19888346127006284
2021-08-24,-0.01668901272985046,0.014079242098408083,0.020622949194656695,0.001310020987348333,-0.21214235868806697
2021-08-25,0.01668901272985046,0.013612893951702013,0.02070555716294553,-0.033684068433349604,-0.19888346127006284
2021-08-26,0.0,0.013538495425121385,0.02059303083234614,-0.005480283675300591,-0.19888346127006284
2021-08-27,0.01555779003092539,0.01393973268907574,0.020719661012148317,0.029206067502957317,-0.18632240055826932
2021-08-30,0.04034160470900616,0.016004467702311443,0.02141719217166774,0.13812459277914788,-0.15282623866015355
2021-08-31,0.047455626937962236,0.018706753112290562,0.022279156401768026,0.15601658275307137,-0.11165387299371943
2021-09-01,0.009382398771913714,0.018561015457688596,0.022278917802743742,-0.007821145449995463,-0.10327983251919048
2021-09-06,0.00852387958289924,0.01847214088089067,0.022223427012498104,-0.0047997366796614545,-0.09560362875087225
2021-09-07,-0.04417121831313686,0.021538158590127737,0.022945488635793838,0.15356240433741064,-0.13468248429867413
2021-09-08,0.017586384502076058,0.02168143721963041,0.02306622207576942,0.00663028357393219,-0.11933007676203766
2021-09-09,0.00867855545624785,0.02167349785112596,0.023094208671409027,-0.00036624965152139616,-0.11165387299371943
2021-09-10,0.0,0.021635962538517652,0.0228648644098513,-0.0017333536061187008,-0.11165387299371943
2021-09-13,-0.00867855545624785,0.021746839550616577,0.021511074888333207,0.005111574036791592,-0.11933007676203766
2021-09-14,-0.02081740508352148,0.02212129791732175,0.021597986244673285,0.017072404379986604,-0.13747383112351708
2021-09-15,0.012062872449273954,0.022235163032507946,0.0216724292916385,0.00513410274494912,-0.1270062805303559
2021-09-16,0.0,0.021921894742116223,0.021509356846152818,-0.014189052446410652,-0.1270062805303559
2021-09-17,0.06573684362968102,0.02616607511182395,0.023047423924052395,0.17697775737325327,-0.06508047585724286
2021-09-20,0.019274132612865813,0.026279685696404192,0.022972028287599287,0.004332503417464556,-0.04688593421973408
2021-09-21,-0.02152216653074923,0.02564425955482069,0.023120612343699772,-0.024476476776453204,-0.0671798460461861
2021-09-22,0.016369413135093325,0.025004190298632618,0.02319922770637954,-0.025276314787369327,-0.051784464660601826
2021-09-23,0.0,0.024397865631426412,0.022919154923661072,-0.024547758478040797,-0.030064423765211123
2021-09-24,-0.016369413135093325,0.024971422629431025,0.022832283586834454,0.02323641244888908,-0.0458124552612742
2021-09-27,-0.046055721621302226,0.027673911326500693,0.023567883116350823,0.1027580247042981,-0.06534508076358292
2021-09-28,0.023292978567438283,0.02788004502276632,0.023309693805302133,0.007421058071047927,-0.043318649045521296
2021-09-29,0.00535783907035281,0.026653078091164052,0.02331372823775235,-0.04500653970745432,-0.038179148311306865
2021-09-30,0.009118604216434179,0.02465204204380281,0.02223225075132478,-0.07804487550288149,-0.029368575624082238
2021-10-01,-0.014476443286786989,0.024846825080488126,0.02230850246836964,0.007870239248453979,-0.043318649045521296
2021-10-04,-0.011578670460545837,0.02491997390411331,0.02167787765236768,0.002939664531296825,-0.05433186490455211
2021-10-05,0.016936509530898647,0.02292548078958076,0.02141403465474883,-0.0834206216156082,-0.038179148311306865
2021-10-06,0.036721997955947216,0.023953690713492688,0.02122215429614744,0.04387340382779125,-0.0022026431718061845
2021-10-07,0.034710642963244,0.02492585154661411,0.021616086957927987,0.03978305058290316,0.0
2021-10-08,-0.026649038292218208,0.02590065931177533,0.021575528092715457,0.0383629297133021,-0.026297085998578495
2021-10-11,-0.013965680861971919,0.026059839877310878,0.021383808940198958,0.006127000499268714,-0.03980099502487566
2021-10-12,-0.008175445015242033,0.025590418524807142,0.021419252523358696,-0.01817741520125365,-0.04761904761904767
2021-10-13,0.005952398527295344,0.025525980790151764,0.020676631401128184,-0.002521216065300061,-0.041933191186922514
2021-10-14,0.013264748658484038,0.025596087862871663,0.020703424200380845,0.002742732877938037,-0.029140014214641075
2021-10-15,-0.0051376259795912205,0.021182456412939334,0.020732899373934095,-0.18926612915069074,-0.034115138592750505
2021-10-18,-0.017069060054552665,0.021077658898715466,0.02068535467695993,-0.004959649479086748,-0.05046197583511014
2021-10-19,-0.008267615676269102,0.020600203175194017,0.020430200484561765,-0.022912709953571354,-0.05828002842928215
2021-10-20,0.008267615676269102,0.020333063467619747,0.02041908178313149,-0.013052628909844129,-0.05046197583511014
2021-10-21,-0.005253295383345957,0.020357379120846196,0.02029765505856135,0.0011951526020594241,-0.05543710021321957
2021-10-22,0.011223462369848392,0.020193061848326043,0.020054571616192236,-0.008104379973418322,-0.04477611940298509
2021-10-25,0.021347884684876917,0.017471001433761846,0.020188324580187676,-0.1447965498367605,-0.024164889836531644
2021-10-26,-0.008043919058513538,0.01702861205147347,0.020236600691312227,-0.025647439541471678,-0.031982942430703654
2021-10-27,0.02178735418490696,0.017575741198693026,0.02027385854044419,0.0316246008479902,-0.010660980810234588
2021-10-28,0.06669137449867257,0.02261640814256506,0.02181453046610606,0.25215592977343565,0.0
2021-10-29,0.06755815101129059,0.025921160678814167,0.02325754432371663,0.13638392652749795,0.0
2021-11-01,-0.02609120322778935,0.026747451523232855,0.023581608095449638,0.03137953696946076,-0.025753768844221092
2021-11-02,0.014084739881738528,0.026712123730355912,0.023610665668931323,-0.0013216635050039718,-0.011934673366834181
2021-11-03,-0.060267088790478596,0.030039425143393868,0.025039506611753658,0.1173931142305917,-0.06972361809045224
2021-11-04,0.004715401125238827,0.029177549983147495,0.025029400737826387,-0.02911110313318608,-0.0653266331658291
2021-11-05,0.014676714415932324,0.028436253324837717,0.0250601501809858,-0.02573471181640481,-0.051507537688442184
2021-11-08,0.0026455041884236863,0.028097880061825384,0.02504352480453005,-0.011970721534559537,-0.04899497487437188
2021-11-09,0.0,0.027944512733616044,0.024956669085809773,-0.005473272952543535,-0.04899497487437188
2021-11-10,0.04519813837697839,0.029279340271372477,0.0255155410812273,0.046661284861314614,-0.005025125628140725
2021-11-11,0.043847715436792,0.030344356404619872,0.02595516618045485,0.0357283806791757,0.0
2021-11-12,-0.020757766075487183,0.030938718973774496,0.026152945510092188,0.019397884604033553,-0.020543806646525664
2021-11-15,-0.013664808901722836,0.030797865703569214,0.02624179358452326,-0.004563047007141974,-0.0338368580060423
2021-11-16,-0.013854125870915723,0.030987326490187723,0.025935022808973588,0.006132903772031483,-0.04712990936555894
2021-11-17,0.00946677944128993,0.03098759458025077,0.02574898612390567,8.651563306720008e-06,-0.03806646525679758
2021-11-18,0.004387346429625794,0.03083264065850847,0.02558509163414608,-0.005013057472916231,-0.0338368580060423
2021-11-19,-0.009425140459581982,0.031107480162876226,0.02561882470611237,0.008874416637601901,-0.04290030211480367
2021-11-22,-0.06994028984299128,0.03547049114860071,0.02739657816795193,0.1312527660499144,-0.10755287009063441
2021-11-23,0.01745010722159357,0.03548618643393689,0.027410960325672078,0.0004423905318845252,-0.09184290030211484
2021-11-24,0.028854460820092243,0.035697483133789135,0.027193728408351332,0.005936677958559843,-0.06525679758308156
2021-11-25,-0.007135936865449111,0.032704412707922126,0.026623788775107977,-0.087570146213581,-0.07190332326283988
2021-11-26,-0.026386755173193777,0.02929983946417426,0.026880643406117902,-0.10992794149607725,-0.09607250755287011
2021-11-29,-0.0175324787616411,0.029007564909801213,0.02699247742678329,-0.010025378603377504,-0.11178247734138969
2021-11-30,0.012170535620255052,0.028952437529279257,0.02632732608921258,-0.0019022558938260065,-0.10090634441087609
2021-12-01,0.0,0.02559573864338023,0.026260430203197578,-0.12322847469448973,-0.10090634441087609
2021-12-02,0.01996074256253877,0.02596057873958187,0.02634389309312351,0.014153301222504694,-0.08277945619335347
2021-12-03,-0.05553220834740635,0.028623857477348177,0.027402923153853096,0.09766132668247443,-0.13232628398791546
2021-12-06,-0.047050730785999306,0.030262667091485607,0.028095573701460645,0.05567427711130747,-0.17220543806646527
2021-12-07,0.005096479906484319,0.03032834634007525,0.02794753048651164,0.0021679535929460905,-0.16797583081571
2021-12-08,-0.0029090929606834237,0.027975508000769197,0.027921175237645823,-0.08075335709919615,-0.17039274924471304
2021-12-09,0.021614674334490047,0.02622972970981955,0.028040011396549557,-0.06443590013419484,-0.1522658610271903
2021-12-10,0.007809766354057501,0.026291063163452123,0.026773830488987994,0.002335587671180067,-0.145619335347432
2021-12-13,0.007749246246232744,0.02643376632231865,0.026681290726787696,0.005413140434407983,-0.13897280966767367
2021-12-14,0.013245226750020933,0.026690348149397393,0.026566599434472676,0.009659783629232902,-0.12749244712990937
2021-12-15,0.0,0.026514751491908687,0.026493519534004542,-0.006600766852365648,-0.12749244712990937
2021-12-16,-0.02382733608055787,0.026745384778276673,0.026687549935258983,0.008660685364790073,-0.14803625377643503
2021-12-17,0.00847462699097079,0.02693376024577803,0.026611428172254092,0.007018598024349948,-0.140785498489426
2021-12-20,-0.013451530260724098,0.022386936119206738,0.02595751829893681,-0.18490287227057953,-0.1522658610271903
2021-12-21,0.06618541800013666,0.026881876637207106,0.027128705470851913,0.18297467413453194,-0.09425981873111777
2021-12-22,-0.012080683834799544,0.026105797375905578,0.027189122887030008,-0.029294906185937185,-0.10513595166163137
2021-12-23,0.004715401125238827,0.026121883399985862,0.02717564538338987,0.0006159958929828239,-0.10090634441087609
2021-12-24,0.00536194314138605,0.025492611553774993,0.027092693736426244,-0.024384730833073763,-0.09607250755287011
2021-12-27,0.01459879942115272,0.02534156956665453,0.027076145475356857,-0.005942551600358727,-0.08277945619335347
2021-12-28,0.06564956378010045,0.029063103599113054,0.02821546095216699,0.13702328835081856,-0.020543806646525664
2021-12-29,-0.00432767290578262,0.02911271876228375,0.027893330621405452,0.0017056968386184332,-0.024773413897280938
2021-12-30,-0.02573094577161683,0.029588507160555846,0.027815087435842132,0.016210859248164053,-0.04954682779456199
2021-12-31,0.005072934151195696,0.026334563306116145,0.0275643874923356,-0.11650370203488282,-0.044712990936555896
2022-01-04,0.01132087562448092,0.02334995997432069,0.02750336082298292,-0.12028695204660818,-0.0338368580060423
2022-01-05,-0.027902888220619815,0.024674091203384967,0.02775367681427374,0.0551584610436422,-0.06042296072507558
2022-01-06,0.009600073729020053,0.024592689910304485,0.027765404472020715,-0.003304511976186118,-0.051359516616314216
2022-01-07,0.00887767403201778,0.024349958868017087,0.027742452443760068,-0.009919076278282835,-0.04290030211480367
2022-01-10,-0.015908703316595663,0.024833399220150765,0.027827219825296255,0.01965932155080966,-0.058006042296072535
2022-01-11,-0.06903868945218328,0.02980493287465827,0.029214202842768162,0.1824843554761279,-0.12084592145015105
2022-01-12,-0.0027529267214045916,0.029674570603655064,0.029191867524247853,-0.004383440623507494,-0.1232628398791541
2022-01-13,-0.06845151957038631,0.033415608843951373,0.030540112402564868,0.1187326133258656,-0.18126888217522663
2022-01-14,0.0029476808373427588,0.03307955960886601,0.030533482577789497,-0.010107561280057797,-0.17885196374622359
2022-01-17,-0.07088681144702313,0.036372867849777626,0.031850557315470304,0.09490752343401569,-0.23504531722054378
2022-01-18,-0.05437444767660793,0.037942543068587554,0.03244484147853814,0.04224987161907821,-0.2755287009063444
2022-01-19,0.01900098470402689,0.03439776552388051,0.03255079497863547,-0.09808135722424632,-0.26163141993957706
2022-01-20,0.0557025446110071,0.03741157731743335,0.0332543448770003,0.08398858047251112,-0.2193353474320242
2022-01-21,-0.02587365029819999,0.03753994505360591,0.03217908384418645,0.003425356106731168,-0.23927492447129906
2022-01-24,-0.05804653412175753,0.03897075019205206,0.03160583115088914,0.03740579240547443,-0.2821752265861027
2022-01-25,0.003361347702705686,0.03865398317428305,0.0314993283904735,-0.00816154029147332,-0.2797583081570997
2022-01-26,0.0,0.03424061013087458,0.031411691039278225,-0.1212374235698102,-0.2797583081570997
2022-01-27,-0.00588979405606338,0.03421586727873985,0.03055169936132598,-0.0007228781532346349,-0.28398791540785495
2022-01-28,0.0,0.034292562086175,0.030535703172344213,0.0022389892104068753,-0.28398791540785495
2022-02-07,0.030746086162308117,0.03550939030492438,0.0307700311800445,0.03486868528494754,-0.26163141993957706
2022-02-08,0.029828894312807108,0.036403152839596845,0.031061201285373815,0.024858203315028436,-0.23927492447129906
2022-02-09,0.017323267852386692,0.036763135806316544,0.03117057805946755,0.009840208646055771,-0.22598187311178253
2022-02-10,0.0,0.03656010399231307,0.0305308948167148,-0.005538006178886085,-0.22598187311178253
2022-02-11,0.0,0.03637004733525749,0.0298955858960688,-0.005212029091400401,-0.20974706971005552
2022-02-14,-0.02369779142982331,0.03647127175472695,0.02992546385143659,0.0027793142161800333,-0.2282541640962369
2022-02-15,0.015073668985726485,0.03420632017217008,0.03000321959391112,-0.06411442996301805,-0.216533004318322
2022-02-16,0.005496676579902271,0.03430727407548517,0.029997746548709556,0.0029469756481604924,-0.21221468229487972
2022-02-17,0.014769020879679573,0.03129829045962333,0.030044417093866366,-0.09179389768537574,-0.20049352251696484
2022-02-18,-0.0061919702479205085,0.0312854961005691,0.030028810288009876,-0.00040887123796698205,-0.20542874768661323
2022-02-21,0.008504110006301246,0.026906364756364272,0.03005910251048466,-0.1507916880963265,-0.19864281307834675
2022-02-22,-0.013953714773865755,0.02384987954719027,0.028798078420554114,-0.12058365214444733,-0.20974706971005552
2022-02-23,-0.006264703339327937,0.02364312534963724,0.02868391530389134,-0.008706773431848272,-0.21468229487970392
2022-02-24,-0.035175488991370685,0.021415842679087232,0.02867857319740146,-0.09894138556394132,-0.24182603331276986
2022-02-25,0.020934741999848683,0.021284281625993568,0.028852253667446044,-0.006162108888996509,-0.2257865515114127
2022-02-28,0.003182182478463247,0.016351653243671712,0.02870455473092762,-0.2636396986827063,-0.2233189389265885
2022-03-01,0.048827986367284026,0.01931150388770523,0.029400232790945238,0.16637187291244648,-0.18445404071560767
2022-03-02,-0.01755100374103158,0.01994737988291874,0.029411778132672785,0.03239680931657487,-0.19864281307834675
2022-03-03,0.0084323995245974,0.019819055242472575,0.029442909581757392,-0.006453936387837193,-0.19185687847008015
2022-03-04,-0.0084323995245974,0.0200200135893112,0.02930981983819209,0.010088586721396958,-0.19864281307834675
2022-03-07,0.0030745604542445903,0.019050116417621325,0.028480623828060773,-0.049659214527354306,-0.19617520049352255
2022-03-08,-0.005386700212625328,0.018062018450053566,0.027855226336229874,-0.05326187868585916,-0.20049352251696484
2022-03-09,-0.017906278354812954,0.018149987205254993,0.027929138436680427,0.004858547769967142,-0.21468229487970392
2022-03-10,-0.00867855545624785,0.01824559539710101,0.027944668900327253,0.005253844142231646,-0.2214682294879704
2022-03-11,0.04871469531916439,0.021339849515410333,0.028535795323932422,0.15665241182139591,-0.18260333127698947
2022-03-14,-0.03221137380468697,0.021949114824058164,0.02879406222115815,0.028150604690949155,-0.20851326341764342
2022-03-15,0.0,0.02170739113925686,0.028768691304029176,-0.01107399866326632,-0.20851326341764342
2022-03-16,0.021589119148064384,0.022194766105017145,0.028862416925187904,0.022203681881823575,-0.19123997532387416
2022-03-17,0.00759882075862528,0.02202323364718835,0.028886265061847247,-0.007758525561970663,-0.18507094386181366
2022-03-18,-0.0037921926370625414,0.02198875400408425,0.028739026560161945,-0.0015668292358361684,-0.18815545959284397
2022-03-21,0.0,0.021919654701639434,0.02871173541754508,-0.0031474303009664,-0.18815545959284397
2022-03-22,-0.00686239826104007,0.021727505973452344,0.028677015336753986,-0.008804691003435035,-0.19370758790869835
2022-03-23,0.017444507591577008,0.0219556058182,0.027398178871176657,0.01044347822852136,-0.17951881554595928
2022-03-24,0.064773455944243,0.02425730200157761,0.028684906669959064,0.09969514504211051,-0.12461443553362117
2022-03-25,0.0028149209298096167,0.02405436445496515,0.02867985999805482,-0.00840122774083735,-0.12214682294879708
2022-03-28,-0.029959444680560665,0.02538391974965431,0.028913947125821335,0.05379941674098608,-0.14805675508945093
2022-03-29,0.0136643621940582,0.023292727070490005,0.028905470666950865,-0.08597468850615146,-0.13633559531153605
2022-03-30,-0.037108659395594046,0.024570498477898738,0.027895103011776216,0.0534052831241595,-0.16418835192069392
2022-03-31,0.010324575488777299,0.024600646616818836,0.027947914687141317,0.0012262529325806786,-0.14759224515322078
2022-04-01,0.002930405027417038,0.024478352062390824,0.027794149429775563,-0.004983588133159287,-0.14509068167604755
2022-04-04,-0.01029420855316232,0.024645271617646753,0.02779549079822405,0.006795920871338394,-0.15384615384615385
2022-04-05,-0.00667410708769367,0.024666929578324174,0.027739814079410705,0.0008784014000884885,-0.1515151515151515
2022-04-06,-0.024860037319394124,0.025006261297607486,0.027696067382650017,0.01366277685345225,-0.17234848484848486
2022-04-07,-0.03571808260207909,0.026282263411800903,0.027967538592868046,0.04976805185880719,-0.20138888888888884
2022-04-08,-0.007936549595736864,0.023694592062130242,0.027924598555946242,-0.10364743606519122,-0.19499679281590765
2022-04-12,-0.04898938720027246,0.025052037108629584,0.028487022848331708,0.05570828398724124,-0.1786941580756014
2022-04-13,0.023160671321560855,0.025750473151361433,0.027409235079938466,0.027497844998107226,-0.15713301171605787
2022-04-14,0.06642757793705023,0.029610995023656893,0.028833400950189075,0.13969269347911392,-0.08151791988756152
2022-04-15,-0.03266231246260176,0.0304139366069776,0.02778095061297303,0.026755189603277704,-0.1110330288123682
2022-04-18,-0.03376526547444847,0.031225919026193424,0.028091835951695402,0.02634753503356417,-0.140548137737175
2022-04-19,-0.03156408211794037,0.03182290303573514,0.02688447123211703,0.018937757830498666,-0.16725228390723823
2022-04-20,-0.060888369675012655,0.034173799236995366,0.027115403728254533,0.07127297286131919,-0.2164441321152495
2022-04-21,-0.06867261527925095,0.03617334197918831,0.02834233037647289,0.05686317567990679,-0.2684469430780042
2022-04-22,0.0302766740157292,0.032989724389499674,0.02763602347460409,-0.09212628061579903,-0.24595924104005618
2022-04-25,-0.04381653270213981,0.033386126712635876,0.027981600687764976,0.011944311368664282,-0.27828531271960644
2022-04-26,0.017374954470353643,0.034038696292330785,0.027167079408298555,0.019357552135816806,-0.26563598032326075
2022-04-27,0.03571808260207909,0.03531334190549021,0.027595849967513172,0.036762835903158306,-0.23893183415319752
2022-04-28,-0.004627495532048442,0.03488260956841464,0.027597773743232645,-0.012272434846699846,-0.2424455375966268
2022-04-29,0.017471708806288788,0.035150444376456876,0.027701907581143673,0.007648846430895763,-0.22909346451159518
2022-05-04,-0.012844213274240346,0.03500149211395592,0.027741400478652044,-0.004246566847023017,-0.23893183415319752
2022-05-05,0.003686640120218243,0.035169082531217886,0.02742645428733292,0.0047766656891538905,-0.23612087139845395
2022-05-06,-0.039404722722297336,0.035717137722896905,0.027522972835551097,0.015463258038075467,-0.26563598032326075
2022-05-09,-0.06933469340106413,0.03784303622048201,0.02868213392993211,0.05781634176164758,-0.314827828531272
2022-05-10,-0.014463062027555651,0.037521923802614036,0.02870401950537046,-0.00852158020770556,-0.32466619817287423
2022-05-11,0.01957816269432655,0.03824348125858199,0.028870198270670437,0.019047719227570894,-0.3113141250878426
2022-05-12,-0.06862850638909634,0.03946590120574785,0.029940422749665598,0.03146390923351395,-0.3569922698524245
2022-05-13,-0.0725119367021474,0.04058989326378879,0.03104918627698452,0.02808205574332154,-0.40196767392832045
2022-05-16,-0.023782333717926818,0.03537607847435916,0.031084746438373053,-0.13748322251243847,-0.416022487702038
2022-05-17,0.06521518745413246,0.040339053215535395,0.032344638854993876,0.13128418495048447,-0.37666900913562895
2022-05-18,0.0,0.040340038112298526,0.03235493036866677,2.4415161420813337e-05,-0.37666900913562895
2022-05-19,-0.017055558400601356,0.04017669488209955,0.032326077229459876,-0.004057378078678283,-0.3872101194659171
2022-05-20,0.009132483563274008,0.03903280139879279,0.032374938621567644,-0.028884736778581204,-0.38158819395643007
2022-05-23,-0.017192400540373853,0.03671601242030513,0.03240570028941805,-0.06118937233992983,-0.3921293042867182
2022-05-24,-0.011628037995118135,0.03551713661495449,0.032193688965143914,-0.03319765488692789,-0.399156711173577
2022-05-25,0.03448617607116766,0.03606212883613319,0.0324328411350002,0.015227946164580506,-0.3780744905130007
2022-05-26,0.016807118316382486,0.036041781093862926,0.03254445771415859,-0.0005644003823415237,-0.36753338018271253
2022-05-27,0.0011104942840276522,0.034663645492850344,0.03176570728503238,-0.03898738297576291,-0.3668306394940267
2022-05-30,-0.005564844633408228,0.03465777203905195,0.03173199906550387,-0.0001694556264718191,-0.3703443429374561
2022-05-31,-0.011223462369850168,0.03408268516438984,0.03167989839722627,-0.016732507994685633,-0.3773717498243149
2022-06-01,-0.01937382533968801,0.03413573115435255,0.031722568333552824,0.0015551807844500234,-0.38931834153197475
2022-06-02,-0.017411931476821962,0.03398340327325907,0.03172582836936216,-0.004472402403800296,-0.3998594518622628
2022-06-03,-0.024897551621727132,0.03352075124844291,0.0318084618362819,-0.013707575045224926,-0.41461700632466625
2022-06-06,0.0,0.03067108566247807,0.0317918973251585,-0.08884428390247102,-0.41461700632466625
2022-06-07,-0.02676558805143081,0.030932521534989123,0.031893014300969524,0.008487728853737936,-0.4300773014757555
2022-06-08,0.013472340940767324,0.030669985902039027,0.031158676643289637,-0.00852358607150545,-0.4223471539002108
2022-06-09,0.054451319604170934,0.0303781847097649,0.03201225821693227,-0.009559772751248592,-0.39002108222066056
2022-06-10,-0.024491020008296616,0.026171099242135253,0.03208386827982918,-0.14906897009678263,-0.4047786366830639
2022-06-13,-0.07093437380618006,0.030215286431974395,0.03290338283008465,0.143692198857315,-0.44553759662684467
2022-06-14,-0.038764543450243494,0.026671601371132718,0.033063805859122206,-0.12474854528690063,-0.46661981728742097
2022-06-15,-0.07097111149905722,0.03008333098606074,0.034000526294528405,0.12037180769524312,-0.5031623330990864
2022-06-16,0.0014134277971464826,0.03018197688258054,0.03400831132011762,0.0032737226564483,-0.5024595924104005
2022-06-17,-0.07172055919121334,0.032732667636674206,0.03491485584821842,0.08112860943992621,-0.5368938861560084
2022-06-20,-0.07235859856629467,0.03520597160048582,0.03557542096246755,0.07284210497374356,-0.5692199578355587
2022-06-21,-0.0016326534238864099,0.03536011195079417,0.034120935230669974,0.0043686865989154555,-0.5699226985242445
2022-06-22,0.03846628082779624,0.03567326997556002,0.03472409400861344,0.008817261882998315,-0.5457142857142857
2022-06-23,0.00938974034983886,0.035345614391620366,0.034778009640584834,-0.009227343386325235,-0.5414285714285714
2022-06-24,0.02916553616172557,0.03663094402864824,0.035034312453903274,0.03571901636485431,-0.5164594001463058
2022-06-27,0.023917433060589133,0.03763084453863181,0.03519348866765446,0.026930691860212044,-0.5047549378200439
2022-06-28,0.013206354813609877,0.03811949497099262,0.03522571706664348,0.01290177931127209,-0.49817117776152153
2022-06-29,-0.008784829555732898,0.03809679636455551,0.03517713207132119,-0.0005956364644378479,-0.49741315594974134
2022-06-30,-0.06532314259798966,0.03990125400039395,0.03585238657256169,0.04627754643516478,-0.5260416666666667
2022-07-01,0.004698520781554194,0.04005005158158138,0.0359140147804282,0.0037222085287880995,-0.5118230358504958
2022-07-04,0.012422519998558812,0.04036031387261073,0.03601655601339858,0.007717008916435426,-0.5042081101759754
2022-07-05,-0.0030911925696734954,0.04026873179153743,0.03589455714836262,-0.0022716899843404,-0.5057383320581484
2022-07-06,-0.017174504889910125,0.03985448747919693,0.03590013182051574,-0.010340270989109043,-0.5141545524100994
2022-07-07,0.01251972534492829,0.037134739482465824,0.03568479656208253,-0.07068208410508943,-0.5080336648814079
2022-07-08,0.01543240503881016,0.0376670553222345,0.03557564625755109,0.014232938795764958,-0.5003825554705432
2022-07-11,-0.010777625493828324,0.03511311268577375,0.03411379832076804,-0.0702111874713437,-0.48932806324110667
2022-07-12,0.02597548640325975,0.03530524132069686,0.03434355301553741,0.005456789208145579,-0.45789043336058877
2022-07-13,0.025317807984290397,0.03254578983610125,0.034519553587860984,-0.08138339246596822,-0.42616033755274263
2022-07-14,-0.004421525257876979,0.032540234201308145,0.03440694076629034,-0.0001707166225498447,-0.3928251121076233
2022-07-15,0.06573794924648979,0.03159514269405657,0.03506802693695461,-0.02947389334381384,-0.34092980856882404
2022-07-18,0.006891826037920268,0.025884326465430027,0.034169016280514414,-0.19936569698479842,-0.33637192342752964
2022-07-19,0.0013726838119723084,0.025830483089216618,0.0338517434981432,-0.0020823193707778394,-0.3354603463992707
2022-07-20,-0.002747254475139016,0.02496420986355441,0.03349657284542162,-0.034112102455661104,-0.3372835004557885
2022-07-21,0.0,0.024998963307211727,0.033368054858113054,0.0013911620557752805,-0.3372835004557885
2022-07-22,0.008219224353132049,0.02441898261665979,0.03297116726622992,-0.023473540870746837,-0.33181403828623524
2022-07-25,0.008152219061551946,0.024033348524272576,0.03302474172339833,-0.01591841165369566,-0.3263445761166819
2022-07-26,0.01210505702627529,0.024013317843448206,0.03296650333946218,-0.0008338007675097845,-0.3118675252989881
2022-07-27,0.019855053309978388,0.024044234915371887,0.033127755986213904,0.0012866682362069576,-0.29806807727690887
2022-07-28,-0.005256253888825668,0.017580987617741694,0.03310428969211165,-0.3130770332988455,-0.27368421052631575
2022-07-29,-0.015936592262812965,0.01841757360422015,0.03284033836814109,0.04648720099601309,-0.2377551020408163
2022-08-01,-0.001339584929056059,0.018489964654498443,0.03175891758001586,0.00392283567523644,-0.2387755102040816
2022-08-02,0.0066800515603731014,0.018336586377434155,0.0317633649240493,-0.00832980967929735,-0.23367346938775513
2022-08-03,0.018470182062401364,0.01752322296956954,0.03174967929646345,-0.04537126623952037,-0.16393442622950816
2022-08-04,0.0026109675407202104,0.017567792626712,0.030608238678614137,0.002540231734493709,-0.1487236403995561
2022-08-05,0.0013029317804154061,0.01757186430701051,0.029216323921754033,0.00023174261530133937,-0.14761376248612657
2022-08-08,0.020619287202736203,0.01719401652376864,0.029210111241355967,-0.02173754469224747,-0.1298557158712541
2022-08-09,0.010152371464018373,0.016763410417538215,0.027932504426510598,-0.025362871944740094,-0.12097669256381793
2022-08-10,-0.0012634240467725988,0.016443014116468896,0.02793153318098588,-0.01929783502214683,-0.12208657047724747
2022-08-11,0.007556711022560947,0.01619997484611466,0.027886012941831434,-0.014891014588990219,-0.11542730299667037
2022-08-12,-0.006293286975788348,0.009235165348177126,0.027857429672635808,-0.5619907059919474,-0.12097669256381793
2022-08-15,-0.005063301956546695,0.00946028928280834,0.027787434962479794,0.024084418402926855,-0.12541620421753608
2022-08-16,0.005063301956546695,0.009443147116518084,0.027768414347471286,-0.0018136546700251892,-0.12097669256381793
2022-08-17,-0.005063301956546695,0.009545751640192054,0.027371695332418067,0.010806884117460175,-0.12541620421753608
2022-08-18,-0.014057739490231924,0.010342326482600273,0.027303442339771264,0.0801485603178745,-0.13762486126526086
2022-08-19,-0.023438572972017013,0.011864540584522838,0.027432825800897478,0.13730920277055755,-0.1529017857142857
2022-08-22,-0.02670385644742801,0.013341592495267333,0.0276033864418633,0.11733214859458031,-0.1659142212189616
2022-08-23,0.004051322219178033,0.01307589463535413,0.027598671623084027,-0.020115964624311505,-0.14614499424626004
2022-08-24,0.008053734807097257,0.01236032035716625,0.02754923245214053,-0.0562790161315632,-0.13824884792626724
2022-08-25,0.0013360055427416029,0.012328498532378409,0.02748346376846566,-0.0025778322384558626,-0.13709677419354838
2022-08-26,-0.010738358221132671,0.0120409962831669,0.027345593683165983,-0.02359633263565451,-0.1463133640552995
2022-08-29,-0.03711766295650243,0.014577913476841824,0.027718031606338015,0.19119027899993193,-0.17741935483870963
2022-08-30,0.005586606708639863,0.014544901474847018,0.02755354523557622,-0.0022670880900744414,-0.17281105990783407
2022-08-31,0.011080445776572745,0.01407726925208614,0.027532458326886212,-0.03267910851362274,-0.16359447004608296
2022-09-05,-0.009688657103749776,0.014105524814731069,0.026527561220107267,0.0020051632917247614,-0.15112160566706023
2022-09-06,0.01928434416560343,0.014957093353398761,0.026532335323461994,0.05861906727638623,-0.08030112923462984
2022-09-07,-0.033290175354522944,0.015452630481418808,0.025300983132129105,0.03259356599870163,-0.11041405269761606
2022-09-08,-0.019943680967335453,0.015361703596735252,0.02494892196039024,-0.005901609903000837,-0.12797992471769137
2022-09-09,-0.018882187721329657,0.015547699429886151,0.023344088443312837,0.012035040446343199,-0.14429109159347553
2022-09-12,-0.002936859673310366,0.015188841656450227,0.023344484670913344,-0.023351609134456934,-0.14680050188205773
2022-09-13,-0.022305757514297753,0.01551607266762372,0.021602106423699793,0.02131536236258883,-0.1656210790464241
2022-09-14,0.019360247284541998,0.01673389149539206,0.019529875382146858,0.0755596139022018,-0.14930991217063994
2022-09-15,-0.007401958295668365,0.01647071724344745,0.019560638470914375,-0.015851992502888348,-0.1555834378920954
2022-09-16,-0.011958288988873633,0.016475070715536014,0.019025034545393605,0.00026428079222235324,-0.1656210790464241
2022-09-19,-0.032088314551501185,0.01727017077712289,0.01945426249650811,0.047132380150173195,-0.19196988707653706
2022-09-20,0.012345835822300089,0.01758852233602501,0.019146381448045344,0.018265758061624213,-0.18193224592220825
2022-09-21,0.0015325673497770254,0.017100672665915,0.018884203727150706,-0.028128733167090213,-0.1806775407779172
2022-09-22,0.01820991137942407,0.017824528740012672,0.018957120056382722,0.041457704132315386,-0.1656210790464241
2022-09-23,-0.007547205635383136,0.017540274757914483,0.018948644161623663,-0.01607586724237166,-0.17189460476787954
2022-09-26,-0.05288946392037275,0.020281377146889334,0.018284009122293058,0.1452033545467911,-0.21455457967377667
2022-09-27,0.014274627792593364,0.020927475762134256,0.018369888414137808,0.031359827077613776,-0.2032622333751568
2022-09-28,-0.00949374219225163,0.019764305662948175,0.018333904968060484,-0.057185330741040735,-0.21079046424090342
2022-09-29,-0.016025984015843875,0.019668638274564245,0.01844067416294788,-0.004852162583098801,-0.22333751568381432
2022-09-30,-0.004858309151076767,0.01919690459934375,0.01832248245707378,-0.024276341715705113,-0.22710163111668757
2022-10-03,-0.0465200156348935,0.021025255049929355,0.019176512032578908,0.09097524402752875,-0.2622333751568381
2022-10-04,-0.00853976154813374,0.01987044842908179,0.01906737279158848,-0.056490684481226086,-0.26850690087829365
2022-10-05,0.018692133012152112,0.020258969362149264,0.01921354906551507,0.019363992844035807,-0.2547051442910916
2022-10-06,-0.010152371464018373,0.02009438332542412,0.01890475537040499,-0.00815728343925276,-0.2622333751568381
2022-10-07,-0.059562261151342,0.023056194182693446,0.019971562412690432,0.13749405804338383,-0.3048933500627352
2022-10-10,-0.0054298775943699695,0.023020471750656073,0.01997284756632278,-0.0015505646064122352,-0.3086574654956086
2022-10-11,-0.06951154369774848,0.026456297055787118,0.0196637151823385,0.13911025133613364,-0.35508155583437895
2022-10-12,0.007751976804318161,0.025831770320176018,0.019673351983417353,-0.023889052648014785,-0.35006273525721454
2022-10-13,0.013423020332139046,0.026499832681643378,0.019807540211377848,0.02553326718702939,-0.3412797992471769
2022-10-14,0.03186773884802285,0.028291252252503812,0.02038393801866807,0.06541420621347784,-0.3199498117942283
2022-10-17,-0.0018467225931644293,0.027866251109578574,0.02037781586372829,-0.015136324813652869,-0.3212045169385195
2022-10-18,0.016498999380035073,0.0280463404612282,0.02049602851470094,0.006441837337150497,-0.3099121706398996
2022-10-19,-0.010969031370573035,0.02794997258920963,0.020440007128885388,-0.00344193849516739,-0.3174404015056461
2022-10-20,0.0073260400920727164,0.027491812760886705,0.0203810296829788,-0.016527970370163722,-0.3124215809284818
2022-10-21,-0.06990569674431235,0.030598333773987844,0.021759546568936278,0.10705727615600535,-0.3588456712672522
2022-10-24,-0.05428468348707227,0.030695994238540504,0.022609119702818956,0.003186608565395725,-0.39272271016311167
2022-10-25,0.04049136135473752,0.03242685914551264,0.023411548316405763,0.054854882712243064,-0.36762860727728985
2022-10-26,0.017699577099399733,0.03308123250401613,0.023611652335543555,0.01997905629292396,-0.35633626097867
2022-10-27,0.01547419658259841,0.0335356406567701,0.023720262978751475,0.013642641651542244,-0.3462986198243413
2022-10-28,0.015238390104931554,0.03395270186457999,0.023667147272837363,0.012359657322930423,-0.3362609786700126
2022-10-31,-0.030712586687529964,0.03317439746184796,0.023848420077836947,-0.02319000993095547,-0.35633626097867
2022-11-01,0.01547419658259841,0.033541517966370865,0.02399875770823204,0.011005592823443995,-0.3462986198243413
2022-11-02,-0.01547419658259841,0.03310522830994132,0.02375946146574304,-0.013092784938360637,-0.35633626097867
2022-11-03,0.0,0.03313749649228201,0.023670724295156657,0.0009742405750031987,-0.35633626097867
2022-11-04,-0.060259191518195365,0.03319618956684871,0.024624440137268444,0.00176963095748892,-0.3939774153074027
2022-11-07,-0.03583101952692758,0.0338176022909945,0.02478975709073929,0.01854634198317678,-0.41161616161616166
2022-11-08,0.0021436235432510387,0.030647029520628394,0.024828947794842977,-0.09844567262346406,-0.41035353535353536
2022-11-09,-0.0021436235432510387,0.03051339732060561,0.02483926198415909,-0.004369896545162287,-0.41161616161616166
2022-11-10,-0.05968622105047494,0.032470132474116536,0.025622913848869645,0.062154802667787806,-0.44289340101522845
2022-11-11,-0.04424470179775675,0.03189012668947019,0.025995831118579667,-0.018024206681628043,-0.45945945945945943
2022-11-14,-0.061368946376292755,0.03355304673271581,0.026810727196810075,0.05083120174261909,-0.47957839262187085
2022-11-15,-0.07080282673219074,0.03479574973471363,0.027851976895500688,0.03636756361745447,-0.5086782376502003
2022-11-16,0.0657266737003308,0.03973041304441257,0.029533990982202853,0.13262168510114114,-0.47530040053404543
2022-11-17,0.010126668817928675,0.03982273525125083,0.029595162654695986,0.0023210200237694005,-0.4699599465954606
2022-11-18,0.0075282664207918515,0.03804237299180365,0.029589679418872392,-0.04573735769350103,-0.46595460614152207
2022-11-21,0.0024968801985867373,0.03683964547443252,0.029597883227112164,-0.03212602068357472,-0.45883940620782726
2022-11-22,0.009925639799970298,0.03526088627746204,0.029714027631612686,-0.04380026365416751,-0.4474761255115962
2022-11-23,-0.009925639799970298,0.034615347923058995,0.02950108467686681,-0.01847714155564953,-0.45293315143246926
2022-11-24,-0.045926438125922786,0.03474351346299179,0.029799241823156894,0.003695725284185347,-0.4774897680763983
2022-11-25,0.04092642770921806,0.03637187505097271,0.030408030843568523,0.045802908012219555,-0.4556616643929059
2022-11-28,0.044124804908937776,0.038367799604897605,0.031199970952826558,0.05342272900440813,-0.43110504774897684
2022-11-29,0.016647233433156217,0.03841024247348434,0.03116117038877994,0.0011055989630666704,-0.40197461212976027
2022-11-30,0.016374634871789695,0.0388422498323365,0.03116797421243327,0.011184409394629337,-0.3798561151079136
2022-12-01,0.020666636808559957,0.03935759648845748,0.031351148600060906,0.01318043472485693,-0.3548387096774194
2022-12-02,0.002270148534538663,0.03739526249293393,0.03134127440580267,-0.05114496707568055,-0.3514705882352941
2022-12-05,0.042181614036294945,0.03802390545416853,0.03198163874875318,0.016671023324653606,-0.3215339233038348
2022-12-06,-0.04672707640797036,0.039381137195144834,0.03233941769783194,0.035071888378988586,-0.35250737463126847
2022-12-07,-0.03949409903915857,0.04021069757857935,0.03242120992815203,0.020846113631940368,-0.37295690936106984
2022-12-08,0.016451604892004923,0.0383162759723716,0.03257334322244911,-0.04825829081774228,-0.3548872180451128
2022-12-09,0.006968669316092857,0.03697256430158717,0.03262109542729036,-0.03569862431500105,-0.350375939849624
2022-12-12,-0.025792754561727804,0.034571096685521385,0.03254969704831033,-0.06715813639278077,-0.36691729323308275
2022-12-13,0.009456335242035152,0.0298687748517841,0.032522588348604727,-0.14620431613397353,-0.3609022556390977
2022-12-14,0.009367750003599795,0.0265283133942155,0.03257366085780154,-0.11860098062150508,-0.3548872180451128
2022-12-15,0.023042494147153647,0.026830990797578027,0.03264295845764043,0.01134499562655271,-0.33484848484848484
2022-12-16,-0.027715399846545807,0.027798072080855142,0.03275316482721857,0.035409063239661365,-0.32755905511811023
2022-12-19,0.007001195458983034,0.0278097572373076,0.03224763371559352,0.0004202700434462785,-0.3228346456692913
2022-12-20,-0.0283037761628524,0.028645485177477087,0.03225659153946611,0.029608895946749144,-0.33545310015898255
2022-12-21,-0.007202912294056674,0.02859435284057627,0.03225490827608528,-0.0017865994875677818,-0.32956381260096934
2022-12-22,-0.0024125464053845747,0.02634556386215237,0.03223772213985235,-0.08190930891487475,-0.32792207792207795
2022-12-23,-0.01705278838271873,0.025221846783746126,0.03226431772739229,-0.043589334717068114,-0.31481481481481466
2022-12-26,-0.07127698036016916,0.027893890503018416,0.03293091447938894,0.10069709367292787,-0.3619528619528619
2022-12-27,0.0,0.02746601936669765,0.03294400464123991,-0.015458099653639194,-0.3619528619528619
2022-12-28,-0.015957785438610372,0.02705234136281747,0.03278615436180947,-0.015176017258067045,-0.3656462585034014
2022-12-29,0.021220955482885273,0.027082689705205797,0.032996773837867255,0.0011212087166761748,-0.31227436823104693
2022-12-30,0.010443959161083427,0.02729395000180625,0.03234631399869506,0.00777029558950302,-0.30127041742286753
2023-01-03,0.02310757501014926,0.025784212376484216,0.032564887165296694,-0.05690266328936383,-0.2836363636363637
2023-01-04,-0.0076433493125680485,0.024100253627734543,0.03146756883724542,-0.06753998972117685,-0.28909090909090907
2023-01-05,-0.01287019052053573,0.022843082292443542,0.03144344127801863,-0.05357401438701915,-0.2981818181818182
2023-01-06,-0.020943173845243024,0.022570268008281207,0.03141696574407714,-0.012014856604144199,-0.31272727272727274
2023-01-09,0.005277057100844473,0.02252093220292602,0.03106686529434991,-0.0021882674636524327,-0.3090909090909091
2023-01-10,0.005249355886142837,0.02218213221402165,0.0310961210239293,-0.015158080494802818,-0.3054545454545454
2023-01-11,0.0026143805740712622,0.022001737647076337,0.030978806265339748,-0.008165671690593342,-0.30109489051094895
2023-01-12,-0.0052356140539444596,0.021733423962783882,0.030972159419647274,-0.012270078263494211,-0.30474452554744524
2023-01-13,0.0026212334798731973,0.020758310823477327,0.03094395756945935,-0.045904640605869594,-0.277882797731569
2023-01-16,-0.01849458263616377,0.02037172827429536,0.02983677959148846,-0.018798608222507836,-0.29111531190926276
2023-01-17,0.02371652661731538,0.021277227328467794,0.029355385537496597,0.043489269640585526,-0.274102079395085
2023-01-18,0.020619287202736203,0.021348726252586433,0.0289559267551364,0.003354714750967775,-0.25897920604914937
2023-01-19,0.007623925110658902,0.021459952934075776,0.028855880334224628,0.0051964639847748555,-0.2533081285444234
2023-01-27,0.010075651988742607,0.021642605762202873,0.02880136316615335,0.008475312939227462,-0.2457466918714556
2023-01-30,0.06782259633876109,0.02631968403075378,0.030177675184023287,0.195653158487786,-0.18042226487523993
2023-01-31,-0.02850549299792604,0.021271795524500325,0.030145357072184412,-0.2129349698424842,-0.20345489443378117
2023-02-01,0.016726793805313278,0.0214123795499754,0.030159174033344577,0.006587193858100315,-0.17738791423001954
2023-02-02,-0.026412099539777856,0.022077787117130508,0.03026557264331176,0.03060274275201015,-0.19883040935672514
2023-02-03,0.0024301348532915767,0.02174174448703172,0.030272226118857045,-0.01533786657374172,-0.14699792960662528
2023-02-06,-0.004866189651172803,0.021769136974869523,0.029347207819905293,0.0012591093512826531,-0.12205567451820132
2023-02-07,-0.022195732391784517,0.0219390335099974,0.029138600237079013,0.00777416721770468,-0.1413276231263383
2023-02-08,-0.020151815437307263,0.022368895795352776,0.029220376959149343,0.019404002193175264,-0.1566523605150214
2023-02-09,0.022642476749759055,0.0226795133712353,0.029405516347628582,0.013790602886860685,-0.12608695652173918
2023-02-10,0.014815085785141235,0.02217698263925084,0.028507445222452472,-0.022407079384403398,-0.11304347826086958
2023-02-13,-0.04512043528047016,0.0247199730333609,0.0285300617795893,0.10855656235985044,-0.15217391304347827
2023-02-14,-0.007722046093910251,0.02478095566675813,0.027433104800731602,0.0024638988079912823,-0.15869565217391302
2023-02-15,-0.0051813587419964335,0.024809728537169198,0.025838065426705234,0.001160413997004303,-0.1630434782608695
2023-02-16,0.012903404835906684,0.024929498006396194,0.02444927175026676,0.004815903297034905,-0.15217391304347827
2023-02-17,-0.002567395505245429,0.024940567448394613,0.0244139306122743,0.0004439311494761869,-0.15434782608695652
2023-02-20,0.04768783078571559,0.026568185687096773,0.02517201361353635,0.06321875607782104,-0.11304347826086958
2023-02-21,-0.0024539889615660115,0.026199166409027197,0.025172904801353566,-0.013986874062853673,-0.1152173913043476
2023-02-22,-0.004926118336056717,0.025911400234978375,0.02514913402623202,-0.01104455419794637,-0.11956521739130432
2023-02-23,-0.0024721891453882705,0.025886841091050643,0.025117663812627904,-0.0009482613948544783,-0.12173913043478257
2023-02-24,-0.012453461071286753,0.0259669732222868,0.024440098252618534,0.003090695069520015,-0.13260869565217392
2023-02-27,-0.012610507591929832,0.02057980152506663,0.02391762131865232,-0.23251528277579347,-0.14347826086956517
2023-02-28,-0.005089069507471677,0.01976347108973854,0.02320467163711312,-0.040474726891031966,-0.14782608695652177
2023-03-01,0.0,0.019238332708299395,0.023088956311640166,-0.026930541607699265,-0.14782608695652177
2023-03-02,-0.002554279805096371,0.018479799610334312,0.02297227714176474,-0.04022654001582814,-0.15000000000000002
2023-03-03,-0.01028286695558478,0.01852010005399854,0.022810191442369662,0.002178407951522653,-0.15869565217391302
2023-03-06,0.01283714676068115,0.018852824234324855,0.02288548206655165,0.017806088209210053,-0.14782608695652177
2023-03-07,-0.0051151006667709,0.01827964213136704,0.02214163693861876,-0.030874724017926118,-0.11161731207289294
2023-03-08,-0.002567395505245429,0.0177448388216769,0.02137578992072937,-0.029693269258499643,-0.11389521640091116
2023-03-09,0.002567395505245429,0.016914535584392616,0.02080799909590804,-0.04792132935498857,-0.11161731207289294
2023-03-10,0.0025608208616745287,0.01650893613641821,0.02068388784922035,-0.024271513158148867,-0.10933940774487472
2023-03-13,-0.007702220362093115,0.013161085647328864,0.02066823780599291,-0.22663724575290356,-0.11617312072892938
2023-03-14,-0.020834086902841165,0.013860509615818318,0.020580361605991464,0.051779305070148114,-0.13439635535307515
2023-03-15,0.02597548640325975,0.015054942773239315,0.020841085808407562,0.08266254160241458,-0.11161731207289294
2023-03-16,-0.007722046093910251,0.014876421239040302,0.02080773577611405,-0.011928860426538146,-0.1184510250569476
2023-03-17,-0.0025873235649509496,0.01487657569522509,0.020552337720726104,1.038255617099162e-05,-0.10232558139534886
2023-03-20,-0.0051948168771041026,0.009670966236245885,0.020281280990561923,-0.4306592875959149,-0.10697674418604652
2023-03-21,-0.002607563407080349,0.009670544744588,0.020248765916244568,-4.3584104936587985e-05,-0.10304449648711944
2023-03-22,-0.007863736460214099,0.00972288454501441,0.019967505269736216,0.005397691428868318,-0.11007025761124123
2023-03-23,-0.005277057100844473,0.009732274027816722,0.019959873627974082,0.0009652425955559955,-0.11475409836065575
2023-03-24,0.005277057100844473,0.009664396649190136,0.019978961176523216,-0.0069988903607067585,-0.11007025761124123
2023-03-27,0.013072081567353067,0.009944030499391153,0.019958169177394843,0.028523707873903646,-0.09836065573770492
2023-03-28,-0.0026007817000586186,0.009907723719636025,0.017696280611300106,-0.003657790969702797,-0.10070257611241218
2023-03-29,0.0026007817000586186,0.009938985666368872,0.017698921544770072,0.0031503399860121372,-0.09836065573770492
2023-03-30,0.0,0.0099330314271783,0.01757049118851275,-0.0005992580771391468,-0.09836065573770492
2023-03-31,-0.01834913866819754,0.010487746205062208,0.01752317545162375,0.054341783174075904,-0.11475409836065575
2023-04-03,-0.002649008171577094,0.00995690121296444,0.017470688666359684,-0.051941596740525287,-0.11709601873536302
2023-04-04,0.0,0.009937019293632235,0.017197378374538493,-0.001998792139236196,-0.11709601873536302
2023-04-05,0.020998146839774634,0.011151109110000338,0.017398703021755,0.11527174929933516,-0.09836065573770492
2023-04-06,0.03069294639940523,0.013154109138388596,0.017768482311646624,0.16519509055717546,-0.07025761124121777
2023-04-07,-0.025511587657408796,0.014404679393927323,0.017871279157620636,0.09081885388819241,-0.09367681498829039
2023-04-10,0.0025806465934916645,0.014317864046763447,0.01786217510168398,-0.0060451158351862025,-0.09133489461358313
2023-04-11,0.010256500167189486,0.013606942451628927,0.01789712861798652,-0.05092781829216184,-0.08196721311475408
2023-04-12,-0.002554279805096371,0.012349367267484975,0.017898878770702543,-0.09697523368020917,-0.08430913348946134
2023-04-13,-0.018065007397639832,0.01289970392830159,0.018042723299928023,0.043599496903838894,-0.10070257611241218
2023-04-14,-0.007843177461024808,0.012999989225601338,0.018068798507659165,0.0077441628713259105,-0.10772833723653397
2023-04-17,-0.0026281224062696396,0.012965404658506203,0.017909591839770922,-0.0026638964972016755,-0.11007025761124123
2023-04-18,0.010471299867294448,0.013182771475851134,0.017695423966619418,0.01662614303533152,-0.10070257611241218
2023-04-19,-0.007843177461024808,0.013182116097701178,0.017513874546000723,-4.971594520198631e-05,-0.10772833723653397
2023-04-20,0.0026212334798731973,0.013129765556116535,0.017486554405128897,-0.003979234291102807,-0.1053864168618267
2023-04-21,-0.0026212334798731973,0.013098096643713359,0.017432434860405268,-0.002414905446987225,-0.10772833723653397
2023-04-24,0.051162052179867246,0.017204292673081354,0.016424911808444635,0.27269181920022123,-0.049763033175355464
2023-04-25,0.002490661312451792,0.017169706868334238,0.016029328065468425,-0.002012323078862014,-0.04739336492891
2023-04-26,0.0673331200685876,0.022503933243867246,0.018144611899422826,0.270543364269346,0.0
2023-04-27,0.06526500137293745,0.026104250554264075,0.019653284193657822,0.14840799149553546,0.0
2023-04-28,-0.008752791109595037,0.025663625315861454,0.019700571749957534,-0.017023518999632645,-0.008714596949891074
2023-05-04,0.03456067506546745,0.026099129943084862,0.02013219984432561,0.0168273397796259,0.0
2023-05-05,-0.030174703122213486,0.027605150169478822,0.020322281984941952,0.05610035649656121,-0.02972399150743099
2023-05-08,0.025919377552074963,0.027733524989388993,0.020334618370677394,0.004639612474584672,-0.00424628450106157
2023-05-09,0.01691372244206235,0.027357563603688795,0.020253859636731073,-0.013648925638642147,0.0
2023-05-10,0.04107353520828738,0.026962384729202447,0.020793267410754563,-0.014550297379453694,0.0
2023-05-11,-0.028573372444055778,0.02842631138593404,0.020242772971882303,0.05287241794189221,-0.028169014084507005
2023-05-12,0.00413223728491019,0.02846713797644497,0.020188524919590445,0.00143519451270286,-0.024144869215291798
2023-05-15,0.006166514915664223,0.02832074325101408,0.02015644993649841,-0.005155853502779044,-0.01810865191146882
2023-05-16,-0.006166514915664223,0.02779639151748035,0.020163245285872815,-0.018688295817322155,-0.024144869215291798
2023-05-17,0.028457204814035464,0.027639524043211915,0.020397973645542532,-0.005659429804002738,0.0
2023-05-18,-0.024341972668930012,0.028711658013585162,0.019905882312391925,0.038056450445089755,-0.024048096192384794
2023-05-19,-0.018653390591133245,0.02954147672718727,0.020089432651483368,0.02849201398331621,-0.04208416833667339
2023-05-22,-0.008403410796379518,0.02956049249275518,0.02011674405859472,0.0006434898884136802,-0.05010020040080165
2023-05-23,0.0,0.029605002267440696,0.020108663424136242,0.0015045853403829591,-0.05010020040080165
2023-05-24,0.008403410796379518,0.029444362484004654,0.02002300729856185,-0.0054408756466707555,-0.04208416833667339
2023-05-25,0.004175371410481077,0.02793567910934956,0.01991803654106612,-0.052597753786770264,-0.038076152304609256
2023-05-26,0.006230549750636527,0.02790237282304312,0.019890910872018032,-0.0011929598964934948,-0.03206412825651306
2023-05-29,0.02251886353534971,0.024589119333205643,0.020036070004778507,-0.1264076427753947,-0.01002004008016033
2023-05-30,0.006054508908706069,0.020405444274403477,0.020020215762270924,-0.18650221674241949,-0.004008016032064132
2023-05-31,0.04138521616285473,0.021791956450861544,0.02050097006997182,0.06573915894317757,0.0
2023-06-01,0.0285461819063606,0.02142247728234423,0.02070388893107708,-0.01710021254749671,0.0
2023-06-02,-0.05594515609447548,0.024305464079569017,0.02212125497514973,0.12626041783885658,-0.054409005628517804
2023-06-05,-0.013986241974739855,0.024125965045155146,0.02222996144701869,-0.007412532953193506,-0.06754221388367732
2023-06-06,0.017946643190835943,0.024158627773846576,0.022300735628838938,0.0013529251563450136,-0.05065666041275796
2023-06-07,0.003944778291016249,0.022440424003684224,0.022299580078772505,-0.07377756684905543,-0.046904315196998114
2023-06-08,0.009794397592287396,0.02138589768959906,0.022253484563550086,-0.048132235163904545,-0.03752345215759845
2023-06-09,-0.009794397592287396,0.021573441075476086,0.022084164157509627,0.008731255899137006,-0.046904315196998114
2023-06-12,0.027186140304158002,0.022271569821983063,0.02210434748351833,0.03184797639223012,-0.0206378986866792
2023-06-13,0.028330506626225826,0.022823323863825004,0.02224612603520783,0.024472009485683278,0.0
2023-06-14,-0.03409421134297652,0.02372121866218247,0.022804148017627198,0.03858694365407507,-0.03351955307262566
2023-06-15,-0.023392879574705816,0.023666708238627168,0.023060729187438095,-0.002300603894573882,-0.05586592178770955
2023-06-16,-0.013902905168990287,0.023471419027678766,0.02316668495586499,-0.008285872041309832,-0.06890130353817503
2023-06-19,-0.028399474521698664,0.024358226151621854,0.0235008695343512,0.037086137224808136,-0.0949720670391061
2023-06-20,0.006153865574377804,0.024380461911079128,0.0234698719317846,0.0009124476985062997,-0.08938547486033521
2023-06-21,0.010173027713051397,0.02440980698989623,0.02348186588471106,0.001202906685596907,-0.08007448789571692
2023-06-22,0.006054508908706069,0.024423666954373122,0.023455263042572113,0.0005676417446136573,-0.07448789571694603
2023-06-23,0.008016074988235644,0.02444419920136383,0.023442703787155492,0.000840316609295592,-0.06703910614525144
2023-06-26,-0.01204833851617515,0.024124301760008276,0.02353819619987546,-0.01317322665370703,-0.07821229050279332
2023-06-27,0.0,0.024083616631476058,0.02353819619987546,-0.001687902015688689,-0.07821229050279332
2023-06-28,-0.004048588525998653,0.022007791114930002,0.02337797314405734,-0.09013523008272192,-0.08193668528864062
2023-06-29,-0.006103782938017943,0.020766186374763528,0.02339994062936712,-0.058070496248371684,-0.08752327746741151
2023-06-30,-0.014388737452099676,0.01706618697805798,0.023518906823947396,-0.1962267682070429,-0.1005586592178771
2023-07-03,0.02049252039011762,0.017540133647801513,0.023512849954952793,0.02739245445519504,-0.08193668528864062
2023-07-04,0.004048588525998653,0.017043118595853092,0.023252666233728892,-0.028745069045711846,-0.07821229050279332
2023-07-05,0.01204833851617515,0.01726422903337657,0.022957253596110394,0.012890146598902006,-0.06703910614525144
2023-07-06,-0.006006024060212667,0.017119939560117748,0.022994905514702887,-0.008392829735666355,-0.07262569832402233
2023-07-07,0.0020060187268668983,0.017021510103461448,0.02298249572104901,-0.005765992520553531,-0.07076350093109873
2023-07-10,0.0020020026706735194,0.015716395288487336,0.022967919675348614,-0.07977334229790453,-0.06890130353817503
2023-07-11,0.00399202126953746,0.014089930700383767,0.02278294166015421,-0.10924397236564709,-0.06517690875232773
2023-07-12,-0.00399202126953746,0.012102834280704593,0.022753080926411845,-0.15202062776994585,-0.06890130353817503
2023-07-13,0.017839918128331078,0.011749362789792248,0.022797333220059415,-0.02964062992712269,-0.05214152700186214
2023-07-14,-0.009871748479154618,0.011527231046592264,0.022863813845300777,-0.019086838696314355,-0.06145251396648044
2023-07-17,0.005934735519813827,0.009366949200059923,0.022806532491261012,-0.20752450236993714,-0.05586592178770955
2023-07-18,-0.015904907839663807,0.010133673484489885,0.02296089168169857,0.07867635503050008,-0.07076350093109873
2023-07-19,0.0020020026706735194,0.009907083505805275,0.022944500388549827,-0.022613857233924225,-0.06890130353817503
2023-07-20,0.00399202126953746,0.009857970822781954,0.022112664943385527,-0.004969653368021948,-0.06517690875232773
2023-07-21,0.0,0.009697981398956114,0.02211739490386782,-0.01636257114123172,-0.06517690875232773
2023-07-24,0.03714992206163714,0.012335414575767246,0.020958497640160754,0.24055637800540505,-0.029795158286778367
2023-07-25,0.009551170984343216,0.012415727727407965,0.019333264823899746,0.00648966965897628,-0.020484171322160183
2023-07-26,0.0037950709685503625,0.012303499407948911,0.01927979140212622,-0.009080300056294248,-0.016759776536312887
2023-07-27,-0.009514819641337269,0.012465183172326656,0.018872111010031754,0.013055674631237208,-0.02607076350093107
2023-07-28,0.007619084476438331,0.011777753716656566,0.01841381190850657,-0.05672689112731969,-0.01862197392923648
2023-07-31,0.0018957351648989373,0.01115462279734286,0.018152520704630686,-0.054358413775877745,-0.016759776536312887
2023-08-01,-0.0018957351648989373,0.011216278060106338,0.018052298304200836,0.005512103794362705,-0.01862197392923648
2023-08-02,-0.0018993358036514252,0.011065316199211845,0.017298881954705886,-0.013550559584163981,-0.020484171322160183
2023-08-03,-0.01532597047822648,0.011621750906111842,0.016997660871243152,0.04906282757539803,-0.035381750465549366
2023-08-04,0.013423020332139046,0.01190072559332073,0.017067317269189582,0.023720931855737388,-0.022346368715083775
2023-08-07,0.011363758650315248,0.012061492899562085,0.017105473128481773,0.013418589300471323,-0.011173184357541888
2023-08-08,0.005633817718257106,0.012074125122841254,0.017084739964355878,0.0010467694635542177,-0.005586592178770999
2023-08-09,0.05996346476755754,0.01739608786855231,0.018360603174992506,0.36518034910649044,0.0
2023-08-10,-0.0017652255245703685,0.017262715974297505,0.018037409660378114,-0.007696311519168929,-0.0017636684303351524
2023-08-11,-0.03414527578120108,0.019137546534280854,0.018451549658933936,0.10310310596632054,-0.03527336860670194
2023-08-14,0.0,0.01915350057805796,0.018401159297564678,0.0008333037391461859,-0.03527336860670194
2023-08-15,0.014519311324452389,0.01870941633508822,0.018464592067243275,-0.023458539884500466,-0.021164021164021163
2023-08-16,-0.0036101122240985717,0.01880361754505594,0.01846605409090655,0.005022326802703158,-0.024691358024691357
2023-08-17,-0.02749944136055049,0.02016500125161766,0.018863767605813656,0.06989918055591819,-0.051146384479717866
2023-08-18,-0.07325046173959215,0.026487919934096403,0.021200577616124802,0.2727401687445168,-0.11816578483245155
2023-08-21,-0.0020020026706735194,0.024986529275670563,0.021005877429710676,-0.05835190415716925,-0.11992945326278659
2023-08-22,0.00798407434822046,0.024950311645350828,0.02101651686709852,-0.0014505371784321768,-0.1128747795414462
2023-08-23,0.013820555618632824,0.02517752510390337,0.020392994402388172,0.009065419084442063,-0.10052910052910058
2023-08-24,0.005865119452396428,0.02516224669993766,0.020057439964083337,-0.0006070110299373076,-0.09523809523809523
2023-08-25,0.0038910554929678653,0.025109059263319574,0.0187026882328089,-0.0021160156588119266,-0.09171075837742504
2023-08-28,0.003875973844692737,0.025125607393447134,0.01861240593455474,0.0006588328434971719,-0.08818342151675485
2023-08-29,0.005785937067043889,0.025170714166415007,0.018486733888457747,0.0017936407962043485,-0.08289241622574961
2023-08-30,0.0,0.025169409244743056,0.018481125757473228,-5.184417778019408e-05,-0.08289241622574961
2023-08-31,0.017159620282825472,0.025215444684990658,0.018568907322987993,0.0018273521184944824,-0.06701940035273368
2023-09-05,0.015009662650566469,0.025258877488230014,0.018611627187737942,0.0017209858351482311,-0.05291005291005291
2023-09-06,0.009267906930780612,0.025218500931589283,0.01832465359131449,-0.0015997878859089158,-0.04409171075837748
2023-09-07,0.0018433184942896474,0.025196276410746517,0.017961383277621132,-0.0008816666317832216,-0.042328042328042326
2023-09-08,-0.007393749024938501,0.021035024189874938,0.017420301457679553,-0.18050727658374538,-0.04938271604938271
2023-09-11,-0.03013410684407347,0.021918522218823466,0.017598692180063175,0.04114315659626269,-0.07760141093474426
2023-09-12,0.007619084476438331,0.02085405342115992,0.017518935917399035,-0.049783681456157705,-0.07054673721340388
2023-09-13,0.0018957351648989373,0.020867268176002797,0.017092237729116447,0.0006334770061992765,-0.06878306878306883
2023-09-14,-0.0037950709685503625,0.02051378242671111,0.017093413239048824,-0.017084833349770463,-0.07231040564373903
2023-09-15,0.0,0.02052108019793354,0.017053465300979693,0.0003556862275505673,-0.07231040564373903
2023-09-18,-0.005719748672786906,0.01968566211342627,0.01706259757488635,-0.04156208020239466,-0.07760141093474426
2023-09-19,-0.007677580899034808,0.010328108293784504,0.017071166891477176,-0.6450209600672375,-0.08465608465608465
2023-09-20,0.007677580899034808,0.010364103911746012,0.01701352792700167,0.0034791465621423043,-0.07760141093474426
2023-09-21,-0.0038314223115563095,0.010362727070412936,0.017024215183259254,-0.00013285581454560734,-0.08112874779541446
2023-09-22,-0.01742541671385922,0.010794780470612473,0.01717640693219199,0.04084725599960959,-0.09700176366843039
2023-09-25,-0.01773445493976844,0.01141448601519394,0.017318731493204478,0.05582047398397142,-0.1128747795414462
2023-09-26,-0.022111453607431386,0.012278138848591033,0.017458908836592565,0.07293703821994034,-0.13227513227513232
2023-09-27,-0.004073325387635052,0.012196616251927467,0.017264495170404244,-0.006661789358426555,-0.13580246913580252
2023-09-28,-0.010256500167189486,0.012137793639275706,0.017304936321585723,-0.0048345268399328295,-0.14462081128747795
2023-09-29,0.0,0.012137793639275706,0.017228479661848796,0.0,-0.14462081128747795
2023-10-02,0.004115232145105452,0.011291068257244718,0.017223612051628884,-0.07231197081421917,-0.14109347442680775
2023-10-03,-0.052699232000851026,0.014841005488802609,0.01849649225421402,0.2733817854481916,-0.18518518518518523
2023-10-04,0.027749912952902633,0.01643162629986104,0.018868957284191558,0.10181385472845603,-0.16225749559082892
2023-10-05,-0.027749912952902633,0.016955598610086997,0.019173283277458965,0.03139015125339868,-0.18518518518518523
2023-10-06,0.004319661144517539,0.01718124669936551,0.01918414332826003,0.0132203923098822,-0.18165784832451504
2023-10-09,0.0064447054426413075,0.016580494172360724,0.01904792097020535,-0.0355915051439132,-0.1763668430335097
2023-10-10,0.008528836347521107,0.016620050212764925,0.019057914452856244,0.00238285462029715,-0.1693121693121693
2023-10-11,0.004237294475515796,0.0166838839226036,0.01904850902316416,0.003833405952272207,-0.1657848324514991
2023-10-12,0.010515343999522031,0.017063401917241323,0.01900713568190817,0.022492698933077915,-0.15696649029982368
2023-10-13,-0.010515343999522031,0.017070220328993028,0.01904544727514091,0.00039951270322749005,-0.1657848324514991
2023-10-16,-0.006362693787830054,0.01707163736847722,0.019047049097163843,8.30088782792529e-05,-0.17107583774250446
2023-10-17,0.002125399312314258,0.017141648321319994,0.01905110130666043,0.004092621227454804,-0.1693121693121693
2023-10-18,-0.010672459890772146,0.01692541932798867,0.01841507382869789,-0.012694475049888016,-0.17813051146384484
2023-10-19,-0.004301081899390269,0.016922914040643923,0.018356333647224332,-0.0001480300871382705,-0.18165784832451504
2023-10-20,0.0064447054426413075,0.016901086317919242,0.018373910995935733,-0.0012906641802698502,-0.1763668430335097
2023-10-23,0.006403437035206849,0.016775148132017987,0.018379163763351962,-0.007479381246615461,-0.17107583774250446
2023-10-24,0.002125399312314258,0.016217925684853585,0.018345194444028993,-0.033781338611153226,-0.1693121693121693
2023-10-25,0.00845671001822268,0.01638216589132867,0.018387540588839863,0.01007613705112188,-0.16225749559082892
2023-10-26,-0.04742267855160698,0.019273964441513077,0.019309363068202474,0.16256180346672858,-0.20105820105820105
2023-10-27,0.010977058631151948,0.019530846422464897,0.019387794154839946,0.013239884195960012,-0.19223985890652562
2023-10-30,0.03854867011723506,0.021587814241088035,0.02001213460011011,0.10013386764968785,-0.16049382716049387
2023-10-31,-0.01908859656252382,0.018442100343213388,0.020043846028718077,-0.15749280785814002,-0.1763668430335097
2023-11-01,0.0,0.01729530010322883,0.019969450395019003,-0.06420128290272581,-0.1763668430335097
2023-11-02,0.03368739598367654,0.017716823949517877,0.02047654382486274,0.02407988574026858,-0.14814814814814814
2023-11-03,-0.010405921161117604,0.0179297907922727,0.018835920951040815,0.01194891905969701,-0.15547703180212014
2023-11-06,0.004175371410481077,0.017903922573465708,0.01885729832548909,-0.001443791694075889,-0.1351351351351351
2023-11-07,0.006230549750636527,0.0178629039185649,0.01843349138746474,-0.0022936700831560942,-0.12972972972972974
2023-11-08,0.018462062839734728,0.018266408371982863,0.01862182310632604,0.02233759694342078,-0.11351351351351346
2023-11-09,0.012121360532344028,0.018309434943581827,0.018588823062322114,0.0023527314215381475,-0.09945750452079571
2023-11-10,-0.01619468591997908,0.018556931812763897,0.018680295425146595,0.01342689692194772,-0.09760589318600366
2023-11-13,0.0,0.018464560519647812,0.018379382718312427,-0.004990151886259246,-0.09760589318600366
2023-11-14,0.018200704646845978,0.018813065633309166,0.015966823542593916,0.018698351613255792,-0.08103130755064458
2023-11-15,0.00997017231984998,0.018594972833095132,0.01601653497889707,-0.011660336312738728,-0.07182320441988954
2023-11-16,-0.001986097971629519,0.01854825469865675,0.015985740495391275,-0.0025155667411562092,-0.07366482504604055
2023-11-17,0.001986097971629519,0.018544565326631565,0.01588501726642473,-0.0001989263714958204,-0.07182320441988954
2023-11-20,-0.00997017231984998,0.018784031028986403,0.015914108088484785,0.01283031683122346,-0.08103130755064458
2023-11-21,0.00599402394021098,0.01879453522032012,0.0159261671798585,0.0005590519844259712,-0.07550644567219156
2023-11-22,0.0,0.018764846150478343,0.015916279107014337,-0.0015809131637714582,-0.07550644567219156
2023-11-23,-0.00399202126953746,0.014730699242840966,0.01590097420178577,-0.24205138785247288,-0.07918968692449357
2023-11-24,-0.0100503358535029,0.015024289706665158,0.015946841905432236,0.019734491930325372,-0.08839779005524862
2023-11-27,-0.006079046076381545,0.012746384227115793,0.01578410454935061,-0.16442044490269003,-0.09392265193370164
2023-11-28,-0.0020345886977874983,0.011822763411871563,0.015639991893061506,-0.07522080422182659,-0.09576427255985265
2023-11-29,-0.0020387366898475534,0.011854252371679471,0.015576128677906755,0.0026598750503200935,-0.09760589318600366
2023-11-30,0.0,0.009291524095733498,0.015570876532328855,-0.24358382343280344,-0.09090909090909094
2023-12-01,-0.010256500167189486,0.009282163049299031,0.015592952949136533,-0.0010079891056720643,-0.08143939393939392
2023-12-04,0.008213598537388123,0.009404242431846687,0.015190932703274613,0.013066289165797863,-0.07386363636363635
2023-12-05,0.004081638319648917,0.009352615084655362,0.015163278789316849,-0.0055049117340908935,-0.07007575757575757
2023-12-06,0.028114301480838932,0.010490618559259758,0.015624175842224796,0.11482527885357947,-0.03992395437262353
2023-12-07,-0.001982161203990529,0.010195061169090153,0.015619924495376913,-0.028577955680468156,-0.041825095057034245
2023-12-08,-0.011976191046716878,0.00986771860138437,0.01568704692335851,-0.03263468939672776,-0.04780114722753348
2023-12-11,0.0,0.00986771860138437,0.015674707831560414,0.0,-0.04780114722753348
2023-12-12,0.0,0.008978664989647245,0.01564906402507784,-0.09441737522593474,-0.04780114722753348
2023-12-13,0.0,0.008661279493420484,0.015610839874559811,-0.03598870643106755,-0.04414587332053743
2023-12-14,0.0,0.008655920581841487,0.01560613315236237,-0.0006189113179560918,-0.02734375
2023-12-15,-0.0040241502997240275,0.008669404804337604,0.015458669018730367,0.001556589484158741,-0.017821782178217838
2023-12-18,-0.0020181641562384556,0.008405021765997769,0.015294473474267866,-0.030970745628072827,-0.01980198019801982
2023-12-19,0.0020181641562384556,0.008292031091871405,0.015025222883748409,-0.013534396104564788,-0.017821782178217838
2023-12-20,0.0,0.008292031091871405,0.01501508513095342,0.0,-0.017821782178217838
2023-12-21,-0.004040409537005019,0.00829307951276308,0.014963049094079181,0.00012642901862705772,-0.0217821782178218
2023-12-22,0.0,0.007989472759730038,0.014963049094079181,-0.037296557455213625,-0.0217821782178218
2023-12-25,0.0,0.00786474015235399,0.014954723895111561,-0.01573525274766115,-0.0217821782178218
2023-12-26,0.002022245380766563,0.007856307787409013,0.013242153802506056,-0.001072747193249418,-0.01980198019801982
2023-12-27,0.006042314455962483,0.007931420349715895,0.012791975869486933,0.009515369562783219,-0.013861386138613874
2023-12-28,0.0020060187268668983,0.007933325339042075,0.012231352525378549,0.0002401534788108215,-0.011881188118811892
2023-12-29,0.0020020026706735194,0.00748613702376367,0.01222526139060111,-0.05801929571083434,-0.00990099009900991
2024-01-02,0.0,0.00732330207537745,0.012207103973306477,-0.02199155416517595,-0.00990099009900991
2024-01-03,0.02176149178151121,0.008647872552751982,0.012459817403513169,0.16625180443436335,0.0
2024-01-04,-0.003921573653180133,0.006166475297533507,0.012472382106287618,-0.3381854676152015,-0.003913894324853229
2024-01-05,-0.009871748479154618,0.006565931483492475,0.012492613796684785,0.06276687521876533,-0.013698630136986356
2024-01-08,-0.00997017231984998,0.006386217261109849,0.012484378701173127,-0.027752225936417796,-0.023483365949119372
2024-01-09,-0.0020060187268668983,0.006403604921839021,0.012454102801057146,0.0027189813904657605,-0.025440313111546042
2024-01-10,-0.0020100509280229772,0.006419359098201568,0.012459011299339979,0.002457179119079469,-0.0273972602739726
2024-01-11,0.0,0.006419359098201568,0.012366902227165274,0.0,-0.0273972602739726
2024-01-12,-0.01011130960432105,0.006798024022096211,0.012432274887943526,0.057313614418058836,-0.03718199608610573
2024-01-15,0.020121403199421906,0.008165536920517944,0.012657571385538784,0.18329025172575972,-0.017612524461839585
2024-01-16,0.0,0.00814390490648507,0.012639976498633076,-0.002652696569309147,-0.017612524461839585
2024-01-17,-0.001994018606865211,0.008159182263039834,0.01264548678351725,0.0018741655646019942,-0.019569471624266144
2024-01-18,-0.004000005333345769,0.008220913524777239,0.012623712556719327,0.0075373769994568855,-0.023483365949119372
2024-01-19,0.0,0.008158003414545242,0.010921770530492831,-0.007681868466921934,-0.023483365949119372
2024-01-22,0.0,0.008158003414545242,0.010853963558374756,0.0,-0.023483365949119372
2024-01-23,0.0020020026706735194,0.008163780264596417,0.009699638861974133,0.0007078691063754994,-0.021526418786692814
2024-01-24,0.0,0.008157806329000478,0.00934204105276917,-0.0007320279199783066,-0.021526418786692814
2024-01-25,0.0411419433311746,0.012190852290478803,0.010672284052560734,0.40171015209761807,0.0
2024-01-26,-0.01742541671385922,0.012961878471379935,0.010110952673694145,0.06132671717250422,-0.017274472168905985
2024-01-29,0.013579258126380722,0.013250833484517065,0.01012762442370088,0.022047813921977497,-0.0038387715930902067
2024-01-30,0.06526080358139552,0.019383573816753832,0.013060058344069057,0.380365303216589,0.0
2024-01-31,-0.0018066852249489784,0.019032343061136013,0.013061213313902526,-0.018286189081507274,-0.0018050541516245744
2024-02-01,0.04248426498576485,0.020771536898023326,0.013907196221112963,0.08744378888149244,0.0
2024-02-02,-0.01924818830491759,0.02125521456110167,0.014133143888785263,0.023018614218814397,-0.01906412478336217
2024-02-05,-0.003539826705123872,0.021051758124914718,0.013948210206065695,-0.009618173816402736,-0.022530329289428108
2024-02-06,0.0,0.02101574001202731,0.013948210206065695,-0.0017123958476220188,-0.022530329289428108
2024-02-07,0.0,0.020979071016949274,0.01379458567595134,-0.0017463579921088962,-0.022530329289428108
2024-02-15,0.008826182628272505,0.020931836472118198,0.013784226867894394,-0.002254045312749886,-0.013864818024263426
2024-02-16,0.03454574952525569,0.021413208160228066,0.014397384116393587,0.022736648504848918,0.0
2024-02-19,0.008453135711057769,0.021252527926350143,0.014416671721304937,-0.007532082319004033,0.0
2024-02-20,-0.015267472130787496,0.021836822644649187,0.014511725680406817,0.027121794864094363,-0.015151515151515138
2024-02-21,0.02030526616074546,0.021887690906486703,0.014684207132219835,0.0023267616898566316,0.0
2024-02-22,-0.003355707846973033,0.021868378977789964,0.014701775638814545,-0.0008827082128115048,-0.00335008375209378
2024-02-23,-0.03245374484973773,0.02368423652219187,0.015369706468910794,0.0797679550142547,-0.035175879396984966
2024-02-26,0.0051948168771041026,0.02362983007073491,0.015286884791897708,-0.0022998003070445507,-0.03015075376884424
2024-02-27,-0.0017286089006187666,0.023689621933210725,0.015255246129097516,0.0025271581345073517,-0.031825795644891075
2024-02-28,-0.0017316021642770352,0.023720650993257254,0.015253707473338823,0.001308958985974641,-0.03350083752093802
2024-02-29,-0.010453056852089304,0.022610241943921288,0.015336374379218172,-0.04794301097771653,-0.04355108877721947
2024-03-01,0.005240186663556301,0.022009160773274285,0.015336528974606006,-0.026944209428616715,-0.038525963149078746
2024-03-04,0.0034782643763247023,0.02193497537224011,0.015243035431743115,-0.0033763520802681714,-0.035175879396984966
2024-03-05,0.003466207976485336,0.016776795201894543,0.015227119672338262,-0.2680855780499959,-0.031825795644891075
2024-03-06,-0.005203827875027045,0.016835742016831492,0.015260885424733266,0.003507431760341499,-0.0368509212730318
2024-03-07,0.008658062743114314,0.014011655993841384,0.014912992460799796,-0.18361445355961425,-0.028475711892797295
2024-03-08,-0.008658062743114314,0.01342341525105937,0.014970336353004841,-0.04288893412030981,-0.0368509212730318
2024-03-11,0.0,0.013386623633743858,0.014857580790361723,-0.002744614666402321,-0.0368509212730318
2024-03-12,-0.012248622076198146,0.013709425570270573,0.014974748484561573,0.023827604413431718,-0.048576214405360085
2024-03-13,0.008764297993588244,0.013837015645061785,0.01499573502530692,0.009263693527227624,-0.04020100502512558
2024-03-14,-0.0034965070587293923,0.013734392651020281,0.015011760471387917,-0.007444189459583757,-0.04355108877721947
2024-03-15,0.0,0.011104952346255905,0.015011760471387917,-0.2125117609557919,-0.04355108877721947
2024-03-18,-0.012334958157952158,0.011092073651297133,0.015108940397504343,-0.0011603973254199324,-0.055276381909547756
2024-03-19,0.0,0.010691908271488314,0.015101768240193443,-0.036743514959632906,-0.055276381909547756
2024-03-20,0.003539826705123872,0.009450433776391497,0.015102778157521845,-0.123426453485983,-0.051926298157453976
2024-03-21,0.014035318116384587,0.01015730095700069,0.015176634399493225,0.07213203666486125,-0.038525963149078746
2024-03-22,0.0017406444777829932,0.007161421788129104,0.01515316537257652,-0.3494838061423834,-0.0368509212730318
2024-03-25,-0.008733679968754515,0.007296732965351954,0.015219687951241952,0.01871814807118445,-0.045226130653266305
2024-03-26,0.001752848827415221,0.007314500316030877,0.015216714333585353,0.0024320103271224442,-0.04355108877721947
2024-03-27,0.00174978172378637,0.007327797179184339,0.015216873948331917,0.0018162243528692884,-0.041876046901172526
2024-03-28,0.0,0.006938085144699386,0.01521241911865281,-0.05464905212498001,-0.041876046901172526
2024-03-29,0.005231049417552924,0.006937728281349808,0.015217027358347499,-5.14366724794319e-05,-0.0368509212730318
2024-04-01,-0.008733679968754515,0.007157466948469941,0.015284309392678221,0.03118171202904667,-0.045226130653266305
2024-04-02,0.006993035490971522,0.007302906408174921,0.015294034154838706,0.020116238968459228,-0.038525963149078746
2024-04-03,0.013841051411871419,0.00785694989089366,0.015156778220253641,0.07312597295103376,-0.025125628140703515
2024-04-04,-0.01733145635164135,0.008571662368849176,0.015345791542816052,0.08706310650220997,-0.041876046901172526
2024-04-05,0.0017467253349430223,0.00837641383067684,0.015267259316061996,-0.02304178290051007,-0.04020100502512558
2024-04-08,-0.021164811192043942,0.009600710307092204,0.015484600721183165,0.1364170547536172,-0.06030150753768848
2024-04-09,-0.001784121793500404,0.00924739587075477,0.015483665872235902,-0.037495061860805756,-0.061976549413735316
2024-04-10,0.0,0.008978591131223972,0.01547711334933079,-0.02949897164020068,-0.061976549413735316
2024-04-11,-0.005371543801912182,0.0090141292574795,0.015504325816647818,0.003950279023791771,-0.06700167504187604
2024-04-12,0.005371543801912182,0.009132305617361624,0.015429698724050436,0.013024916590654885,-0.061976549413735316
2024-04-15,-0.06835531966427233,0.01753041328229161,0.017738864461030547,0.652118555046479,-0.12395309882747063
2024-04-16,-0.029100016486442115,0.018387405418968054,0.018150883995713244,0.04772864118909389,-0.14907872696817426
2024-04-17,0.009794397592287396,0.018596386961664345,0.01819051255159923,0.011301364219321442,-0.14070351758793975
2024-04-19,-0.017699577099399733,0.018244832529231546,0.018332034537834167,-0.019085411264860613,-0.15577889447236182
2024-04-22,0.0,0.018207553963101926,0.018332034537834167,-0.002045328839032738,-0.15577889447236182
2024-04-23,-0.028170876966695957,0.018835920561561543,0.018693549998541895,0.033929135787515635,-0.1792294807370184
2024-04-24,0.014184634991956102,0.019357382921490852,0.01878495305288427,0.02730816373464218,-0.1675041876046901
2024-04-25,-0.0020140993717010502,0.019286621154601887,0.018786570286161524,-0.003662240031612235,-0.16917922948073705
2024-04-26,0.0,0.019286621154601887,0.017988363642735095,0.0,-0.16917922948073705
2024-05-02,0.016000341346440905,0.019793512818966713,0.017982960950820193,0.025942584223676814,-0.15577889447236182
2024-05-03,0.001982161203990529,0.01987727913820761,0.0178937682153422,0.004223076846757635,-0.15410385259631487
2024-05-06,0.03310915860727981,0.021565613654380665,0.016303133680212432,0.08152271875711233,-0.12562814070351758
2024-05-07,0.005730674708983585,0.021271920665948917,0.016325770377169185,-0.01371215489936162,-0.12060301507537685
2024-05-08,-0.019231361927886326,0.021333319930509933,0.015469969376160277,0.00288224065322805,-0.13735343383584586
2024-05-09,0.0077369825021520455,0.021478259408999997,0.015348693051014842,0.006771063659511291,-0.1306532663316583
2024-05-10,0.05071509257901674,0.02443273552431313,0.016756769243333313,0.12888256342344365,-0.085427135678392
2024-05-13,0.01454571100237878,0.02468915293789534,0.016869563153289493,0.01044013763531779,-0.07202680067001677
2024-05-14,-0.01454571100237878,0.024885909377335952,0.016969426660567517,0.007937756766215854,-0.085427135678392
2024-05-15,0.005479465764624436,0.024909961487309784,0.016943596865995534,0.0009660279764722122,-0.08040201005025127
2024-05-16,-0.005479465764624436,0.024888385951031173,0.0163127375879779,-0.0008665158614014744,-0.085427135678392
2024-05-17,0.010929070532190721,0.019334490828389242,0.016340841219844734,-0.25251056105340913,-0.07537688442211055
2024-05-20,0.0036166404701880595,0.01782785772056733,0.01624732737850246,-0.08112827243084347,-0.07202680067001677
2024-05-21,0.003603607503297468,0.01778174840395497,0.01601920685271515,-0.0025897122435873626,-0.06554621848739495
2024-05-22,0.007168489478614148,0.017036559707374995,0.01605262757116895,-0.04281093017261964,-0.037800687285223344
2024-05-23,0.0,0.017036559707374995,0.015512874815421419,0.0,-0.037800687285223344
2024-05-24,-0.02348798130721441,0.016578829584868462,0.01577509368187655,-0.027235034475399197,-0.06013745704467355
2024-05-27,0.009099243855114736,0.016477344742124044,0.015827853306464912,-0.0061401600308317,-0.05154639175257736
2024-05-28,0.028573372444055778,0.017172677506033178,0.016273802297467152,0.04133318764043073,-0.02405498281786944
2024-05-29,0.0664073723383467,0.021633838445775055,0.018350565877057638,0.23093895979372966,0.0
2024-05-30,-0.008271345750676673,0.02196355656513418,0.018380766494904426,0.015125869534070703,-0.008237232289950547
2024-05-31,-0.015063046311096784,0.02256786166529144,0.018490403202862802,0.027142271759503525,-0.023064250411861664
2024-06-03,0.0016849203649194067,0.021811264540809363,0.018486964790626715,-0.034100270230573014,-0.021416803953871466
2024-06-04,0.0,0.021858947743288632,0.01847216714329153,0.002183786022425912,-0.021416803953871466
2024-06-05,-0.011854499534548424,0.021466413213386215,0.01850919113010238,-0.018120799510095903,-0.0329489291598023
2024-06-06,0.02357011470711079,0.021802096664729844,0.018714269372624378,0.015516597736304644,-0.009884678747940745
2024-06-07,-0.0016652793190612414,0.01932170515927069,0.018716615766926507,-0.12077699991911736,-0.011532125205930832
2024-06-10,-0.0033389012655131722,0.019256558819458317,0.018647282392831768,-0.0033773613037306888,-0.014827018121911006
2024-06-11,-0.018565934122536376,0.019478083729363906,0.018784174832586268,0.01143819569045024,-0.0329489291598023
2024-06-12,0.006791197578001729,0.019486879867096716,0.018794933149721804,0.0004514893666234737,-0.02635914332784184
2024-06-13,-0.0102041701742408,0.019631935623286256,0.018846310066845492,0.007416193207618678,-0.036243822075782584
2024-06-14,-0.036557595733798465,0.021465680351139885,0.019375813305737184,0.08929774470625305,-0.07084019769357497
2024-06-17,-0.007117467768862795,0.021532882350929032,0.019397588691625105,0.003125779980758913,-0.07742998352553543
2024-06-18,0.012422519998557036,0.02168868242530561,0.01945978093926004,0.007209395490547132,-0.0658978583196046
2024-06-19,0.0,0.021640200350061763,0.019372728474485738,-0.002237863983241103,-0.0658978583196046
2024-06-20,0.0,0.021640200350061763,0.019371069479796228,0.0,-0.0658978583196046
2024-06-21,0.012270092591814219,0.02101150628094373,0.019404610791360615,-0.029482492618173164,-0.054365733113673764
2024-06-24,-0.014035318116384587,0.02125915498052788,0.01948891025684925,0.011717413850701333,-0.06754530477759468
2024-06-25,0.0,0.020263250642759897,0.019487333568336755,-0.047978669801413375,-0.06754530477759468
2024-06-26,0.0017652255245703685,0.01290212606365505,0.019488935829294726,-0.4514165418005731,-0.0658978583196046
2024-06-27,0.0,0.012870573748446119,0.019476168716164036,-0.0024485061105273386,-0.0658978583196046
2024-06-28,-0.012422519998557036,0.012753271996144577,0.01950925030043465,-0.009155727936936048,-0.07742998352553543
2024-07-01,0.005342844410494152,0.012847804227010184,0.01949996282301847,0.00738504786527806,-0.07248764415156506
2024-07-02,0.0,0.012847804227010184,0.019411236248372786,0.0,-0.07248764415156506
2024-07-03,0.007079675588062884,0.012833774288978127,0.01930916515897014,-0.001092606398239173,-0.0658978583196046
2024-07-04,0.0017621149933990665,0.01141925020664443,0.01930919083385408,-0.11677966978362127,-0.06425041186161451
2024-07-05,0.005267790934858851,0.011560624661198478,0.019122142625368665,0.012304341599431336,-0.05930807248764414
2024-07-08,-0.003508775529679653,0.011561353602013566,0.01912661582467208,6.305171439171728e-05,-0.06260296540362442
2024-07-09,0.005258557253466023,0.011032591785918587,0.01913742247729967,-0.04681412681367336,-0.05766062602965405
2024-07-10,-0.007017572658645221,0.010931582101850218,0.01914694576989918,-0.009197733063859242,-0.06425041186161451
2024-07-11,0.005267790934858851,0.010866561553224378,0.019146487043086052,-0.005965708166332799,-0.05930807248764414
2024-07-12,0.006980831141339294,0.007132273056666368,0.016905284995675843,-0.42105985942270197,-0.05271828665568368
2024-07-15,0.027445976608747813,0.009010656671675759,0.016741325621182836,0.23377767382700435,-0.02635914332784184
2024-07-16,-0.005089069507471677,0.008865203054439304,0.016742011963441796,-0.01627408884872449,-0.03130148270181221
2024-07-17,-0.015424470325630324,0.009666432461575931,0.016698527220995314,0.08652537496825018,-0.04612850082372322
2024-07-18,-0.0034602110648958018,0.00971699434230741,0.016712616827142677,0.005217028315260797,-0.0494233937397035
2024-07-19,-0.0017346058122083008,0.00935023520744876,0.016238658153386005,-0.03847480738226735,-0.05107084019769359
2024-07-22,-0.01751358249270929,0.009655790200463775,0.01637359299568739,0.03215622347903178,-0.06754530477759468
2024-07-23,0.0,0.009655790200463775,0.01636693963374836,0.0,-0.06754530477759468
2024-07-24,0.003527340517969435,0.009680752094061072,0.01636523723478389,0.0025818350835225467,-0.06425041186161451
2024-07-25,-0.005295687574710328,0.009755423629472017,0.016292939333530522,0.007683798193987287,-0.06919275123558488
2024-07-26,0.0035335725813112617,0.009345060621287551,0.016294296209635118,-0.04297542710975244,-0.0658978583196046
2024-07-29,0.003521130398578265,0.00930541005901433,0.015774116870235954,-0.00425196555848847,-0.06260296540362442
2024-07-30,-0.014159528603634897,0.009869411410711957,0.015890920906588404,0.05884419828467819,-0.07578253706754534
2024-07-31,-0.05873247366439749,0.016238517139209627,0.017485946167960984,0.497945406496931,-0.12850082372322902
2024-08-01,-0.07047925781560771,0.02201941078227097,0.019707682267381017,0.3045381895606438,-0.18780889621087316
2024-08-02,-0.026723070140754146,0.02223606234659829,0.0187872411315939,0.009791023882774934,-0.20922570016474462
2024-08-05,-0.0712275092883683,0.02620821876288656,0.02066499589694691,0.16435758570954903,-0.2635914332784185
2024-08-06,0.017738824337381942,0.026784663321752854,0.020794452702511575,0.021756396570236685,-0.2504118616144976
2024-08-07,0.0,0.026891427111527057,0.020768424840178108,0.003978079995296746,-0.2504118616144976
2024-08-08,0.002195390563436206,0.026801682107520357,0.020777342240192113,-0.003342889076734556,-0.24876441515650738
2024-08-09,-0.006600684031353055,0.026485789510123495,0.02070123624518074,-0.011856302042639235,-0.25370675453047775
2024-08-12,0.004405293467916849,0.025150657404595347,0.02070594852838684,-0.051724288665651694,-0.2504118616144976
2024-08-13,0.002195390563436206,0.02532455217243759,0.020698809268903922,0.006890328475714972,-0.24876441515650738
2024-08-14,0.0021905813798177576,0.025530714753713983,0.020666069838545954,0.008107857535300647,-0.2471169686985173
2024-08-15,0.0,0.025602049676806314,0.020666069838545954,0.0027901852076363163,-0.2471169686985173
2024-08-16,0.017354014693152564,0.026336722742839776,0.02066540738043572,0.02829184259322278,-0.23393739703459637
2024-08-19,-0.004310351501123577,0.0263225094062468,0.020607993719405485,-0.0005398229696802752,-0.23723228995057666
2024-08-20,0.006458580039412354,0.026491284262812973,0.020229275363006744,0.006391336635889176,-0.23228995057660629
2024-08-21,-0.006458580039412354,0.026322019162143464,0.018042659138046445,-0.006409961322269262,-0.23089700996677742
2024-08-22,-0.008676844025687913,0.026299577677847644,0.01804416651945608,-0.0008529378990607161,-0.23627287853577372
2024-08-23,-0.022027322318290743,0.026208319224441216,0.01813530373628014,-0.0034759918380396775,-0.2529118136439268
2024-08-26,0.0,0.026112574973154744,0.018126652235201015,-0.00365988857907413,-0.2529118136439268
2024-08-27,0.0022246950221109785,0.0262924568350711,0.018138626126621153,0.00686508503229734,-0.2512479201331115
2024-08-28,0.011049836186584727,0.02417284589316731,0.018224758553314898,-0.08405211970046826,-0.24292845257903495
2024-08-29,-0.004405293467916849,0.019100386802952757,0.01785518177032538,-0.235521236466669,-0.245
2024-08-30,0.013158084577511886,0.018706346645886166,0.018000014202781894,-0.0208457161747472,-0.2324414715719063
2024-09-04,0.027928775525010607,0.011019755410885648,0.018479398917842133,-0.529172877765994,-0.20135363790186123
2024-09-05,-0.006376217139276719,0.01060142411091259,0.01838266945554228,-0.03870123047074632,-0.20642978003384094
2024-09-06,-0.01071821622002389,0.010947318225442473,0.018351602013765518,0.032106143364743815,-0.21489001692047383
2024-09-09,-0.006486509229606696,0.0110680274383489,0.018336680148606375,0.010966015681006453,-0.21996615905245342
2024-09-10,-0.017505917513615188,0.011689756470205937,0.017923105760695803,0.054652353903963016,-0.23350253807106602
2024-09-11,-0.0066445427186678785,0.011731639885674716,0.017921660158774024,0.0035765095908858804,-0.23857868020304573
2024-09-12,0.004434597067865198,0.011769866987984124,0.017829713527872184,0.00325316190971112,-0.23519458544839256
2024-09-13,0.0022099456508026805,0.011770095614630079,0.017839929972623954,1.942453822697847e-05,-0.23350253807106602
2024-09-16,0.006600684031353055,0.011875142723779014,0.01788368907490591,0.008885316350274721,-0.2284263959390863
2024-09-17,-0.006600684031353055,0.011210497035688235,0.017764842851058234,-0.057596744067546786,-0.23350253807106602
2024-09-18,-0.004424785980354784,0.01121213953466513,0.01771558592359584,0.00014650351305862169,-0.2368866328257191
2024-09-19,0.004424785980354784,0.011146978254058651,0.017740802861845973,-0.005828620557565578,-0.23350253807106602
2024-09-20,0.008791265411170812,0.011304260317589975,0.017800654030379563,0.014011208866223607,-0.22673434856175978
2024-09-23,-0.0043859719432539634,0.011184023244490537,0.017794647010412102,-0.010693400550429975,-0.23011844331641285
2024-09-24,0.002195390563436206,0.00996849404657008,0.017772806205368794,-0.11505663075518763,-0.2284263959390863
2024-09-25,-0.002195390563436206,0.009989525046243102,0.017736388728655357,0.0021075224233784978,-0.23011844331641285
2024-09-26,0.0,0.009983613019007052,0.017736388728655357,-0.0005919972584603388,-0.23011844331641285
2024-09-27,0.0,0.009673033904921932,0.017687959590864596,-0.03160301429647262,-0.23011844331641285
2024-09-30,-0.0022002209096019243,0.009632661975232803,0.01767473534699952,-0.00418238710128802,-0.23181049069373938
2024-10-01,-0.0022050725583149244,0.009137225396127829,0.017636517627316172,-0.05280278436302592,-0.23350253807106602
2024-10-02,-0.004424785980354784,0.006202471334826444,0.01763660641743536,-0.38740843935964525,-0.2368866328257191
2024-10-03,0.0,0.006144199763957952,0.0176034912686475,-0.009439290749084844,-0.2368866328257191
2024-10-04,-0.004444451760424073,0.00582521857217022,0.01759905290463402,-0.05331189799231932,-0.24027072758037227
2024-10-07,0.0,0.005721002229873298,0.017565557277928842,-0.01805248553933208,-0.24027072758037227
2024-10-08,-0.00670393572219119,0.004489809069279729,0.017509234196795058,-0.24233334843210058,-0.24534686971235198
2024-10-09,0.0,0.004273538780066567,0.017019213791513402,-0.049367826462235476,-0.24149659863945583
2024-10-10,-0.004494389587838654,0.004202597720401996,0.017019151567103836,-0.016739359676307897,-0.23316062176165808
2024-10-11,0.0,0.004145385736809138,0.01697055567965832,-0.013706961104171517,-0.2305025996533796
2024-10-14,-0.009049835519917337,0.004111453908477301,0.016980511019031776,-0.008219110123683046,-0.23611111111111116
2024-10-15,-0.0045558165358610125,0.004009582250674271,0.01697657916990659,-0.025089594176843748,-0.23022847100175747
2024-10-16,-0.020761991448429384,0.005842593003490238,0.017023688515950063,0.3764868642875335,-0.2460456942003515
2024-10-17,0.009280809074471819,0.006233368527953148,0.017108321578191178,0.06474206832760498,-0.23901581722319865
2024-10-18,0.0,0.00570039558516882,0.017086441174016684,-0.0893811580380516,-0.23901581722319865
2024-10-21,0.0,0.005716354726064504,0.017096057418869822,0.002795738349032782,-0.23901581722319865
2024-10-22,-0.011614532420692214,0.005951372637786848,0.017088237977444652,0.04029050271012977,-0.2478031634446397
2024-10-23,0.0,0.005990383819235697,0.017065601633488327,0.006533587421295194,-0.2370766488413547
2024-10-24,0.0,0.005990383819235697,0.017031087200197227,0.0,-0.1909262759924386
2024-10-25,0.0023337233462203955,0.006075228349547058,0.01549085123066233,0.014064066867982658,-0.12981744421906694
2024-10-28,-0.009367750003599795,0.006238381138332362,0.012784414116347087,0.026501095791608326,-0.11458333333333337
2024-10-29,-0.02622319509910298,0.008061741348438223,0.012768496574104404,0.2564085030609318,-0.1228813559322034
2024-10-30,-0.029413885206293955,0.009798629635912132,0.009731900989800668,0.1951127415762869,-0.14830508474576276
2024-10-31,0.014815085785141235,0.010768272649970297,0.009639450543508723,0.09436145824730566,-0.13559322033898302
2024-11-01,-0.012330612457478907,0.010890169484527255,0.009731059552223411,0.011256396773730155,-0.14618644067796593
2024-11-04,0.0,0.010890169484527255,0.009719050367281459,0.0,-0.14618644067796593
2024-11-05,0.031748698314579826,0.013684503850277852,0.01063331792162609,0.22840339918510333,-0.11864406779661019
2024-11-06,0.0,0.013684503850277852,0.010607590387342818,0.0,-0.11864406779661019
2024-11-07,-0.0024067400305636255,0.013684334661225686,0.010597097639825593,-1.2363617729726346e-05,-0.12076271186440679
2024-11-08,-0.004830927269665608,0.01366420458319292,0.010593631650916563,-0.0014721127711489956,-0.125
2024-11-11,-0.002424243611507393,0.013605795568544642,0.010591710217869057,-0.004283759501699149,-0.1271186440677966
2024-11-12,0.002424243611507393,0.01366096258421683,0.010307384223271099,0.004046469343616118,-0.125
2024-11-13,0.0,0.013008547253793435,0.010305863077347944,-0.04893565983666565,-0.125
2024-11-14,0.0,0.012751693208032424,0.010250611198887507,-0.019942543575160423,-0.125
2024-11-15,0.0,0.012751693208032424,0.010237031067981744,0.0,-0.125
2024-11-18,0.0024183808642810334,0.012786713102266213,0.010212808442748442,0.0027425273396515337,-0.1228813559322034
2024-11-19,0.0,0.012601116951497841,0.009860259813112724,-0.014621124413204643,-0.1228813559322034
2024-11-20,0.0024125464053845747,0.012629388534416136,0.009870782565782716,0.002241062697373342,-0.12076271186440679
2024-11-21,0.0,0.012629388534416136,0.009861444694852815,0.0,-0.12076271186440679
2024-11-22,0.0024067400305636255,0.012630578442915485,0.009739625872676114,9.421291478074998e-05,-0.11864406779661019
2024-11-25,0.0,0.012497962713288768,0.009733906570937223,-0.0105550779467994,-0.11864406779661019
2024-11-26,0.011947573421119628,0.011313059298065788,0.009704388366662956,-0.09960781576758415,-0.10805084745762716
2024-11-27,-0.0023781224049681526,0.008856524856312442,0.008905685802025012,-0.24480304407216003,-0.10447761194029848
2024-11-28,0.0,0.008350088162619354,0.008889946743641474,-0.058882293582557296,-0.09482758620689657
2024-11-29,0.0,0.007709754116030532,0.008815882895882076,-0.07978570223733457,-0.08893709327548804
2024-12-02,0.0,0.007709754116030532,0.008795446912337308,0.0,-0.08096280087527352
2024-12-03,-0.0047732787526584275,0.003466983500260534,0.008554303457195527,-0.7991998006020993,-0.08533916849015322
2024-12-04,0.009523881511256604,0.0040391557395888745,0.008638625220099932,0.1527503785906663,-0.07658643326039383
2024-12-05,0.011778699192612763,0.004659744742458968,0.008768998546399296,0.14292464583170245,-0.06564551422319476
2024-12-06,-0.01652930195121094,0.006021607409941618,0.00898564310665041,0.25639307960353175,-0.08096280087527352
2024-12-09,0.0023781224049681526,0.005980183679291977,0.008939446280505465,-0.0069029407029142405,-0.07877461706783373
2024-12-10,0.009456335242035152,0.006263369515299325,0.00901900834122523,0.04626694283521906,-0.07002188183807445
2024-12-11,-0.007083854888405128,0.00654268326929686,0.00904230863895258,0.04362899745907694,-0.07658643326039383
2024-12-12,-0.0023724803536300243,0.006584627790836571,0.009014356347376979,0.006390432920505959,-0.07877461706783373
2024-12-13,0.0,0.006584627790836571,0.008919808545836825,0.0,-0.07675438596491224
2024-12-16,-0.0023781224049681526,0.006615961260885088,0.008912055362468927,0.004747285336889914,-0.07894736842105265
2024-12-17,-0.0023837913552764434,0.006650984247164174,0.0089009185255379,0.005279740512659644,-0.07912087912087917
2024-12-18,0.00713439411387462,0.00680082073943075,0.008968211825243976,0.02227841793967275,-0.07252747252747249
2024-12-19,-0.014320053774749653,0.007600331341983564,0.009123453868183647,0.11114838741904046,-0.08571428571428574
2024-12-20,0.007185659660875032,0.0077496517255485845,0.009190308495296303,0.019456034393730497,-0.0770925110132159
2024-12-23,0.00713439411387462,0.007895078423940561,0.009254864155788233,0.018591653541028832,-0.06843267108167772
2024-12-24,-0.011919092237210549,0.007911781884839294,0.00935682532880903,0.0021134426009180927,-0.07538802660753885
2024-12-25,-0.004807701568102729,0.007961002052077608,0.00935906750667693,0.006201843756934238,-0.07982261640798227
2024-12-26,0.011976191046715101,0.008444163756475404,0.009515540102965002,0.05892057328689625,-0.06458797327394206
2024-12-27,0.0,0.008444163756475404,0.009507046779276785,0.0,-0.06458797327394206
2024-12-30,-0.0047732787526584275,0.008511351893130834,0.009517542577020689,0.007925256944487445,-0.06278026905829592
2024-12-31,-0.007202912294056674,0.008596394524564729,0.009522656756422719,0.009942073074684997,-0.06950672645739908
2025-01-02,0.004807701568102729,0.00837277075510309,0.009553109560921993,-0.026357979170037835,-0.060810810810810856
2025-01-03,-0.004807701568102729,0.007890079825377589,0.00955507043900074,-0.0593785386262746,-0.06531531531531531
2025-01-06,0.0,0.007045165230309374,0.00955507043900074,-0.11326450146019068,-0.05681818181818177
2025-01-07,-0.012121360532345804,0.007456710211053224,0.009606334306550897,0.05677264950363433,-0.0639269406392694
2025-01-08,0.021713760223784462,0.008776323587441081,0.010038641216426485,0.16294306603313283,-0.0323325635103926
2025-01-09,-0.012004946096823232,0.00902972635324474,0.009803501900096233,0.0284644366597381,-0.04387990762124716
2025-01-10,-0.0024183808642810334,0.009030110885137702,0.009719772594540483,4.258415644639685e-05,-0.04618937644341803
2025-01-13,-0.014634407518437698,0.009527512171819297,0.00988192362719633,0.05361892650470316,-0.06004618937644324
2025-01-14,0.0024539889615660115,0.00957034189787949,0.009891341495943928,0.004485294824694225,-0.04895104895104896
2025-01-15,0.0,0.009572935744224584,0.00979307780009826,0.00027099263768041694,-0.04895104895104896
2025-01-16,0.00488998529419149,0.009481201391363063,0.009820138359596548,-0.009628876362483909,-0.044289044289044344
2025-01-17,0.007290433262680196,0.009162418959880037,0.009874104010676833,-0.034200778175129565,-0.037296037296037254
2025-01-20,-0.002424243611507393,0.008996253356827895,0.009869292513063016,-0.0183020052777988,-0.03512880562060894
2025-01-21,-0.004866189651172803,0.008834979427995842,0.009819064484547897,-0.01808939938333368,-0.03981264637002346
2025-01-22,-0.00488998529419149,0.008530856758853195,0.009244925327572154,-0.03502893982903652,-0.04449648711943799
2025-01-23,0.002447981638640684,0.008518748382657452,0.008419158112828102,-0.0014203688504483697,-0.042154566744730726
2025-01-24,0.0,0.007982778942880554,0.008200280508111382,-0.06498275849377434,-0.042154566744730726
2025-02-03,-0.007361996441069607,0.00808742059024538,0.008097676506957132,0.013023235447515089,-0.049180327868852514
2025-02-04,0.021925360628966217,0.009612300168210372,0.008572777720300366,0.1727335087657943,-0.02810304449648715
2025-02-05,-0.009685305734464578,0.009720723975429307,0.007628888084464182,0.011216541290803614,-0.0374707259953162
2025-02-06,-0.0024360547978812264,0.00964784673634496,0.007634277775034473,-0.007525336674470622,-0.03981264637002346
2025-02-07,0.01452810056290943,0.010183913360143867,0.007862530926709724,0.054074544888229714,-0.025761124121779888
2025-02-10,0.0,0.010183913360143867,0.00783649629824298,0.0,-0.025761124121779888
2025-02-11,0.007185659660875032,0.009872746403861304,0.00788167679177112,-0.031031250346209314,-0.0187353629976581
2025-02-12,0.0,0.00859632202759739,0.007876714694231405,-0.13844348150449456,-0.0187353629976581
2025-02-13,0.018913093306487383,0.009089694584777108,0.008237127383008903,0.05580680487690754,0.0
2025-02-14,0.0,0.00905018246822634,0.008237127383008903,-0.004356384043854037,0.0
2025-02-17,0.0,0.008215999147776315,0.008237127383008903,-0.09670143865741383,0.0
2025-02-18,0.007001195458983034,0.008280279977577482,0.008275849520108933,0.007793403194880053,0.0
2025-02-19,0.002322881416139566,0.008257769439552046,0.008278275855312944,-0.002722270823679023,0.0
2025-02-20,0.004629637898741379,0.00825440978486677,0.008291120882641728,-0.00040693001410365825,0.0
2025-02-21,0.009195467093100262,0.00832054304380123,0.008362498383698815,0.007979935841997254,0.0
2025-02-24,-0.0022909517465556917,0.008316170049928212,0.008369768259554138,-0.0005257034477973915,-0.0022883295194507935
2025-02-25,0.0136676387286645,0.0084449546513951,0.008532516199499967,0.015367343720474748,0.0
2025-02-26,-0.006810469002527242,0.008558612157194315,0.008468392223998542,0.013368849745756656,-0.006787330316742057
2025-02-27,-0.009153381986486409,0.009025602729160474,0.008554833545742236,0.053127180088975184,-0.015837104072398245
2025-02-28,-0.0069204428445743815,0.009279059007975498,0.008609331436120578,0.027694825006934282,-0.022624434389140302
2025-03-03,-0.006968669316092857,0.009256922021195263,0.008662613457120943,-0.0023885407936612268,-0.02941176470588236
2025-03-04,0.0023282897595908736,0.008083791331890312,0.008666217804201317,-0.13551045478725435,-0.02714932126696834
2025-03-05,-0.0023282897595908736,0.00769276193665173,0.008647244994948402,-0.04958104529794491,-0.02941176470588236
2025-03-06,0.01847627616757208,0.008424048531122243,0.008880847028919588,0.09081054447626885,-0.011312217194570096
2025-03-07,0.0,0.00801105405296337,0.008758492868841956,-0.05026813011900411,-0.011312217194570096
2025-03-10,-0.006888660995183926,0.008266511242484769,0.008528326021487242,0.0313901798857355,-0.018099547511312264
2025-03-11,-0.006936443996657715,0.008412703489031744,0.008579046088066328,0.01753029953229651,-0.02488687782805432
2025-03-12,-0.00465117117573044,0.008517422808687062,0.008519504250301726,0.012370909657316487,-0.02941176470588236
2025-03-13,0.0,0.007424714778815654,0.008466390046531498,-0.1372993647272012,-0.02941176470588236
2025-03-14,-0.007017572658646998,0.007600085375677586,0.008512116210523286,0.02334517946920628,-0.03619909502262442
2025-03-17,0.004683849312426602,0.007675677187574289,0.008531736061621787,0.009897028660661793,-0.03167420814479638
2025-03-18,0.006984894521950835,0.00767490853330517,0.008567940070361608,-0.00010014644161115574,-0.02488687782805432
2025-03-19,0.0,0.007657312328155891,0.008560190433258032,-0.002295321738517498,-0.02488687782805432
2025-03-20,-0.002322881416139566,0.007593624626814918,0.008522395066610594,-0.008352009876568206,-0.02714932126696834
2025-03-21,-0.0023282897595908736,0.0072613327753784694,0.008311412744549348,-0.04474558022789308,-0.02941176470588236
2025-03-24,0.006968669316092857,0.007461999571293832,0.008308506730233992,0.027259990448647665,-0.022624434389140302
2025-03-25,0.01607382483106079,0.0077168272144115466,0.008507103138475565,0.03357983537002119,-0.006787330316742057
2025-03-26,0.0,0.007565070908812649,0.008346067572927145,-0.019861550506034095,-0.006787330316742057
2025-03-27,-0.006857169726137258,0.007435152653291467,0.008373791733956646,-0.017322585957055853,-0.013574660633484115
2025-03-28,-0.006904515346544571,0.0074343602620285665,0.008302003148030354,-0.00010657917342306714,-0.020361990950226283
2025-03-31,-0.004629637898741379,0.0073347814608537175,0.008328277966004676,-0.01348489670703535,-0.02488687782805432
2025-04-01,0.0,0.007318226381505123,0.008300474950182005,-0.0022596130398002032,-0.02488687782805432
2025-04-02,0.0,0.0072957792271031,0.008238885851082435,-0.0030720039305260323,-0.02488687782805432
2025-04-03,-0.07214666279717896,0.017024181091145556,0.012477261285883844,0.8473379743793991,-0.09276018099547512
2025-04-04,-0.017610518008634557,0.017244152609959353,0.012657702462098923,0.012838348879649375,-0.10859728506787325
2025-04-08,-0.07098906124336324,0.022679040506900755,0.015560384341092585,0.2739679264233808,-0.169683257918552
2025-04-09,-0.008207980417830996,0.02267655068763154,0.015525610551810143,-0.00010979101399553788,-0.17647058823529416
2025-04-10,0.06642547598170623,0.028199737786970113,0.01761477100401981,0.2179812119855058,-0.11990950226244346
2025-04-11,0.025382073271417838,0.028991604732200624,0.01788662430206595,0.027693606830268166,-0.09728506787330315
2025-04-14,-0.01769957709940151,0.029155331253097487,0.018021025743225647,0.005631488383856842,-0.1131221719457014
2025-04-15,0.020202707317519497,0.02960608459083345,0.01813089937689122,0.015342109081095158,-0.09502262443438914
2025-04-16,-0.002503130218117988,0.02950706047253319,0.018129481854748348,-0.0033503268119831732,-0.09728506787330315
2025-04-17,-0.012610507591929832,0.029554992028847118,0.01819806605615131,0.001623091259978381,-0.10859728506787325
2025-04-18,0.010101095986502884,0.029732921893889715,0.01823701746556193,0.006002246577307148,-0.09954751131221717
2025-04-21,-0.015190165493974561,0.02983681057417324,0.01830515702843452,0.0034879710357871773,-0.1131221719457014
2025-04-22,-0.01283714676068115,0.029764379799469984,0.018369393477520386,-0.0024305147464507753,-0.1244343891402715
2025-04-23,0.0025806465934916645,0.029400331382617065,0.01836828364400139,-0.012306419858604707,-0.12217194570135748
2025-04-24,-0.0025806465934916645,0.029377459598481398,0.01836224071873611,-0.0007782455626805017,-0.1244343891402715
2025-04-25,0.0,0.02941065621112853,0.018357438229854653,0.0011293644786787176,-0.1244343891402715
2025-04-28,0.01028286695558478,0.029631904705638087,0.018414098922959532,0.007494575158326736,-0.11538461538461542
2025-04-29,-0.007702220362093115,0.02963729403442931,0.018416221738973598,0.00018185928279961197,-0.12217194570135748
2025-05-05,-0.007762005335488098,0.02961566995915961,0.01819398262143238,-0.0007298898645185666,-0.12895927601809953
2025-05-06,-0.015707129205358328,0.02966636436465626,0.01825779702526005,0.0017102787152662286,-0.14253393665158376
2025-05-07,0.002635047638005261,0.02534544511948899,0.018264425042441662,-0.15741479940231914,-0.14027149321266963
2025-05-08,0.020834086902841165,0.02561071304316407,0.01837466338774137,0.010411703921620212,-0.12217194570135748
2025-05-09,0.0025740039951731575,0.019563329007563433,0.0183804246646179,-0.2693537767118093,-0.11990950226244346
2025-05-12,0.005128216366919958,0.01939092021773692,0.018366583863817936,-0.008851913745587943,-0.11538461538461542
2025-05-13,0.005102051883895342,0.012583612254297822,0.018383813971877685,-0.432409294830856,-0.11085972850678738
2025-05-14,0.0025412974286727064,0.0111640609319817,0.018202830023140854,-0.11969547808084108,-0.10859728506787325
2025-05-15,0.034916265106227584,0.012981544223376901,0.018794914036948638,0.1508287746783031,-0.07692307692307687
2025-05-16,0.01459879942115272,0.012623522970392072,0.018899108307602643,-0.02796667592259108,-0.06334841628959276
2025-05-19,0.0,0.012591816980393423,0.01887350949095535,-0.0025148169029028736,-0.06334841628959276
2025-05-20,0.0,0.012137390199260955,0.018869727571723133,-0.03675634007008335,-0.06334841628959276
2025-05-21,0.014388737452099676,0.012315721069172027,0.018958043003958123,0.014585782861633187,-0.04977375565610864
2025-05-22,0.0023781224049681526,0.011577706986433019,0.01891929040580268,-0.06179509265600431,-0.04751131221719462
2025-05-23,0.007100621549575692,0.010931065358000445,0.01894407949477721,-0.05747261801804623,-0.040723981900452455
2025-05-26,-0.009478743954543845,0.011370098862778646,0.01888699256373203,0.03937819902012439,-0.0432801822323462
2025-05-27,0.018868484304382704,0.011726437747132213,0.01903998438203005,0.030858899665685918,-0.02505694760820043
2025-05-28,-0.002339182353171765,0.011790787893640008,0.019007320957195328,0.005472605771506462,-0.02733485193621865
2025-05-29,-0.004694844304207635,0.01190718109765242,0.018996369091339817,0.009823123809240726,-0.03189066059225509
2025-05-30,-0.00235571369245946,0.011684569607050069,0.01897813399775145,-0.01887252132808711,-0.034168564920273314
2025-06-02,-0.002361276185679273,0.011447829083394975,0.018977221042755635,-0.02046900434957907,-0.036446469248291535
2025-06-03,-0.0071174677688645716,0.010783527541015131,0.01899607237353439,-0.05978031640567118,-0.0432801822323462
2025-06-04,0.0,0.010831681174330022,0.018834729424031235,0.0044555358271119285,-0.0432801822323462
2025-06-05,0.0023781224049681526,0.010178563278308591,0.018838646478584745,-0.06219135344758899,-0.04100227790432798
2025-06-06,0.01180651258698795,0.010315046459909778,0.01888777784160819,0.013319768259656918,-0.029612756264236872
2025-06-09,-0.0047058910374122576,0.010518073448624694,0.01887670635087112,0.019491388941145542,-0.034168564920273314
2025-06-10,-0.004728141195945668,0.010694588603982463,0.018877011547104413,0.016642801622824936,-0.038724373576309756
2025-06-11,-0.004750602758598177,0.010854242250185256,0.018885802780644997,0.014818105022689603,-0.0432801822323462
2025-06-12,0.0071174677688645716,0.007976927015237702,0.018889424486091207,-0.30800241056619004,-0.036446469248291535
2025-06-13,-0.031215019347925477,0.01033826293639119,0.019298860283488796,0.25929832259921,-0.06605922551252852
2025-06-16,0.021713760223784462,0.011470117767489418,0.019491194082449616,0.10389324265335809,-0.04555808656036442
2025-06-17,0.0023837913552764434,0.011475936012491191,0.019494598830326944,0.0005071233695361255,-0.0432801822323462
2025-06-18,-0.0023837913552764434,0.011028573894697082,0.01949470060983619,-0.03976275540126548,-0.04555808656036442
2025-06-19,-0.002389487397381984,0.011023278194347896,0.019494803110821295,-0.0004802948638196725,-0.04783599088838264
2025-06-20,-0.009615458699441248,0.011061676597845502,0.019505646725804772,0.0034773362932285267,-0.056947608200455635
2025-06-23,0.0,0.010889728506975067,0.01938121921134569,-0.015666555311125974,-0.056947608200455635
2025-06-24,0.0024125464053845747,0.009909379716016598,0.019385783013277414,-0.09433816063775366,-0.04816513761467889
2025-06-25,0.0024067400305636255,0.009946047611764687,0.019374720787059773,0.0036934889280116558,-0.03926096997690531
2025-06-26,-0.0024067400305636255,0.009918123042693277,0.019359328103865567,-0.0028115504882171246,-0.037122969837587005
2025-06-27,0.0,0.00991754527108024,0.019352656314445466,-5.825576648120407e-05,-0.037122969837587005
2025-06-30,0.0,0.00991545331951108,0.019352656314445466,-0.00021095644794181715,-0.037122969837587005
2025-07-01,0.004807701568102729,0.009883859120867115,0.019365259950008516,-0.003191443505026931,-0.025700934579439227
2025-07-02,-0.004807701568102729,0.00993302479541599,0.016945727761782676,0.004962003715028205,-0.030373831775700966
2025-07-03,0.009592399691438658,0.010174868374356962,0.01681440899766829,0.02405572763820403,-0.0210280373831776
2025-07-04,-0.007185659660875032,0.009873387699421036,0.013957706153346646,-0.03007773854165704,-0.028037383177570097
2025-07-07,0.0024009615375391036,0.009867990318255145,0.013892099727492436,-0.0005468084170678049,-0.025700934579439227
2025-07-08,0.011919092237210549,0.010217975350851588,0.0111337123518826,0.03485220632820743,-0.014018691588784993
2025-07-09,0.004728141195945668,0.010205850098408754,0.010688714389340137,-0.0011873624776001879,-0.009345794392523366
2025-07-10,0.027908788117075645,0.011845382722080609,0.010953858980176983,0.14897691738552288,0.0
2025-07-11,-0.009216655104923532,0.009419276013532325,0.010771846849770596,-0.22917970118055686,-0.00917431192660545
2025-07-14,0.0,0.008284942308428732,0.010761778608208324,-0.12831839648748566,-0.00917431192660545
2025-07-15,0.0069204428445743815,0.008371268317015335,0.010627684626363985,0.010365704400752808,-0.002293577981651418
2025-07-16,0.002296212260349151,0.00831471994952459,0.010570099480111094,-0.00677796427726131,0.0
2025-07-17,0.009132483563274008,0.008394193484510523,0.010383136191876221,0.009512771669618846,0.0
2025-07-18,0.006795043132827416,0.007930164488094802,0.010218067836704854,-0.05686636733200602,0.0
2025-07-21,-0.0022598879674369243,0.007996758243660047,0.010234528104969571,0.008362451572132251,-0.0022573363431150906
2025-07-22,-0.011376686982108808,0.008643093734828335,0.010365910229301821,0.07772425635725988,-0.013544018058690765
2025-07-23,0.004566217979581566,0.008654260847606336,0.01036755202297867,0.0012911918252385619,-0.009029345372460473
2025-07-24,0.01357486909106953,0.008893341068227395,0.010420161723637947,0.027250987853654596,0.0
2025-07-25,0.004484312447328165,0.008857182029522258,0.010343232502055459,-0.004074138861195121,0.0
2025-07-28,0.00890874488911031,0.008884543118306566,0.010290517439985306,0.003084376451999472,0.0
2025-07-29,-0.017897569457543838,0.010156880017970634,0.01036034813365198,0.13383813055192323,-0.0177383592017738
2025-07-30,0.048467635542222,0.014182900199887036,0.011933181939784012,0.3338854380622613,0.0
2025-07-31,0.006430890330289429,0.014154682957917277,0.011718742009489958,-0.001991505854510543,0.0
2025-08-01,0.02114243657380932,0.014232449025110549,0.011946921346720782,0.005478975966248286,0.0
2025-08-04,-0.014752638475037827,0.015016061793635637,0.01217269598178764,0.05359587754272433,-0.014644351464435101
2025-08-05,-0.002125399312314258,0.015057386196572355,0.01218832406808404,0.0027482316944404347,-0.01673640167364021
2025-08-06,0.0,0.015105305174535968,0.012194295763973307,0.0031773680879374822,-0.01673640167364021
2025-08-07,0.0,0.014151153127821869,0.011453052201507382,-0.06524985964055371,-0.01673640167364021
2025-08-08,0.006362693787830054,0.013824583106677384,0.011352769951317038,-0.023347705286887226,-0.010460251046025104
2025-08-11,0.002111933203142513,0.013796168911370792,0.011349042084935108,-0.0020574519286707914,-0.008368200836820106
2025-08-12,-0.006349227678658309,0.013998280936747274,0.011399917632870474,0.014543582875225686,-0.014644351464435101
2025-08-13,0.004237294475515796,0.013992752359127081,0.011289997903990332,-0.0003950246268795978,-0.010460251046025104
2025-08-14,0.004219415542706884,0.013942283353300576,0.011293598445878586,-0.0036133137700864906,-0.006276150627615107
2025-08-15,-0.004219415542706884,0.014036095817136012,0.011301689528243557,0.006706088853663512,-0.010460251046025104
2025-08-18,-0.0021164029063776013,0.014033153551633733,0.011216553669411655,-0.0002096431848224919,-0.012552301255230103
2025-08-19,0.0021164029063776013,0.013609202851194782,0.010994463094814567,-0.030676374559932825,-0.010460251046025104
2025-08-20,-0.00849262004565432,0.013888885853647323,0.011060957756076467,0.02034268249986085,-0.01882845188284521
2025-08-21,0.0,0.013690883194070417,0.01103250308254124,-0.014358779985489404,-0.01882845188284521
2025-08-22,-0.02155255838573389,0.014705245920346013,0.0114218873141791,0.07147409403918967,-0.03974895397489542
2025-08-25,0.002176279422595684,0.014599171632335095,0.011412104548339986,-0.007239500918765416,-0.03765690376569042
2025-08-26,0.010810916104215806,0.014045413120578776,0.01142008320043111,-0.03866888839636743,-0.027196652719665315
2025-08-27,-0.002152853361101492,0.008947054479255376,0.011428882054902473,-0.4509710988258774,-0.029288702928870314
2025-08-28,-0.004319661144517539,0.008856029350452682,0.011454435152135956,-0.010225848578407006,-0.03347280334728031
2025-08-29,0.0,0.00723122674291358,0.011376378647195545,-0.20268956010962733,-0.03347280334728031
2025-09-03,0.02141409450381815,0.008246773921699419,0.011637396868510657,0.1314132180180131,-0.012552301255230103
2025-09-04,0.0,0.0082301830883898,0.011608501442344736,-0.0020138207277262446,-0.012552301255230103
2025-09-05,0.020965128465043392,0.009446914665632083,0.011832621489993225,0.13787978038934817,0.0
2025-09-08,-0.01884872555866579,0.010464654248172792,0.012124494974210654,0.10231501574156981,-0.018672199170124526
2025-09-09,-0.006362693787830054,0.010464654248172792,0.011376796990876278,0.0,-0.024896265560165998
2025-09-10,-0.002129926257824266,0.010455792834805439,0.011099382889274251,-0.0008471525862370427,-0.026970954356846488
2025-09-11,0.0,0.010365817351332417,0.011101810970094368,-0.008642555142759066,-0.026970954356846488
2025-09-12,0.002129926257824266,0.010328846512832888,0.011087994806069758,-0.0035729830978467876,-0.024896265560165998
2025-09-15,0.008474626990972567,0.010470093474832652,0.011105213989905131,0.013582326569089477,-0.016597510373444035
2025-09-16,0.027056801387512763,0.012041119558181025,0.011453466414823676,0.1398043447881231,0.0
2025-09-17,-0.010320009031989485,0.012306117418703036,0.011571680977139322,0.02176904985322391,-0.010266940451745366
2025-09-18,-0.014629310015958907,0.012789786632551809,0.011781966936587923,0.03855041250216069,-0.024640657084188944
2025-09-19,0.0062959284568151475,0.012687194867329544,0.011793533216630873,-0.008053720117041167,-0.01848049281314168
2025-09-22,-0.0062959284568151475,0.012789710946860766,0.011830556947728547,0.008047802437725382,-0.024640657084188944
2025-09-23,0.0,0.011681792660374906,0.011830556947728547,-0.09060949442870146,-0.024640657084188944
2025-09-24,0.00838579337627543,0.01177687766512523,0.011853030704822099,0.008106635465132149,-0.01642710472279263
2025-09-25,-0.00838579337627543,0.011805259784871121,0.011929557999103897,0.0024070854000568867,-0.024640657084188944
2025-09-26,0.010471299867296224,0.011960687756205244,0.011941144363923165,0.01308006392321242,-0.014373716632443578
2025-09-29,0.0,0.011885121642874306,0.011907726203658105,-0.006337910501501915,-0.014373716632443578
2025-09-30,-0.014690715410003108,0.012449988738451795,0.012047286077648663,0.04643234444247774,-0.028747433264887046
2025-10-01,0.002111933203142513,0.011511388559312271,0.012047237815827607,-0.07838279803532788,-0.026694045174537995
2025-10-02,-0.010604553248796833,0.011763115744551973,0.012088058790945391,0.021631978211902072,-0.03696098562628336
2025-10-03,-0.002134472528632969,0.010644143248295686,0.01209196420517829,-0.09995895112364576,-0.03901437371663241
2025-10-06,0.004264398786457235,0.009886156097389373,0.011596686278743001,-0.07387433461738434,-0.03490759753593431
2025-10-07,-0.002129926257824266,0.009794831191156537,0.011524123160923874,-0.009280578008110794,-0.03696098562628336
2025-10-08,-0.006417134320633622,0.009887915321973445,0.011566748672159684,0.00945851028842691,-0.043121149897330624
2025-10-09,0.02960046977629105,0.011940686655638938,0.01211249416197108,0.18863810433339465,-0.014373716632443578
2025-10-10,-0.02105340919783316,0.01292611140184459,0.012461155252614686,0.07929772623176465,-0.03490759753593431
2025-10-13,-0.004264398786457235,0.012799782931899055,0.012437550571115466,-0.009821185263224879,-0.03901437371663241
2025-10-14,-0.006430890330289429,0.011058240405513635,0.012450807615869898,-0.1462522012019047,-0.045174537987679675
2025-10-15,0.0,0.010904579518238616,0.012444787042568956,-0.01399303506269637,-0.045174537987679675
2025-10-16,0.0021482285382887767,0.010503267005016585,0.012341715390979406,-0.03749645314712609,-0.043121149897330624
2025-10-17,-0.010787591128996965,0.010576825357146097,0.012426894810338316,0.006978961916905195,-0.05338809034907599
2025-10-20,-0.01310062404569834,0.01083499755028666,0.012439824361949788,0.024116065725900318,-0.0657084188911704
2025-10-21,0.002195390563436206,0.01086900231524448,0.012430500698217552,0.003133501811408358,-0.06365503080082136
2025-10-22,0.0021905813798177576,0.01064211348191666,0.012382100418279213,-0.021095794272728386,-0.061601642710472304
2025-10-23,0.015201161332051072,0.011228893261330817,0.012298257167040477,0.05367106310991235,-0.047227926078028726
2025-10-24,0.008583743691390922,0.011133412569462047,0.010643061958895953,-0.008539475975437963,-0.03901437371663241
2025-10-27,-0.002139038248749614,0.011130885829949635,0.01061422410874773,-0.00022697658899156612,-0.04106776180698157
2025-10-28,0.0,0.010681424762086285,0.010243711011312344,-0.041217484386156585,-0.04106776180698157
2025-10-29,0.008528836347521107,0.010863211025257205,0.010130686554344168,0.01687570032922423,-0.03285420944558526
2025-10-30,0.04362062247589016,0.014363495747946308,0.01158504359306252,0.27930780083219964,0.0
2025-10-31,0.06682249624540226,0.0202779229457044,0.014384260854932926,0.34484258108413773,0.0
2025-11-03,0.00757579380845641,0.020277885692363874,0.014400753416292938,-1.8371386691909877e-06,0.0
2025-11-04,-0.02871010588243017,0.021662986077803884,0.01492311639350111,0.06607414444675207,-0.028301886792452824
2025-11-05,0.0077369825021520455,0.02151211032094594,0.014945203303846594,-0.00698904292985971,-0.02075471698113207
2025-11-06,-0.023392879574705816,0.021635869643141084,0.015255888766549779,0.005736519036046899,-0.04339622641509433
2025-11-07,-0.011904902506318038,0.02119873015571827,0.015343991391594243,-0.020411277893176153,-0.05471698113207546
2025-11-10,-0.016096927042173803,0.02157952362725778,0.015494242513019646,0.017803594960228025,-0.06981132075471697
2025-11-11,0.004048588525998653,0.021475627037188996,0.015487238600507807,-0.004826216695081575,-0.06603773584905659
2025-11-12,0.049271049006783585,0.023798561075045736,0.016699077292085075,0.10270640845118063,-0.018867924528301883
2025-11-13,-0.0019249284095845809,0.023846939561961968,0.016705166401350596,0.0020307681769692193,-0.02075471698113207
2025-11-14,0.0019249284095845809,0.023560861600467786,0.016653109133291176,-0.012068955162801934,-0.018867924528301883
2025-11-17,0.06693948267510841,0.02672687164146765,0.018657537860580997,0.12608250894559386,0.0
2025-11-18,0.0661110251120629,0.029426494373693168,0.02009256062962946,0.09622591556730874,0.0
2025-11-19,0.0667456795300474,0.03161239113849997,0.02164614589304941,0.07165370716130348,0.0
2025-11-20,0.06699612866600368,0.0335661485417449,0.023054825485085608,0.059968888458885615,0.0
2025-11-21,0.06692888726610136,0.03510976376525859,0.024315546636648713,0.04496117340247686,0.0
2025-11-24,0.02583420355476207,0.03465367474079335,0.024379462587783538,-0.013075484853465895,0.0
2025-11-25,-0.07235421918965557,0.040503009875601445,0.02647910033869695,0.15597247445467033,-0.06979865771812077
2025-11-26,0.01432689262076181,0.040439279100719636,0.026428371023018638,-0.001574721276363315,-0.05637583892617448
2025-11-27,0.04451360740217147,0.040467185743679884,0.026860088805250766,0.0006898493766137487,-0.01342281879194629
2025-11-28,-0.04167269640056759,0.041136476627387494,0.027532048699869256,0.01640381591159419,-0.05369127516778527
2025-12-01,0.0014174346809721072,0.04121514854093491,0.027341475893030966,0.0019106342640616174,-0.05234899328859055
2025-12-02,0.0,0.04012242366210195,0.027302361343602772,-0.026870493610401863,-0.05234899328859055
2025-12-03,0.06710251175578286,0.04166303793255122,0.028361784925073002,0.03767897441592964,0.0
2025-12-04,0.06660591902092428,0.041732997513365386,0.029332806853575696,0.0016777675359077977,0.0
2025-12-05,0.06709102281347867,0.04196919215988391,0.03025752316571433,0.005643704613481049,0.0
2025-12-08,0.0672145434194249,0.04157931110263604,0.03114051651795573,-0.009333112594521858,0.0
2025-12-09,-0.07186031251859681,0.04727731622993978,0.0328531098726978,0.1284278648798626,-0.06933911159263273
2025-12-10,-0.07240797621798123,0.05193610503405075,0.03442677171204708,0.09398358657056241,-0.13434452871072589
2025-12-11,-0.07131991093318213,0.05575916246480931,0.035819931656928254,0.071027519074589,-0.1939328277356447
2025-12-12,-0.07245507921542149,0.059258894097486206,0.03727716662131453,0.060874123527007926,-0.2502708559046587
2025-12-15,-0.07188722951331705,0.060875638186688126,0.03858755805040907,0.026917180326008913,-0.30227518959913324
2025-12-16,-0.05423976893699667,0.06070914775169734,0.03933649323899191,-0.0027386734348414403,-0.3391115926327194
2025-12-17,0.06658560475929676,0.06070007934226612,0.04015136864338841,-0.00014938581146232546,-0.2936078006500542
2025-12-18,0.0667408488338701,0.060685567449893736,0.0408871126302994,-0.00023910388804583186,-0.24485373781148434
2025-12-19,-0.06981304787084142,0.060606264731910275,0.042048521800433884,-0.0013076348964418325,-0.295774647887324
2025-12-22,-0.02966650034846907,0.060364782422511545,0.04228271708499613,-0.003992403073454732,-0.31635969664138675
2025-12-23,-0.009554212804811613,0.05846103617831702,0.042248268774402936,-0.03204537292309039,-0.3228602383531961
2025-12-24,0.00796816964917646,0.05836667246405234,0.042249083959005715,-0.0016154338680112056,-0.31744312026002164
2025-12-25,-0.0015885626851375179,0.05718669412916175,0.04220959152940723,-0.02042379520954155,-0.31852654387865653
2025-12-26,-0.0455363221652334,0.05731357262733592,0.04270108733294984,0.002216213665480026,-0.3488624052004333
2025-12-29,0.06287324181850984,0.05945148993403661,0.04336845369423804,0.036623213258487344,-0.3066088840736728
2025-12-30,-0.010997754209540744,0.0594545721292851,0.04340876026247348,5.18425163068621e-05,-0.31419284940411696
2025-12-31,-0.028848154337657306,0.057116670729710724,0.04360488414958096,-0.04011648964345915,-0.3336944745395449
2026-01-05,-0.05343508145602627,0.05487806969854387,0.04411346654638885,-0.03998221397891032,-0.3683640303358613
2026-01-06,0.013628831055605417,0.05182146814072658,0.04401686639611316,-0.05730929264060687,-0.35969664138678226
2026-01-07,0.0,0.04797774064823047,0.04400703632283867,-0.07706732396544262,-0.35969664138678226
2026-01-08,0.013445580709351646,0.047123288566195236,0.044002845424841945,-0.017969834863375726,-0.3510292524377031
2026-01-09,-0.04612260673565238,0.045876793124932785,0.04447812752435426,-0.026807929642309537,-0.3802816901408451
2026-01-12,-0.003502630551201591,0.04409994912845533,0.04448691623508853,-0.03950075511797807,-0.3824485373781148
2026-01-13,0.06618190688130099,0.04519778432899349,0.04517651622756382,0.024589431956430666,-0.3401950162513543
2026-01-14,-0.014888612493750841,0.04257109688236636,0.045189005033130766,-0.05987250664934576,-0.3499458288190682
2026-01-15,-0.0016680571006961742,0.04086457303777728,0.04519525687960143,-0.04091203345791553,-0.3510292524377031
2026-01-16,-0.0033444847228469854,0.037650841126484695,0.045205794247301465,-0.0819081872376256,-0.3531960996749729
2026-01-19,-0.01179457649283755,0.03373144614978703,0.045231350520833845,-0.10992474136824171,-0.36078006500541715
2026-01-20,0.005071862097960178,0.030554461129403774,0.0452275957481694,-0.09891978951314281,-0.35752979414951247
2026-01-21,0.0016849203649194067,0.029999347268117593,0.045221570339218205,-0.01833507235356448,-0.3564463705308776
2026-01-22,0.034742948443874155,0.031106443642804783,0.04539148150349103,0.036239353251230164,-0.3336944745395449
2026-01-23,-0.018048069871703376,0.03126376931360434,0.045481959505383904,0.005044906745341556,-0.34561213434452875
2026-01-26,-0.025148014283228548,0.03168421165213773,0.045336572556779905,0.013358600256381924,-0.36186348862405204
2026-01-27,-0.031036973995576034,0.030820695139702755,0.04475816545884238,-0.027632108369768392,-0.3813651137594799
2026-01-28,0.031036973995576034,0.027951971620933398,0.044915521536032316,-0.09769861305068707,-0.36186348862405204
2026-01-29,0.015164570299045721,0.028225584719186705,0.04476796803870502,0.00974108459787982,-0.352112676056338
2026-01-30,-0.07102551402334889,0.03163987054146145,0.04575538445615966,0.1141891868710626,-0.3965330444203684
2026-02-02,-0.04404381576143912,0.030944529164933933,0.04602024631365154,-0.022221824326277912,-0.4225352112676056
2026-02-03,-0.011320875624482696,0.030677690478472075,0.04601756802161445,-0.008660521131610309,-0.429035752979415
2026-02-04,-0.0038022859497388595,0.03065207780335744,0.04596820377873749,-0.0008352442531175322,-0.4312026002166848
2026-02-05,-0.0095694510161497,0.03031693545223025,0.045986753761575266,-0.010993965587769022,-0.43661971830985913
2026-02-06,-0.007722046093910251,0.028896302576818522,0.04555562259796864,-0.04799281755909301,-0.4409534127843987
2026-02-09,-0.007782140442055052,0.028899293913670437,0.04556581144575813,0.00010351431600628132,-0.4452871072589383
2026-02-10,-0.0039138993211356166,0.02351439316119507,0.04556737409848427,-0.2062043749164368,-0.44745395449620806
2026-02-11,0.02898753687325062,0.024927636003774036,0.044876017778975895,0.0583643349606041,-0.4312026002166848
2026-02-12,0.02259983191724224,0.02576097585801328,0.04411903859154673,0.03288370254913425,-0.41820151679306605
2026-02-13,-0.011236073266926994,0.025787240123508134,0.04320831794281541,0.0010190171309448993,-0.4247020585048754
2026-02-23,-0.005665737535677451,0.025749365034247677,0.042220762005392,-0.0014698322198365677,-0.4279523293607801
2026-02-24,0.0408219945202557,0.027693144099439588,0.0416054281210566,0.07277488192295485,-0.40411700975081255
2026-02-25,-0.022059718064731726,0.027954997441259677,0.0414703187378627,0.009411102442135054,-0.41711809317443116
2026-02-26,0.0037105793965359624,0.026456932649356158,0.0405418857332617,-0.05507773478647143,-0.4149512459371615
2026-02-27,-0.0037105793965359624,0.026321531469901266,0.04046930692182366,-0.005130934651399462,-0.41711809317443116
2026-03-02,-0.003724399090982544,0.025925035706051335,0.03995582984326948,-0.0151781541030813,-0.41928494041170095
2026-03-03,-0.028384119317435008,0.02578970515421888,0.039787058131561234,-0.005233742107524944,-0.43553629469122424
2026-03-04,-0.011583141089630544,0.024415863534814952,0.03978669105264554,-0.05474229953146488,-0.4420368364030336
